id,name,type,ra_hours,dec_deg,mag,size_arcmin
M1,Crab Nebula,Supernova Remnant,5.57555,22.0145,8.4,8.0
M2,M2,Globular Cluster,21.55750,-0.8233,6.2,8.4
M3,M3,Globular Cluster,13.70312,28.3754,6.4,16.2
M4,M4,Globular Cluster,16.39317,-26.5255,5.4,28.2
M5,M5,Globular Cluster,15.30938,2.0827,6.0,15.0
M6,Butterfly Cluster,Open Cluster,17.67243,-32.2542,4.2,15.6
M7,Ptolemy's Cluster,Open Cluster,17.89755,-34.7928,3.3,22.2
M8,Lagoon Nebula,Nebula,18.06146,-24.3802,5.8,45.0
M9,M9,Globular Cluster,17.31994,-18.5162,8.4,6.9
M10,M10,Globular Cluster,16.95250,-4.0993,5.0,9.3
M11,Amas de l'Ecu de Sobieski,Open Cluster,18.85166,-6.2700,5.8,9.0
M12,M12,Globular Cluster,16.78737,-1.9478,6.1,11.1
M13,Hercules Globular Cluster,Globular Cluster,16.69490,36.4613,5.8,16.5
M14,M14,Globular Cluster,17.62671,-3.2459,5.7,9.9
M15,M15,Globular Cluster,21.49955,12.1668,6.3,11.1
M16,Eagle Nebula,Nebula,18.31338,-13.8072,6.0,120.0
M17,Checkmark Nebula,Nebula,18.34642,-16.1715,7.0,12.6
M18,M18,Open Cluster,18.33291,-17.1020,6.9,6.0
M19,M19,Globular Cluster,17.04380,-26.2679,5.6,7.5
M20,Trifid Nebula,Nebula,18.04503,-22.9719,8.5,28.0
M21,M21,Open Cluster,18.07040,-22.4901,5.9,6.0
M22,M22,Globular Cluster,18.60672,-23.9034,6.2,12.6
M23,M23,Open Cluster,17.95133,-18.9853,5.5,16.8
M24,Small Sgr Star Cloud,Star Association,18.28226,-18.5146,4.5,120.0
M25,M25,Open Cluster,18.52966,-19.1149,4.6,14.1
M26,M26,Open Cluster,18.75518,-9.3836,8.9,6.0
M27,Dumbbell Nebula,Planetary Nebula,19.99344,22.7210,7.4,6.7
M28,M28,Globular Cluster,18.40914,-24.8698,6.9,5.1
M29,M29,Open Cluster,20.39938,38.5077,6.6,3.6
M30,M30,Globular Cluster,21.67278,-23.1791,7.1,9.0
M31,Andromeda Galaxy,Galaxy,0.71232,41.2691,3.4,177.8
M32,M32,Galaxy,0.71162,40.8653,8.1,7.7
M33,Triangulum Galaxy,Galaxy,1.56414,30.6602,5.8,62.1
M34,M34,Open Cluster,2.70206,42.7461,5.2,22.5
M35,M35,Open Cluster,6.15141,24.3386,5.1,24.0
M36,M36,Open Cluster,5.60493,34.1407,6.0,7.2
M37,M37,Open Cluster,5.87176,32.5530,5.6,11.4
M38,M38,Open Cluster,5.47847,35.8549,6.4,9.6
M39,M39,Open Cluster,21.53009,48.4382,4.6,19.5
M40,Winnecke 4,Double Star,12.37250,58.0828,9.6,0.8
M41,M41,Open Cluster,6.76665,-20.7542,4.5,12.0
M42,Great Orion Nebula,Cluster + Nebula,5.58791,-5.3897,4.0,90.0
M43,Mairan's Nebula,HII Region,5.59205,-5.2675,9.0,20.0
M44,Beehive,Open Cluster,8.67283,19.6721,3.1,108.6
M45,Pleiades,Open Cluster,3.78333,24.1167,1.6,110.0
M46,M46,Open Cluster,7.69634,-14.8100,6.1,21.0
M47,M47,Open Cluster,7.60973,-14.4826,4.4,19.8
M48,M48,Open Cluster,8.22866,-5.7504,5.8,28.2
M49,M49,Galaxy,12.49632,8.0005,8.3,10.2
M50,M50,Open Cluster,7.04458,-8.3640,5.9,14.1
M51,Whirlpool Galaxy,Galaxy,13.49797,47.1952,8.4,13.7
M52,M52,Open Cluster,23.41344,61.5932,6.9,9.9
M53,M53,Globular Cluster,13.21534,18.1691,7.8,9.0
M54,M54,Globular Cluster,18.91758,-30.4785,7.7,5.1
M55,M55,Globular Cluster,19.66650,-30.9621,6.5,12.0
M56,M56,Globular Cluster,19.27653,30.1845,8.4,5.8
M57,Ring Nebula,Planetary Nebula,18.89306,33.0286,8.8,1.3
M58,M58,Galaxy,12.62876,11.8182,10.3,5.0
M59,M59,Galaxy,12.70062,11.6470,9.6,4.5
M60,M60,Galaxy,12.72777,11.5527,8.8,6.8
M61,M61,Galaxy,12.36525,4.4736,10.2,6.9
M62,M62,Globular Cluster,17.02017,-30.1124,7.4,7.8
M63,Sunflower Galaxy,Galaxy,13.26370,42.0293,8.6,11.8
M64,Black Eye Galaxy,Galaxy,12.94546,21.6830,8.5,10.5
M65,M65,Galaxy,11.31553,13.0924,9.3,7.6
M66,M66,Galaxy,11.33749,12.9915,8.9,10.3
M67,M67,Open Cluster,8.85559,11.8119,6.9,33.0
M68,M68,Globular Cluster,12.65778,-26.7430,8.0,6.6
M69,M69,Globular Cluster,18.52312,-32.3480,8.3,5.7
M70,M70,Globular Cluster,18.72018,-32.2919,9.1,6.6
M71,M71,Globular Cluster,19.89614,18.7784,6.1,6.9
M72,M72,Globular Cluster,20.89109,-12.5371,9.0,4.5
M73,M73,Other,20.98221,-12.6355,8.9,
M74,M74,Galaxy,1.61160,15.7837,9.3,9.9
M75,M75,Globular Cluster,20.10134,-21.9222,8.3,3.6
M76,Barbell Nebula,Planetary Nebula,1.70547,51.5755,10.1,1.1
M77,M77,Galaxy,2.71131,-0.0133,9.3,6.1
M78,M78,Reflection Nebula,5.77939,0.0793,8.0,4.5
M79,M79,Globular Cluster,5.40294,-24.5242,8.2,7.2
M80,M80,Globular Cluster,16.28403,-22.9751,7.3,5.7
M81,Bode's Galaxy,Galaxy,9.92588,69.0653,6.9,21.6
M82,Cigar Galaxy,Galaxy,9.93131,69.6794,8.3,11.0
M83,Southern Pinwheel Galaxy,Galaxy,13.61693,-29.8654,7.2,13.6
M84,M84,Galaxy,12.41771,12.8870,9.8,7.4
M85,M85,Galaxy,12.42336,18.1915,9.1,7.0
M86,M86,Galaxy,12.43659,12.9462,8.9,11.5
M87,Virgo Galaxy,Galaxy,12.51373,12.3911,9.0,7.1
M88,M88,Galaxy,12.53310,14.4204,10.3,8.7
M89,M89,Galaxy,12.59439,12.5563,10.1,8.1
M90,M90,Galaxy,12.61383,13.1629,9.5,9.1
M91,M91,Galaxy,12.59068,14.4963,11.0,5.5
M92,M92,Globular Cluster,17.28535,43.1365,6.5,14.4
M93,M93,Open Cluster,7.74145,-23.8531,6.2,15.0
M94,M94,Galaxy,12.84807,41.1204,8.2,7.7
M95,M95,Galaxy,10.73269,11.7038,9.8,7.2
M96,M96,Galaxy,10.77937,11.8199,9.2,8.3
M97,Owl Nebula,Planetary Nebula,11.24659,55.0190,9.9,3.6
M98,M98,Galaxy,12.23008,14.9003,10.8,11.0
M99,Coma Pinwheel,Galaxy,12.31378,14.4165,9.8,5.0
M100,M100,Galaxy,12.38190,15.8218,9.5,6.1
M101,M101,Galaxy,14.05348,54.3489,7.9,24.0
M102,Spindle Galaxy,Galaxy,15.10822,55.7633,9.9,6.5
M103,M103,Open Cluster,1.55606,60.6580,7.4,4.5
M104,Sombrero Galaxy,Galaxy,12.66651,-11.6231,8.6,8.4
M105,M105,Galaxy,10.79711,12.5816,9.3,4.9
M106,M106,Galaxy,12.31597,47.3040,9.3,17.0
M107,M107,Globular Cluster,16.54220,-13.0536,8.8,7.8
M108,M108,Galaxy,11.19194,55.6741,10.1,4.0
M109,M109,Galaxy,11.95999,53.3745,9.9,8.1
M110,M110,Galaxy,0.67280,41.6853,8.2,16.2
NGC1,NGC1,Galaxy,0.12107,27.7081,12.9,1.6
NGC2,NGC2,Galaxy,0.12142,27.6784,14.2,0.9
NGC3,NGC3,Galaxy,0.12133,8.3016,13.4,1.0
NGC4,NGC4,Galaxy,0.12345,8.3738,16.4,0.5
NGC5,NGC5,Galaxy,0.13024,35.3623,14.6,1.0
NGC6,NGC6,Galaxy,0.15908,33.3087,14.4,1.7
NGC7,NGC7,Galaxy,0.13916,-29.9150,13.8,2.5
NGC8,NGC8,Double Star,0.14592,23.8389,15.3,
NGC9,NGC9,Galaxy,0.14853,23.8170,14.6,0.7
NGC10,NGC10,Galaxy,0.14293,-33.8583,12.5,2.4
NGC11,NGC11,Galaxy,0.14514,37.4479,14.4,1.4
NGC12,NGC12,Galaxy,0.14576,4.6125,13.2,1.5
NGC13,NGC13,Galaxy,0.14659,33.4333,14.1,2.3
NGC14,NGC14,Galaxy,0.14622,15.8156,12.4,1.5
NGC15,NGC15,Galaxy,0.15069,21.6245,15.1,1.1
NGC16,NGC16,Galaxy,0.15119,27.7294,12.0,1.7
NGC17,NGC17,Galaxy,0.18515,-12.1073,13.5,1.1
NGC18,NGC18,Double Star,0.15642,27.7321,14.0,
NGC19,NGC19,Galaxy,0.17802,32.9831,13.8,1.2
NGC21,NGC21,Galaxy,0.17969,33.3528,13.4,1.4
NGC22,NGC22,Galaxy,0.16339,27.8323,14.8,1.2
NGC23,NGC23,Galaxy,0.16484,25.9238,12.0,1.6
NGC24,NGC24,Galaxy,0.16571,-24.9631,11.5,6.2
NGC25,NGC25,Galaxy,0.16647,-57.0208,15.5,1.4
NGC26,NGC26,Galaxy,0.17385,25.8318,13.8,1.1
NGC27,NGC27,Galaxy,0.17577,28.9962,14.4,1.2
NGC28,NGC28,Galaxy,0.17368,-56.9891,15.8,0.9
NGC30,NGC30,Double Star,0.18077,21.9770,,
NGC31,NGC31,Galaxy,0.17733,-56.9865,14.6,1.2
NGC32,NGC32,Star,0.18155,18.7960,,
NGC33,NGC33,Double Star,0.18240,3.6759,,
NGC35,NGC35,Galaxy,0.18624,-12.0209,14.9,0.8
NGC36,NGC36,Galaxy,0.18953,6.3894,14.4,2.1
NGC37,NGC37,Galaxy,0.18970,-56.9573,14.9,1.1
NGC38,NGC38,Galaxy,0.19639,-5.5863,14.3,1.1
NGC39,NGC39,Galaxy,0.20524,31.0611,14.3,1.1
NGC40,Bow-Tie nebula,Planetary Nebula,0.21695,72.5219,11.9,0.8
NGC41,NGC41,Galaxy,0.21333,22.0234,14.5,0.9
NGC42,NGC42,Galaxy,0.21565,22.1003,15.1,0.9
NGC43,NGC43,Galaxy,0.21688,30.9153,13.9,1.4
NGC44,NGC44,Double Star,0.22039,31.2863,,
NGC45,NGC45,Galaxy,0.23444,-23.1821,10.4,6.2
NGC46,NGC46,Star,0.23607,5.9877,11.7,
NGC47,NGC47,Galaxy,0.24184,-7.1674,13.5,1.4
NGC48,NGC48,Galaxy,0.23394,48.2349,14.9,1.3
NGC49,NGC49,Galaxy,0.23956,48.2466,15.2,0.9
NGC50,NGC50,Galaxy,0.24571,-7.3451,12.8,2.0
NGC51,NGC51,Galaxy,0.24303,48.2557,14.4,1.4
NGC52,NGC52,Galaxy,0.24447,18.5820,14.3,2.3
NGC53,NGC53,Galaxy,0.24524,-60.3288,12.6,1.5
NGC54,NGC54,Galaxy,0.25213,-7.1067,14.3,1.4
NGC55,NGC55,Galaxy,0.24822,-39.1966,8.5,29.9
NGC56,NGC56,Other,0.25574,12.4445,,
NGC57,NGC57,Galaxy,0.25857,17.3285,11.7,2.1
NGC59,NGC59,Galaxy,0.25698,-21.4444,12.4,2.4
NGC60,NGC60,Galaxy,0.26618,-0.3035,14.9,1.0
NGC61,NGC61,Galaxy Pair,0.27339,-6.3194,,1.5
NGC61A,NGC61A,Galaxy,0.27343,-6.3219,14.1,1.5
NGC61B,NGC61B,Galaxy,0.27335,-6.3189,14.0,1.3
NGC62,NGC62,Galaxy,0.28484,-13.4871,14.3,1.0
NGC63,NGC63,Galaxy,0.29598,11.4503,12.5,1.7
NGC64,NGC64,Galaxy,0.29177,-6.8246,14.1,1.4
NGC65,NGC65,Galaxy,0.31631,-22.8804,14.7,1.0
NGC66,NGC66,Galaxy,0.31804,-22.9364,14.1,1.2
NGC67,NGC67,Galaxy,0.30339,30.0555,16.5,0.5
NGC68,NGC68,Galaxy,0.30514,30.0718,14.4,1.3
NGC69,NGC69,Galaxy,0.30570,30.0400,14.7,0.6
NGC70,NGC70,Galaxy,0.30626,30.0796,14.5,1.7
NGC71,NGC71,Galaxy,0.30655,30.0633,14.1,1.9
NGC72,NGC72,Galaxy,0.30788,30.0407,13.6,1.2
NGC72A,NGC72A,Galaxy,0.30953,30.0364,14.6,0.4
NGC73,NGC73,Galaxy,0.31084,-15.3223,14.4,1.7
NGC74,NGC74,Galaxy,0.31371,30.0620,15.6,0.8
NGC75,NGC75,Galaxy,0.32398,6.4494,14.6,1.8
NGC76,NGC76,Galaxy,0.32716,29.9339,14.1,1.3
NGC77,NGC77,Galaxy,0.33379,-22.5321,15.9,0.5
NGC78,NGC78,Galaxy Pair,0.34072,0.8297,,1.9
NGC78A,NGC78A,Galaxy,0.34050,0.8263,13.7,1.2
NGC78B,NGC78B,Galaxy,0.34097,0.8336,13.5,1.0
NGC79,NGC79,Galaxy,0.35079,22.5666,15.2,0.8
NGC80,NGC80,Galaxy,0.35301,22.3572,12.3,1.8
NGC81,NGC81,Galaxy,0.35369,22.3829,16.4,0.4
NGC82,NGC82,Star,0.35487,22.4604,,
NGC83,NGC83,Galaxy,0.35622,22.4336,12.6,1.2
NGC84,NGC84,Star,0.35590,22.6197,,
NGC85,NGC85,Galaxy,0.35709,22.5118,15.8,0.7
NGC85B,NGC85B,Galaxy,0.35806,22.5058,15.5,1.1
NGC86,NGC86,Galaxy,0.35794,22.5564,14.8,0.8
NGC87,NGC87,Galaxy,0.35396,-48.6282,14.3,0.9
NGC88,NGC88,Galaxy,0.35614,-48.6402,14.4,0.8
NGC89,NGC89,Galaxy,0.35677,-48.6653,13.5,1.2
NGC90,NGC90,Galaxy,0.36428,22.4000,13.8,1.0
NGC91,NGC91,Star,0.36437,22.3684,15.2,
NGC92,NGC92,Galaxy,0.35881,-48.6247,13.2,1.6
NGC93,NGC93,Galaxy,0.36756,22.4081,13.3,1.3
NGC94,NGC94,Galaxy,0.37042,22.4831,15.4,0.5
NGC95,NGC95,Galaxy,0.37043,10.4916,12.6,1.5
NGC96,NGC96,Galaxy,0.37159,22.5463,15.5,0.7
NGC97,NGC97,Galaxy,0.37500,29.7454,13.4,1.3
NGC98,NGC98,Galaxy,0.38043,-45.2690,12.7,1.6
NGC99,NGC99,Galaxy,0.39983,15.7704,13.8,1.1
NGC100,NGC100,Galaxy,0.40079,16.4864,13.2,3.5
NGC101,NGC101,Galaxy,0.39850,-32.5362,12.8,1.9
NGC102,NGC102,Galaxy,0.41015,-13.9564,14.4,0.9
NGC103,NGC103,Open Cluster,0.42122,61.3235,9.8,2.7
NGC104,47 Tuc Cluster,Globular Cluster,0.40149,-72.0814,4.1,31.8
NGC105,NGC105,Galaxy,0.42133,12.8839,13.2,0.8
NGC106,NGC106,Galaxy,0.41215,-5.1488,14.5,0.9
NGC107,NGC107,Galaxy,0.42839,-8.2828,15.0,0.8
NGC108,NGC108,Galaxy,0.43326,29.2121,13.3,1.7
NGC109,NGC109,Galaxy,0.43740,21.8073,13.7,1.1
NGC110,NGC110,Open Cluster,0.45695,71.3915,,3.9
NGC111,NGC111,Other,0.44400,-2.6250,,
NGC112,NGC112,Galaxy,0.44687,31.7033,14.4,1.0
NGC113,NGC113,Galaxy,0.44851,-2.5009,14.0,1.2
NGC114,NGC114,Galaxy,0.44951,-1.7862,14.7,1.0
NGC115,NGC115,Galaxy,0.44619,-33.6771,13.7,2.1
NGC116,NGC116,Galaxy,0.45145,-7.6683,14.7,1.1
NGC117,NGC117,Galaxy,0.45308,1.3337,15.4,1.0
NGC118,NGC118,Galaxy,0.45451,-1.7801,14.8,0.8
NGC119,NGC119,Galaxy,0.44934,-56.9781,15.7,1.2
NGC120,NGC120,Galaxy,0.45836,-1.5135,14.6,1.5
NGC121,NGC121,Globular Cluster,0.44674,-71.5357,11.2,3.8
NGC122,NGC122,Star,0.46065,-1.6405,,
NGC123,NGC123,Star,0.46111,-1.6276,,
NGC124,NGC124,Galaxy,0.46454,-1.8102,13.7,1.3
NGC125,NGC125,Galaxy,0.48061,2.8389,12.3,1.4
NGC126,NGC126,Galaxy,0.48558,2.8111,15.5,0.7
NGC127,NGC127,Galaxy,0.48677,2.8727,15.3,0.9
NGC128,NGC128,Galaxy,0.48752,2.8641,11.6,3.2
NGC129,NGC129,Open Cluster,0.49950,60.2112,6.5,5.4
NGC130,NGC130,Galaxy,0.48849,2.8704,14.8,0.7
NGC131,NGC131,Galaxy,0.49403,-33.2597,13.2,1.8
NGC132,NGC132,Galaxy,0.50297,2.0934,13.7,1.6
NGC133,NGC133,Open Cluster,0.52138,63.3526,9.4,2.1
NGC134,NGC134,Galaxy,0.50610,-33.2440,10.3,8.4
NGC135,NGC135,Galaxy,0.52943,-13.3375,15.0,0.7
NGC136,NGC136,Open Cluster,0.52522,61.5093,,3.3
NGC137,NGC137,Galaxy,0.51614,10.2084,12.8,1.4
NGC138,NGC138,Galaxy,0.51646,5.1598,14.7,1.2
NGC139,NGC139,Galaxy,0.51844,5.0787,15.4,0.8
NGC140,NGC140,Galaxy,0.52235,30.7925,14.2,0.9
NGC141,NGC141,Galaxy,0.52151,5.1798,15.3,0.9
NGC142,NGC142,Galaxy,0.51891,-22.6187,14.6,1.0
NGC143,NGC143,Galaxy,0.52101,-22.5599,15.3,1.1
NGC144,NGC144,Galaxy,0.52241,-22.6457,14.4,0.8
NGC145,NGC145,Galaxy,0.52937,-5.1526,12.8,1.8
NGC146,NGC146,Open Cluster,0.55109,63.3090,9.1,3.6
NGC147,NGC147,Galaxy,0.55337,48.5087,9.7,9.4
NGC148,NGC148,Galaxy,0.57097,-31.7860,12.2,2.0
NGC149,NGC149,Galaxy,0.56396,30.7234,15.0,0.9
NGC150,NGC150,Galaxy,0.57097,-27.8036,11.4,3.5
NGC151,NGC151,Galaxy,0.56744,-9.7053,11.7,3.7
NGC152,NGC152,Open Cluster,0.54791,-73.1204,12.3,3.0
NGC154,NGC154,Galaxy,0.57208,-12.6563,15.2,1.0
NGC155,NGC155,Galaxy,0.57780,-10.7665,14.2,1.5
NGC156,NGC156,Double Star,0.57662,-8.3401,,
NGC157,NGC157,Galaxy,0.57966,-8.3964,13.1,3.7
NGC158,NGC158,Double Star,0.58489,-8.3457,,
NGC159,NGC159,Galaxy,0.57654,-55.7900,14.9,1.4
NGC160,NGC160,Galaxy,0.60113,23.9579,12.7,2.0
NGC161,NGC161,Galaxy,0.59276,-2.8487,14.4,1.4
NGC162,NGC162,Star,0.60257,23.9624,,
NGC163,NGC163,Galaxy,0.59995,-10.1217,12.7,1.4
NGC164,NGC164,Galaxy,0.60914,2.7498,15.9,0.5
NGC165,NGC165,Galaxy,0.60803,-10.1062,13.2,1.6
NGC166,NGC166,Galaxy,0.59688,-13.6106,15.2,0.9
NGC167,NGC167,Galaxy,0.58975,-23.3750,14.3,1.0
NGC168,NGC168,Galaxy,0.61074,-22.5935,14.9,1.3
NGC169,NGC169,Galaxy,0.61433,23.9909,13.1,1.5
NGC169A,NGC169A,Galaxy,0.61454,23.9850,13.7,0.8
NGC170,NGC170,Galaxy,0.61273,1.8865,15.4,0.7
NGC171,NGC171,Galaxy,0.62265,-19.9342,12.2,2.1
NGC172,NGC172,Galaxy,0.62045,-22.5870,13.5,2.0
NGC173,NGC173,Galaxy,0.62013,1.9423,13.4,2.1
NGC174,NGC174,Galaxy,0.61637,-29.4778,13.8,1.6
NGC176,NGC176,Open Cluster,0.59941,-73.1664,13.0,1.2
NGC177,NGC177,Galaxy,0.62621,-22.5493,14.2,2.1
NGC178,NGC178,Galaxy,0.65233,-14.1728,12.6,2.1
NGC179,NGC179,Galaxy,0.62952,-17.8495,13.2,1.1
NGC180,NGC180,Galaxy,0.63269,8.6352,14.2,2.2
NGC181,NGC181,Galaxy,0.63978,29.4726,15.5,0.9
NGC182,NGC182,Galaxy,0.63677,2.7286,12.6,1.9
NGC183,NGC183,Galaxy,0.64150,29.5112,12.7,1.0
NGC184,NGC184,Galaxy,0.64327,29.4476,15.5,0.7
NGC185,NGC185,Galaxy,0.64944,48.3374,9.2,12.9
NGC186,NGC186,Galaxy,0.64036,3.1664,14.7,1.4
NGC187,NGC187,Galaxy,0.65845,-14.6563,14.0,1.5
NGC188,NGC188,Open Cluster,0.79098,85.2696,8.1,17.7
NGC189,NGC189,Open Cluster,0.65992,61.0945,8.8,2.7
NGC190,NGC190,Galaxy Pair,0.64853,7.0597,,1.1
NGC191,NGC191,Galaxy,0.64984,-9.0026,13.8,1.0
NGC191A,NGC191A,Galaxy,0.65007,-9.0146,14.6,0.9
NGC192,NGC192,Galaxy,0.65373,0.8643,12.6,2.1
NGC193,NGC193,Galaxy,0.65516,3.3311,12.3,2.1
NGC194,NGC194,Galaxy,0.65512,3.0374,12.1,1.7
NGC195,NGC195,Galaxy,0.65994,-9.1945,13.4,1.2
NGC196,NGC196,Galaxy,0.65496,0.9128,13.5,1.3
NGC197,NGC197,Galaxy,0.65522,0.8919,13.5,0.9
NGC198,NGC198,Galaxy,0.65638,2.7979,13.1,1.3
NGC199,NGC199,Galaxy,0.65921,3.1385,14.6,1.1
NGC200,NGC200,Galaxy,0.65969,2.8874,12.7,1.8
NGC201,NGC201,Galaxy,0.65967,0.8599,13.0,1.7
NGC202,NGC202,Galaxy,0.66107,3.5363,15.4,1.0
NGC203,NGC203,Galaxy,0.66098,3.4429,14.9,1.0
NGC204,NGC204,Galaxy,0.66230,3.2996,13.0,1.4
NGC206,NGC206,Star Association,0.67536,40.7393,,
NGC207,NGC207,Galaxy,0.66131,-14.2371,14.7,0.9
NGC208,NGC208,Galaxy,0.67155,2.7565,15.4,0.8
NGC209,NGC209,Galaxy,0.65100,-18.6083,14.1,1.1
NGC210,NGC210,Galaxy,0.67639,-13.8728,11.1,5.0
NGC212,NGC212,Galaxy,0.67037,-56.1530,15.4,1.9
NGC213,NGC213,Galaxy,0.68611,16.4694,14.7,1.4
NGC214,NGC214,Galaxy,0.69112,25.4994,12.2,1.9
NGC215,NGC215,Galaxy,0.68024,-56.2141,14.1,1.1
NGC216,NGC216,Galaxy,0.69088,-21.0454,13.2,1.4
NGC217,NGC217,Galaxy,0.69275,-10.0214,12.1,3.2
NGC218,NGC218,Galaxy,0.77555,36.3256,13.5,1.3
NGC219,NGC219,Galaxy,0.70314,0.9046,15.2,0.6
NGC220,NGC220,Open Cluster,0.67497,-73.4040,14.4,1.2
NGC222,NGC222,Open Cluster,0.67881,-73.3857,12.6,1.2
NGC223,NGC223,Galaxy,0.70441,0.8455,14.3,1.2
NGC225,NGC225,Open Cluster,0.72677,61.7669,7.0,4.2
NGC226,NGC226,Galaxy,0.71501,32.5810,14.4,0.8
NGC227,NGC227,Galaxy,0.71023,-1.5288,12.2,1.9
NGC228,NGC228,Galaxy,0.71514,23.5031,14.8,0.9
NGC229,NGC229,Galaxy,0.71796,23.5091,14.6,1.1
NGC230,NGC230,Galaxy,0.70755,-23.6288,15.6,1.3
NGC231,NGC231,Open Cluster,0.68512,-73.3524,12.9,1.8
NGC232,NGC232,Galaxy,0.71273,-23.5614,14.5,1.0
NGC233,NGC233,Galaxy,0.72682,30.5870,13.8,1.2
NGC234,NGC234,Galaxy,0.72566,14.3426,13.4,1.6
NGC235,NGC235,Galaxy Pair,0.71478,-23.5433,,2.0
NGC235A,NGC235A,Galaxy,0.71467,-23.5410,13.6,1.4
NGC235B,NGC235B,Galaxy,0.71489,-23.5456,14.0,1.3
NGC236,NGC236,Galaxy,0.72432,2.9582,14.4,1.1
NGC237,NGC237,Galaxy,0.72440,-0.1249,13.6,1.3
NGC238,NGC238,Galaxy,0.72382,-50.1828,12.5,2.0
NGC239,NGC239,Galaxy,0.74375,-3.7593,14.3,0.9
NGC240,NGC240,Galaxy,0.75054,6.1134,14.7,1.4
NGC241,NGC241,Open Cluster,0.72542,-73.4405,,0.9
NGC242,NGC242,Open Cluster,0.72605,-73.4463,12.1,0.8
NGC243,NGC243,Galaxy,0.76691,29.9595,14.5,0.9
NGC244,NGC244,Galaxy,0.76290,-15.5969,13.8,1.0
NGC245,NGC245,Galaxy,0.76816,-1.7234,12.3,1.2
NGC246,NGC246,Planetary Nebula,0.78427,-11.8719,10.9,4.1
NGC247,NGC247,Galaxy,0.78571,-20.7604,9.2,19.7
NGC247A,NGC247A,Galaxy,0.79115,-20.3976,17.2,0.5
NGC247B,NGC247B,Galaxy,0.79310,-20.4287,14.4,1.1
NGC247C,NGC247C,Galaxy Pair,0.79381,-20.4528,16.4,0.6
NGC247D,NGC247D,Galaxy,0.79361,-20.4860,15.7,0.6
NGC248,NGC248,Cluster + Nebula,0.75668,-73.3798,,1.4
NGC249,NGC249,HII Region,0.75913,-73.0801,13.8,1.1
NGC250,NGC250,Galaxy,0.78778,7.9100,14.8,1.3
NGC251,NGC251,Galaxy,0.79834,19.5968,12.6,1.7
NGC252,NGC252,Galaxy,0.80042,27.6236,12.5,1.6
NGC253,Sculptor Filament,Galaxy,0.79253,-25.2882,11.1,26.8
NGC254,NGC254,Galaxy,0.79100,-31.4218,11.7,2.8
NGC255,NGC255,Galaxy,0.79648,-11.4687,11.9,2.0
NGC256,NGC256,Open Cluster,0.76481,-73.5068,12.5,0.9
NGC257,NGC257,Galaxy,0.80042,8.2971,12.6,1.8
NGC258,NGC258,Galaxy,0.80355,27.6572,15.2,0.5
NGC259,NGC259,Galaxy,0.80091,-2.7753,13.7,2.9
NGC260,NGC260,Galaxy,0.80963,27.6924,14.3,0.8
NGC261,NGC261,Nebula,0.77442,-73.1036,13.0,1.3
NGC262,NGC262,Galaxy,0.81309,31.9570,14.4,1.2
NGC263,NGC263,Galaxy,0.81346,-13.1074,15.1,0.8
NGC264,NGC264,Galaxy,0.80582,-38.2344,14.5,1.3
NGC265,NGC265,Open Cluster,0.78616,-73.4772,12.2,1.2
NGC266,NGC266,Galaxy,0.82994,32.2777,11.8,2.9
NGC267,NGC267,Open Cluster,0.80081,-73.2740,,2.0
NGC268,NGC268,Galaxy,0.83599,-5.1937,13.0,1.4
NGC269,NGC269,Open Cluster,0.80612,-73.5315,12.6,1.2
NGC270,NGC270,Galaxy,0.84237,-8.6516,13.8,1.8
NGC271,NGC271,Galaxy,0.84496,-1.9103,13.2,2.4
NGC272,NGC272,Open Cluster,0.85699,35.8218,,
NGC273,NGC273,Galaxy,0.84679,-6.8857,12.9,2.0
NGC274,NGC274,Galaxy,0.85052,-7.0569,13.4,1.3
NGC275,NGC275,Galaxy,0.85117,-7.0667,12.4,1.8
NGC276,NGC276,Galaxy,0.86849,-22.6801,15.8,1.1
NGC277,NGC277,Galaxy,0.85479,-8.5968,14.4,1.3
NGC278,NGC278,Galaxy,0.86786,47.5505,10.8,2.4
NGC279,NGC279,Galaxy,0.86915,-2.2184,14.0,1.4
NGC280,NGC280,Galaxy,0.87507,24.3506,14.6,1.0
NGC281,NGC281,HII Region,0.88315,56.6219,,35.0
NGC282,NGC282,Galaxy,0.87838,30.6391,14.6,1.2
NGC283,NGC283,Galaxy,0.88700,-13.1639,15.4,1.1
NGC284,NGC284,Galaxy,0.89007,-13.1589,15.9,0.6
NGC285,NGC285,Galaxy,0.89164,-13.1607,16.1,0.8
NGC286,NGC286,Galaxy,0.89177,-13.1128,15.3,0.9
NGC287,NGC287,Galaxy,0.89119,32.4823,14.7,0.8
NGC288,NGC288,Globular Cluster,0.87985,-26.5899,8.1,9.6
NGC289,NGC289,Galaxy,0.87843,-31.2058,11.2,3.4
NGC290,NGC290,Open Cluster,0.85394,-73.1615,11.7,1.1
NGC291,NGC291,Galaxy,0.89164,-8.7678,14.6,1.0
NGC292,Small Magellanic Cloud,Galaxy,0.87911,-72.8286,2.3,299.9
NGC293,NGC293,Galaxy,0.90443,-7.2355,15.1,1.1
NGC294,NGC294,Open Cluster,0.88464,-73.3804,12.2,1.7
NGC295,NGC295,Galaxy,0.99230,31.7981,15.0,0.6
NGC296,NGC296,Galaxy,0.91875,31.5423,12.3,2.2
NGC297,NGC297,Galaxy,0.91637,-7.3497,16.9,0.3
NGC298,NGC298,Galaxy,0.91732,-7.3331,16.5,1.5
NGC299,NGC299,Open Cluster,0.89002,-72.1971,11.7,0.9
NGC300,NGC300,Galaxy,0.91486,-37.6844,8.7,19.4
NGC301,NGC301,Galaxy,0.93843,-10.6739,15.6,0.6
NGC302,NGC302,Star,0.94036,-10.6632,,
NGC303,NGC303,Galaxy,0.91520,-16.6546,15.3,0.7
NGC304,NGC304,Galaxy,0.93501,24.1269,12.7,1.2
NGC305,NGC305,Other,0.93914,12.0651,,
NGC306,NGC306,Open Cluster,0.90394,-72.2423,12.1,1.1
NGC307,NGC307,Galaxy,0.94238,-1.7719,12.8,1.6
NGC308,NGC308,Star,0.94284,-1.7839,,
NGC309,NGC309,Galaxy,0.94518,-9.9139,12.2,2.2
NGC310,NGC310,Star,0.94666,-1.7658,,
NGC311,NGC311,Galaxy,0.95909,30.2807,13.0,1.4
NGC312,NGC312,Galaxy,0.93776,-52.7827,12.4,1.8
NGC313,NGC313,Other,0.96268,30.3661,,
NGC314,NGC314,Galaxy,0.94789,-31.9630,14.4,1.0
NGC315,NGC315,Galaxy,0.96358,30.3524,11.6,2.9
NGC316,NGC316,Star,0.96457,30.3543,16.8,
NGC317,NGC317,Galaxy Pair,0.96103,43.7964,,1.8
NGC317A,NGC317A,Galaxy,0.96085,43.8008,13.6,1.2
NGC317B,NGC317B,Galaxy,0.96124,43.7922,13.9,1.0
NGC318,NGC318,Galaxy,0.96812,30.4255,15.3,0.6
NGC319,NGC319,Galaxy,0.94933,-43.8388,14.3,1.0
NGC320,NGC320,Galaxy,0.97959,-20.8401,14.6,0.9
NGC321,NGC321,Galaxy,0.96090,-5.0862,15.8,0.5
NGC322,NGC322,Galaxy,0.95278,-43.7271,14.3,1.1
NGC323,NGC323,Galaxy,0.94490,-52.9759,12.5,1.8
NGC324,NGC324,Galaxy,0.95411,-40.9591,12.8,1.5
NGC325,NGC325,Galaxy,0.96330,-5.1121,14.9,1.2
NGC326,NGC326,Galaxy Pair,0.97297,26.8653,,1.0
NGC327,NGC327,Galaxy,0.96538,-5.1304,13.4,1.4
NGC328,NGC328,Galaxy,0.94932,-52.9239,14.1,2.5
NGC329,NGC329,Galaxy,0.96711,-5.0712,13.3,1.6
NGC330,NGC330,Open Cluster,0.93824,-72.4629,9.6,2.8
NGC331,NGC331,Galaxy,0.78524,-2.7311,15.5,1.0
NGC332,NGC332,Galaxy,0.98031,7.1113,14.8,1.4
NGC333,NGC333,Galaxy Pair,0.98089,-16.4703,,1.5
NGC333A,NGC333A,Galaxy,0.98092,-16.4692,16.0,0.4
NGC333B,NGC333B,Galaxy,0.98086,-16.4714,14.9,1.5
NGC334,NGC334,Galaxy,0.98050,-35.1160,14.6,1.1
NGC335,NGC335,Galaxy,0.98883,-18.2347,15.2,1.3
NGC336,NGC336,Galaxy,0.96745,-18.3843,15.5,0.8
NGC337,NGC337,Galaxy,0.99725,-7.5780,11.5,2.9
NGC337A,NGC337A,Galaxy,1.02608,-7.5882,12.4,2.6
NGC338,NGC338,Galaxy,1.01011,30.6690,12.7,1.8
NGC339,NGC339,Globular Cluster,0.96168,-74.4734,12.2,2.9
NGC340,NGC340,Galaxy,1.00969,-6.8666,14.5,0.9
NGC341,NGC341,Galaxy,1.01273,-9.1857,14.0,1.2
NGC342,NGC342,Galaxy,1.01385,-6.7726,15.4,0.9
NGC343,NGC343,Galaxy,0.97331,-23.2252,16.6,0.7
NGC344,NGC344,Galaxy,0.97373,-23.2292,16.9,0.3
NGC345,NGC345,Galaxy,1.02281,-6.8843,14.9,1.0
NGC346,NGC346,Open Cluster,0.98473,-72.1771,,8.5
NGC347,NGC347,Galaxy,1.02643,-6.7337,15.7,0.6
NGC348,NGC348,Galaxy,1.01445,-53.2445,14.6,0.8
NGC349,NGC349,Galaxy,1.03076,-6.7998,14.1,1.3
NGC350,NGC350,Galaxy,1.03242,-6.7957,15.4,0.8
NGC351,NGC351,Galaxy,1.03273,-1.9367,14.1,1.5
NGC352,NGC352,Galaxy,1.03589,-4.2455,12.6,2.3
NGC353,NGC353,Galaxy,1.04015,-1.9589,14.6,1.3
NGC354,NGC354,Galaxy,1.05455,22.3427,14.2,0.9
NGC355,NGC355,Galaxy,1.05194,-6.3240,16.4,0.7
NGC356,NGC356,Galaxy,1.05197,-6.9884,14.1,1.8
NGC357,NGC357,Galaxy,1.05608,-6.3392,12.0,2.1
NGC358,NGC358,Other,1.08637,62.0204,,
NGC359,NGC359,Galaxy,1.07138,-0.7649,14.4,1.3
NGC360,NGC360,Galaxy,1.04763,-65.6100,13.4,4.0
NGC361,NGC361,Open Cluster,1.03616,-71.6047,11.8,2.6
NGC362,NGC362,Globular Cluster,1.05395,-70.8482,6.6,8.7
NGC363,NGC363,Galaxy,1.10439,-16.5428,15.6,0.8
NGC364,NGC364,Galaxy,1.07801,-0.8028,14.2,1.4
NGC365,NGC365,Galaxy,1.07187,-35.1214,14.2,1.0
NGC366,NGC366,Open Cluster,1.10722,62.2289,,5.1
NGC367,NGC367,Galaxy,1.09691,-12.1285,15.4,1.0
NGC368,NGC368,Galaxy,1.07279,-43.2767,14.7,0.7
NGC369,NGC369,Galaxy,1.08581,-17.7592,14.6,0.9
NGC370,NGC370,Other,1.11239,32.4287,,
NGC371,NGC371,Open Cluster,1.05820,-72.0568,,4.2
NGC373,NGC373,Galaxy,1.11617,32.3085,15.9,0.5
NGC374,NGC374,Galaxy,1.11827,32.7951,14.2,1.3
NGC375,NGC375,Galaxy,1.11831,32.3482,14.3,0.5
NGC376,NGC376,Open Cluster,1.06485,-72.8237,10.9,1.8
NGC377,NGC377,Galaxy,1.10967,-20.3326,16.3,1.0
NGC378,NGC378,Galaxy,1.10339,-30.1781,13.8,1.5
NGC379,NGC379,Galaxy,1.12102,32.5204,12.8,1.4
NGC380,NGC380,Galaxy,1.12155,32.4829,12.5,1.4
NGC381,NGC381,Open Cluster,1.13834,61.5833,9.3,6.0
NGC382,NGC382,Galaxy,1.12330,32.4039,14.5,0.2
NGC383,NGC383,Galaxy,1.12360,32.4126,12.1,2.4
NGC384,NGC384,Galaxy,1.12364,32.2924,13.1,1.1
NGC385,NGC385,Galaxy,1.12424,32.3195,12.9,1.2
NGC386,NGC386,Galaxy,1.12536,32.3620,14.3,0.5
NGC387,NGC387,Galaxy,1.12585,32.3911,16.5,0.4
NGC388,NGC388,Galaxy,1.12976,32.3100,14.4,0.6
NGC389,NGC389,Galaxy,1.14165,39.6954,14.9,1.3
NGC390,NGC390,Star,1.13160,32.4331,,
NGC391,NGC391,Galaxy,1.12294,0.9259,14.3,1.0
NGC392,NGC392,Galaxy,1.13985,33.1336,12.7,1.4
NGC393,NGC393,Galaxy,1.14360,39.6443,12.5,1.6
NGC394,NGC394,Galaxy,1.14057,33.1480,13.8,0.6
NGC395,NGC395,Open Cluster,1.08564,-71.9907,,1.5
NGC396,NGC396,Galaxy,1.13567,4.5309,,0.6
NGC397,NGC397,Galaxy,1.14197,33.1092,14.6,0.7
NGC398,NGC398,Galaxy,1.14824,32.5145,15.3,0.8
NGC399,NGC399,Galaxy,1.14978,32.6343,14.4,1.1
NGC400,NGC400,Star,1.15069,32.7324,,
NGC401,NGC401,Star,1.15214,32.7593,,
NGC402,NGC402,Star,1.15371,32.8062,,
NGC403,NGC403,Galaxy,1.15393,32.7521,13.2,2.4
NGC404,NGC404,Galaxy,1.15751,35.7181,10.6,3.4
NGC405,NGC405,Other,1.14281,-46.6685,6.9,
NGC406,NGC406,Galaxy,1.12363,-69.8792,12.5,2.4
NGC407,NGC407,Galaxy,1.17682,33.1265,14.3,2.0
NGC408,NGC408,Star,1.18086,33.1513,,
NGC409,NGC409,Galaxy,1.15923,-35.8056,14.1,1.4
NGC410,NGC410,Galaxy,1.18303,33.1519,11.5,2.4
NGC411,NGC411,Open Cluster,1.13213,-71.7684,12.1,2.1
NGC413,NGC413,Galaxy,1.20872,-2.7934,15.1,1.1
NGC414,NGC414,Galaxy Pair,1.18828,33.1128,,0.8
NGC415,NGC415,Galaxy,1.16825,-35.4908,14.3,1.6
NGC416,NGC416,Globular Cluster,1.13292,-72.3551,11.8,1.7
NGC417,NGC417,Galaxy,1.18488,-18.1483,15.3,1.1
NGC418,NGC418,Galaxy,1.17656,-30.2213,12.6,2.0
NGC419,NGC419,Globular Cluster,1.13810,-72.8835,10.5,2.8
NGC420,NGC420,Galaxy,1.20268,32.1232,13.4,1.4
NGC421,NGC421,Other,1.20402,32.1235,,
NGC422,NGC422,Open Cluster,1.15705,-71.7672,13.3,1.0
NGC423,NGC423,Galaxy,1.18950,-29.2345,14.4,0.9
NGC424,NGC424,Galaxy,1.19101,-38.0835,14.1,1.7
NGC425,NGC425,Galaxy,1.21738,38.7684,13.5,0.9
NGC426,NGC426,Galaxy,1.21350,-0.2902,12.9,1.2
NGC427,NGC427,Galaxy,1.20534,-32.0612,15.1,1.1
NGC428,NGC428,Galaxy,1.21547,0.9816,11.5,2.8
NGC429,NGC429,Galaxy,1.21595,-0.3450,14.4,1.5
NGC430,NGC430,Galaxy,1.21665,-0.2525,12.5,1.2
NGC431,NGC431,Galaxy,1.23459,33.7042,14.0,1.2
NGC432,NGC432,Galaxy,1.19618,-61.5276,14.1,1.3
NGC433,NGC433,Open Cluster,1.25257,60.1258,,3.6
NGC434,NGC434,Galaxy,1.20392,-58.2480,12.0,2.2
NGC434A,NGC434A,Galaxy,1.20823,-58.2095,15.6,1.2
NGC435,NGC435,Galaxy,1.23329,2.0714,14.9,1.1
NGC436,NGC436,Open Cluster,1.26605,58.8171,8.8,5.7
NGC437,NGC437,Galaxy,1.23952,5.9269,13.9,1.7
NGC438,NGC438,Galaxy,1.22616,-37.9016,13.6,1.4
NGC439,NGC439,Galaxy,1.22979,-31.7471,12.9,3.4
NGC440,NGC440,Galaxy,1.21347,-58.2823,13.2,1.1
NGC441,NGC441,Galaxy,1.23091,-31.7883,13.8,1.5
NGC442,NGC442,Galaxy,1.24407,-1.0206,14.3,1.2
NGC443,NGC443,Galaxy,1.25211,33.3773,14.2,0.8
NGC444,NGC444,Galaxy,1.26378,31.0802,14.2,1.6
NGC445,NGC445,Galaxy,1.24791,1.9174,15.4,0.8
NGC446,NGC446,Galaxy,1.26767,4.2941,13.5,2.1
NGC447,NGC447,Galaxy,1.26045,33.0677,13.9,2.2
NGC448,NGC448,Galaxy,1.25459,-1.6262,13.2,1.6
NGC449,NGC449,Galaxy,1.26868,33.0896,14.6,0.7
NGC450,NGC450,Galaxy,1.25846,-0.8610,12.8,2.9
NGC451,NGC451,Galaxy,1.27011,33.0641,14.8,0.7
NGC452,NGC452,Galaxy,1.27079,31.0338,12.6,2.0
NGC453,NGC453,Other,1.27151,33.0142,,
NGC454,NGC454,Galaxy Pair,1.23959,-55.3987,,2.0
NGC455,NGC455,Galaxy,1.26601,5.1787,13.8,2.6
NGC456,NGC456,Open Cluster,1.22899,-73.2905,,3.8
NGC457,Owl Cluster,Open Cluster,1.32574,58.2907,6.4,7.8
NGC458,NGC458,Open Cluster,1.24819,-71.5527,11.7,2.6
NGC459,NGC459,Galaxy,1.30228,17.5624,15.7,0.6
NGC460,NGC460,Cluster + Nebula,1.24406,-73.2742,,2.6
NGC461,NGC461,Galaxy,1.28907,-33.8409,14.1,1.2
NGC462,NGC462,Galaxy,1.30305,4.2260,15.7,0.5
NGC463,NGC463,Galaxy,1.31618,16.3257,15.1,1.0
NGC464,NGC464,Double Star,1.32408,34.9554,,
NGC465,NGC465,Open Cluster,1.26149,-73.3346,,5.0
NGC466,NGC466,Galaxy,1.28702,-58.9099,13.6,1.6
NGC467,NGC467,Galaxy,1.31948,3.3008,12.1,1.7
NGC468,NGC468,Galaxy,1.33014,32.7678,15.2,0.8
NGC469,NGC469,Galaxy,1.32582,14.8719,15.2,0.8
NGC470,NGC470,Galaxy,1.32912,3.4099,11.8,2.9
NGC471,NGC471,Galaxy,1.33322,14.7862,13.3,1.1
NGC472,NGC472,Galaxy,1.34130,32.7090,14.2,0.9
NGC473,NGC473,Galaxy,1.33196,16.5447,12.5,1.8
NGC474,NGC474,Galaxy,1.33519,3.4154,11.5,2.6
NGC475,NGC475,Galaxy,1.33389,14.8611,16.0,0.8
NGC476,NGC476,Galaxy,1.33886,16.0201,15.2,0.8
NGC477,NGC477,Galaxy,1.35566,40.4882,13.9,1.6
NGC478,NGC478,Galaxy,1.33591,-22.3774,14.6,0.8
NGC479,NGC479,Galaxy,1.35437,3.8623,15.1,0.9
NGC480,NGC480,Galaxy,1.34289,-9.8802,16.1,0.6
NGC481,NGC481,Galaxy,1.35347,-9.2112,14.7,1.5
NGC482,NGC482,Galaxy,1.33901,-40.9661,14.5,2.1
NGC483,NGC483,Galaxy,1.36564,33.5210,14.0,0.9
NGC484,NGC484,Galaxy,1.32631,-58.5243,12.2,1.8
NGC485,NGC485,Galaxy,1.35767,7.0181,13.2,1.6
NGC486,NGC486,Galaxy,1.36196,5.3463,17.5,0.4
NGC487,NGC487,Galaxy,1.36530,-16.3704,14.4,1.1
NGC488,NGC488,Galaxy,1.36301,5.2567,10.3,5.0
NGC489,NGC489,Galaxy,1.36497,9.2066,13.4,1.6
NGC490,NGC490,Galaxy,1.36746,5.3672,14.5,0.7
NGC491,NGC491,Galaxy,1.35568,-34.0633,12.6,1.4
NGC491A,NGC491A,Galaxy,1.33463,-33.8995,13.8,1.9
NGC492,NGC492,Galaxy,1.37043,5.4171,15.5,0.7
NGC493,NGC493,Galaxy,1.36916,0.9454,12.5,3.0
NGC494,NGC494,Galaxy,1.38206,33.1739,12.8,1.9
NGC495,NGC495,Galaxy,1.38222,33.4717,13.7,1.1
NGC496,NGC496,Galaxy,1.38656,33.5292,13.7,0.9
NGC497,NGC497,Galaxy,1.37327,-0.8752,13.0,2.1
NGC498,NGC498,Galaxy,1.38647,33.4894,16.5,0.5
NGC499,NGC499,Galaxy,1.38653,33.4606,12.3,1.7
NGC500,NGC500,Galaxy,1.37760,5.3873,15.1,0.9
NGC501,NGC501,Galaxy,1.38956,33.4330,14.4,0.5
NGC502,NGC502,Galaxy,1.38209,9.0492,12.8,1.6
NGC503,NGC503,Galaxy,1.39123,33.3317,15.2,0.6
NGC504,NGC504,Galaxy,1.39108,33.2044,13.9,1.6
NGC505,NGC505,Galaxy,1.38253,9.4689,15.0,1.1
NGC506,NGC506,Star,1.39315,33.2447,,
NGC507,NGC507,Galaxy,1.39442,33.2561,11.6,2.5
NGC508,NGC508,Galaxy,1.39461,33.2803,14.2,1.1
NGC509,NGC509,Galaxy,1.39003,9.4336,14.6,1.6
NGC510,NGC510,Double Star,1.39877,33.4969,,
NGC511,NGC511,Galaxy,1.39187,11.2910,15.3,1.2
NGC512,NGC512,Galaxy,1.39994,33.9078,13.9,1.5
NGC513,NGC513,Galaxy,1.40746,33.7994,13.4,0.6
NGC514,NGC514,Galaxy,1.40108,12.9174,11.7,3.5
NGC515,NGC515,Galaxy,1.41072,33.4728,14.3,0.9
NGC516,NGC516,Galaxy,1.40224,9.5517,14.2,1.6
NGC517,NGC517,Galaxy,1.41217,33.4294,13.6,1.5
NGC518,NGC518,Galaxy,1.40490,9.3309,14.3,1.6
NGC519,NGC519,Galaxy,1.40796,-1.6412,15.3,0.5
NGC520,NGC520,Galaxy Pair,1.40974,3.7924,,4.2
NGC521,NGC521,Galaxy,1.40938,1.7314,11.8,2.8
NGC522,NGC522,Galaxy,1.41274,9.9946,12.9,2.4
NGC523,NGC523,Galaxy,1.42243,34.0249,12.7,2.5
NGC524,NGC524,Galaxy,1.41326,9.5388,10.3,3.4
NGC525,NGC525,Galaxy,1.41470,9.7033,14.5,1.5
NGC526,NGC526,Galaxy Pair,1.39958,-35.1225,,2.0
NGC526A,NGC526A,Galaxy,1.39844,-35.0655,14.6,1.7
NGC526B,NGC526B,Galaxy,1.39919,-35.0693,14.5,0.8
NGC527,NGC527,Galaxy,1.39948,-35.1151,14.1,1.8
NGC527B,NGC527B,Galaxy,1.39982,-35.1274,15.5,0.9
NGC528,NGC528,Galaxy,1.42600,33.6717,13.7,1.8
NGC529,NGC529,Galaxy,1.42789,34.7133,12.1,2.2
NGC530,NGC530,Galaxy,1.41157,-1.5871,13.9,1.8
NGC531,NGC531,Galaxy,1.43858,34.7539,14.9,1.8
NGC532,NGC532,Galaxy,1.42148,9.2641,12.2,2.2
NGC533,NGC533,Galaxy,1.42538,1.7591,11.5,3.4
NGC534,NGC534,Galaxy,1.41240,-38.1291,14.4,1.2
NGC535,NGC535,Galaxy,1.42532,-1.4081,14.8,1.0
NGC536,NGC536,Galaxy,1.43938,34.7030,12.4,2.9
NGC538,NGC538,Galaxy,1.42390,-1.5506,14.6,1.4
NGC539,NGC539,Galaxy,1.42270,-18.1639,13.6,1.3
NGC540,NGC540,Galaxy,1.45247,-20.0366,15.7,0.8
NGC541,NGC541,Galaxy,1.42898,-1.3796,12.2,2.2
NGC542,NGC542,Galaxy,1.44192,34.6753,15.7,1.0
NGC543,NGC543,Galaxy,1.43055,-1.2928,13.2,0.8
NGC544,NGC544,Galaxy,1.42001,-38.0945,14.5,1.5
NGC545,NGC545,Galaxy,1.43309,-1.3402,13.3,3.0
NGC546,NGC546,Galaxy,1.42023,-38.0691,14.4,1.4
NGC547,NGC547,Galaxy,1.43351,-1.3452,13.3,3.1
NGC548,NGC548,Galaxy,1.43403,-1.2256,13.7,0.9
NGC549,NGC549,Galaxy,1.41863,-38.0078,15.5,0.6
NGC550,NGC550,Galaxy,1.44515,2.0224,13.5,1.8
NGC551,NGC551,Galaxy,1.46129,37.1829,13.4,1.5
NGC552,NGC552,Star,1.43615,33.4059,,
NGC553,NGC553,Galaxy,1.43683,33.4050,14.9,0.9
NGC554,NGC554,Galaxy Pair,1.45267,-22.7250,,1.4
NGC554A,NGC554A,Galaxy,1.45269,-22.7247,15.0,1.4
NGC554B,NGC554B,Galaxy,1.45266,-22.7257,14.8,0.2
NGC555,NGC555,Galaxy,1.45328,-22.7622,15.3,0.7
NGC556,NGC556,Galaxy,1.45350,-22.6977,15.6,0.5
NGC557,NGC557,Galaxy,1.44032,-1.6387,14.8,1.4
NGC558,NGC558,Galaxy,1.45449,-1.9709,15.2,0.6
NGC559,NGC559,Open Cluster,1.49255,63.3014,9.5,9.0
NGC560,NGC560,Galaxy,1.45706,-1.9130,12.9,2.1
NGC561,NGC561,Galaxy,1.47188,34.3086,14.0,1.4
NGC562,NGC562,Galaxy,1.47479,48.3871,14.5,0.9
NGC564,NGC564,Galaxy,1.46339,-1.8795,12.5,1.7
NGC565,NGC565,Galaxy,1.46949,-1.3060,14.4,1.5
NGC566,NGC566,Galaxy,1.48416,32.3323,14.5,1.2
NGC567,NGC567,Galaxy,1.45067,-10.2652,15.0,1.2
NGC568,NGC568,Galaxy,1.46584,-35.7177,12.6,2.0
NGC569,NGC569,Galaxy,1.48532,11.1315,14.7,1.0
NGC570,NGC570,Galaxy,1.48296,-0.9490,12.8,1.6
NGC571,NGC571,Galaxy,1.49888,32.5013,15.0,0.7
NGC572,NGC572,Galaxy,1.47678,-39.3073,15.1,0.9
NGC573,NGC573,Galaxy,1.51371,41.2573,13.5,0.4
NGC574,NGC574,Galaxy,1.48419,-35.5989,14.3,1.1
NGC575,NGC575,Galaxy,1.51296,21.4404,13.0,1.4
NGC576,NGC576,Galaxy,1.48269,-51.5987,14.4,1.0
NGC577,NGC577,Galaxy,1.51131,-1.9944,14.1,1.4
NGC578,NGC578,Galaxy,1.50808,-22.6674,11.1,4.8
NGC579,NGC579,Galaxy,1.52958,33.6156,13.3,1.1
NGC582,NGC582,Galaxy,1.53279,33.4765,13.2,2.1
NGC583,NGC583,Galaxy,1.49560,-18.3394,15.3,0.7
NGC584,NGC584,Galaxy,1.52243,-6.8681,10.3,3.8
NGC585,NGC585,Galaxy,1.52837,-0.9333,14.1,2.4
NGC586,NGC586,Galaxy,1.52690,-6.8937,13.1,1.6
NGC587,NGC587,Galaxy,1.54259,35.3586,13.6,2.2
NGC588,NGC588,HII Region,1.54609,30.6475,14.4,0.6
NGC589,NGC589,Galaxy,1.54443,-12.0427,15.0,0.8
NGC590,NGC590,Galaxy,1.56137,44.9287,14.1,2.1
NGC591,NGC591,Galaxy,1.55869,35.6683,13.9,1.4
NGC592,NGC592,Star Association,1.55325,30.6449,,
NGC593,NGC593,Galaxy,1.53910,-12.3544,15.3,0.9
NGC594,NGC594,Galaxy,1.54914,-16.5360,15.8,1.2
NGC595,NGC595,HII Region,1.55940,30.6916,,1.7
NGC596,NGC596,Galaxy,1.54780,-7.0318,10.9,2.1
NGC597,NGC597,Galaxy,1.53746,-33.4971,14.0,1.3
NGC599,NGC599,Galaxy,1.54827,-12.1913,14.1,1.5
NGC600,NGC600,Galaxy,1.55147,-7.3114,12.5,2.6
NGC601,NGC601,Galaxy,1.55183,-12.2087,16.4,0.4
NGC602,NGC602,Open Cluster,1.49066,-73.5605,13.0,3.2
NGC603,NGC603,Other,1.57886,30.2320,,
NGC604,NGC604,HII Region,1.57589,30.7849,,1.9
NGC605,NGC605,Galaxy,1.58399,41.2481,14.2,1.3
NGC606,NGC606,Galaxy,1.58060,21.4184,14.4,1.0
NGC607,NGC607,Other,1.57121,-7.4128,,
NGC608,NGC608,Galaxy,1.59118,33.6567,14.2,0.8
NGC609,NGC609,Open Cluster,1.60659,64.5366,11.0,4.8
NGC610,NGC610,Other,1.57167,-20.1442,,
NGC611,NGC611,Other,1.57167,-20.1276,,
NGC612,NGC612,Galaxy,1.56604,-36.4933,13.0,1.5
NGC613,NGC613,Galaxy,1.57171,-29.4184,10.3,5.5
NGC614,NGC614,Galaxy,1.59785,33.6819,13.8,1.5
NGC615,NGC615,Galaxy,1.58491,-7.3403,11.7,3.2
NGC616,NGC616,Double Star,1.60117,33.7702,,
NGC617,NGC617,Galaxy,1.56737,-9.7741,14.7,0.6
NGC619,NGC619,Galaxy,1.58105,-36.4894,14.2,1.7
NGC620,NGC620,Galaxy,1.61658,42.3233,13.9,0.8
NGC621,NGC621,Galaxy,1.61363,35.5122,14.1,1.1
NGC622,NGC622,Galaxy,1.60004,0.6635,13.3,1.3
NGC623,NGC623,Galaxy,1.58511,-36.4902,12.5,1.9
NGC624,NGC624,Galaxy,1.59753,-10.0030,14.2,1.3
NGC625,NGC625,Galaxy,1.58462,-41.4362,13.7,6.5
NGC626,NGC626,Galaxy,1.58669,-39.1461,13.5,1.4
NGC629,NGC629,Other,1.64959,72.8671,,
NGC630,NGC630,Galaxy,1.59347,-39.3578,13.6,1.9
NGC631,NGC631,Galaxy,1.61307,5.8354,15.0,0.9
NGC632,NGC632,Galaxy,1.62154,5.8776,13.5,1.0
NGC633,NGC633,Galaxy,1.60650,-37.3216,13.5,1.1
NGC634,NGC634,Galaxy,1.63852,35.3648,13.8,1.8
NGC635,NGC635,Galaxy,1.63829,-22.9289,15.3,0.6
NGC636,NGC636,Galaxy,1.65181,-7.5126,11.4,2.7
NGC637,NGC637,Open Cluster,1.71753,64.0366,8.2,4.5
NGC638,NGC638,Galaxy,1.66051,7.2373,13.8,0.9
NGC639,NGC639,Galaxy,1.64974,-29.9253,14.1,1.0
NGC640,NGC640,Galaxy,1.65691,-9.4012,15.5,0.8
NGC641,NGC641,Galaxy,1.64423,-42.5275,12.2,1.8
NGC642,NGC642,Galaxy,1.65176,-29.9149,13.5,1.8
NGC643,NGC643,Open Cluster,1.58373,-75.5569,,2.2
NGC643A,NGC643A,Open Cluster,1.51069,-76.0545,,
NGC643B,NGC643B,Galaxy,1.65354,-75.0111,14.6,1.8
NGC643C,NGC643C,Galaxy,1.69698,-75.2681,15.7,1.4
NGC644,NGC644,Galaxy,1.64804,-42.5853,14.7,1.3
NGC645,NGC645,Galaxy,1.66908,5.7267,13.7,2.3
NGC646,NGC646,Galaxy Pair,1.62375,-64.8964,14.4,1.5
NGC647,NGC647,Galaxy,1.66561,-9.2424,14.3,1.3
NGC648,NGC648,Galaxy,1.64439,-17.8312,14.7,1.1
NGC649,NGC649,Galaxy,1.66874,-9.2721,15.3,1.1
NGC652,NGC652,Galaxy,1.67869,7.9829,15.0,0.9
NGC653,NGC653,Galaxy,1.70715,35.6383,14.1,1.5
NGC654,NGC654,Open Cluster,1.73318,61.8827,6.5,6.3
NGC655,NGC655,Galaxy,1.69865,-13.0817,14.7,1.1
NGC656,NGC656,Galaxy,1.70757,26.1431,13.5,1.3
NGC657,NGC657,Open Cluster,1.72244,55.8364,,3.0
NGC658,NGC658,Galaxy,1.70268,12.6019,12.4,1.5
NGC659,NGC659,Open Cluster,1.73972,60.6692,7.9,4.2
NGC660,NGC660,Galaxy,1.71733,13.6451,11.3,4.6
NGC661,NGC661,Galaxy,1.73739,28.7059,12.2,1.9
NGC662,NGC662,Galaxy,1.74318,37.6958,13.8,0.8
NGC663,NGC663,Open Cluster,1.77112,61.2182,7.1,6.0
NGC664,NGC664,Galaxy,1.72939,4.2229,13.8,1.2
NGC665,NGC665,Galaxy,1.74892,10.4230,12.1,1.6
NGC666,NGC666,Galaxy,1.76839,34.3745,13.4,0.8
NGC667,NGC667,Galaxy,1.74908,-22.9189,15.4,0.7
NGC668,NGC668,Galaxy,1.77296,36.4603,13.1,1.2
NGC669,NGC669,Galaxy,1.78782,35.5633,12.3,2.3
NGC670,NGC670,Galaxy,1.79024,27.8857,12.6,2.2
NGC671,NGC671,Galaxy,1.78310,13.1251,16.7,1.1
NGC672,NGC672,Galaxy,1.79848,27.4328,10.9,7.0
NGC673,NGC673,Galaxy,1.80623,11.5213,12.6,1.8
NGC674,NGC674,Galaxy,1.85488,22.3580,12.0,3.8
NGC675,NGC675,Galaxy,1.81906,13.0599,15.4,1.0
NGC676,NGC676,Galaxy,1.81592,5.9075,12.0,2.8
NGC677,NGC677,Galaxy,1.82057,13.0554,12.3,1.8
NGC678,NGC678,Galaxy,1.82357,21.9973,12.2,3.1
NGC679,NGC679,Galaxy,1.82883,35.7856,12.5,1.3
NGC680,NGC680,Galaxy,1.82980,21.9709,11.9,1.7
NGC681,NGC681,Galaxy,1.81967,-10.4264,11.9,2.5
NGC682,NGC682,Galaxy,1.81794,-14.9748,13.8,0.7
NGC683,NGC683,Galaxy,1.82964,11.7013,14.9,0.7
NGC684,NGC684,Galaxy,1.83723,27.6457,12.3,3.0
NGC685,NGC685,Galaxy,1.79522,-52.7618,11.5,3.0
NGC686,NGC686,Galaxy,1.81559,-23.7981,13.4,1.3
NGC687,NGC687,Galaxy,1.84257,36.3708,12.5,1.3
NGC688,NGC688,Galaxy,1.84561,35.2845,12.7,0.9
NGC689,NGC689,Galaxy,1.83105,-27.4666,14.5,1.1
NGC690,NGC690,Galaxy,1.79669,-16.7220,14.3,1.1
NGC691,NGC691,Galaxy,1.84492,21.7599,11.7,2.7
NGC692,NGC692,Galaxy,1.81166,-48.6485,13.1,1.9
NGC693,NGC693,Galaxy,1.84190,6.1452,12.4,2.1
NGC694,NGC694,Galaxy,1.84958,21.9975,13.8,0.6
NGC695,NGC695,Galaxy,1.85396,22.5824,13.8,0.5
NGC696,NGC696,Galaxy,1.82535,-34.9052,14.4,1.8
NGC698,NGC698,Galaxy,1.82881,-34.8311,14.8,0.9
NGC699,NGC699,Galaxy,1.84547,-12.0357,14.9,1.4
NGC700,NGC700,Galaxy,1.87134,36.0367,15.5,0.5
NGC701,NGC701,Galaxy,1.85107,-9.7026,12.1,2.2
NGC702,NGC702,Galaxy Pair,1.85522,-4.0519,,1.6
NGC703,NGC703,Galaxy,1.87767,36.1714,13.3,1.0
NGC704,NGC704,Galaxy Pair,1.87739,36.1242,,1.5
NGC704A,NGC704A,Galaxy,1.87777,36.1209,,0.6
NGC704B,NGC704B,Galaxy,1.87714,36.1268,14.0,1.1
NGC705,NGC705,Galaxy,1.87820,36.1440,14.4,1.4
NGC706,NGC706,Galaxy,1.86404,6.2969,12.5,1.3
NGC707,NGC707,Galaxy,1.85753,-8.5054,14.6,1.3
NGC708,NGC708,Galaxy,1.87958,36.1518,13.3,2.6
NGC709,NGC709,Galaxy,1.88073,36.2234,14.3,0.7
NGC710,NGC710,Galaxy,1.88165,36.0529,13.7,1.0
NGC711,NGC711,Galaxy,1.87438,17.5127,14.6,1.1
NGC712,NGC712,Galaxy,1.88568,36.8199,14.1,1.1
NGC713,NGC713,Galaxy,1.92265,-9.0838,15.2,1.1
NGC714,NGC714,Galaxy,1.89157,36.2213,13.1,1.5
NGC715,NGC715,Galaxy,1.88681,-12.8728,14.9,0.9
NGC716,NGC716,Galaxy,1.88324,12.7085,14.0,1.3
NGC717,NGC717,Galaxy,1.89864,36.2294,13.9,1.3
NGC718,NGC718,Galaxy,1.88703,4.1958,11.7,2.8
NGC719,NGC719,Galaxy,1.89412,19.8404,14.8,1.0
NGC720,NGC720,Galaxy,1.88347,-13.7387,10.1,4.5
NGC721,NGC721,Galaxy,1.91263,39.3835,13.5,1.4
NGC722,NGC722,Galaxy,1.91304,20.6982,14.5,1.1
NGC723,NGC723,Galaxy,1.89602,-23.7578,13.4,1.3
NGC725,NGC725,Galaxy,1.87652,-16.5178,15.0,0.9
NGC726,NGC726,Galaxy,1.92552,-10.7998,15.1,1.1
NGC727,NGC727,Galaxy,1.89705,-35.8562,14.9,1.2
NGC728,NGC728,Other,1.91707,4.2226,,
NGC730,NGC730,Star,1.92167,5.6364,,
NGC731,NGC731,Galaxy,1.91561,-9.0108,12.1,1.7
NGC732,NGC732,Galaxy,1.94103,36.8022,14.8,1.0
NGC733,NGC733,Star,1.94275,33.0553,15.8,
NGC734,NGC734,Galaxy,1.89132,-16.9957,15.4,0.8
NGC735,NGC735,Galaxy,1.94388,34.1768,13.2,1.6
NGC736,NGC736,Galaxy,1.94469,33.0435,12.1,1.8
NGC737,NGC737,Other,1.94467,33.0489,,
NGC738,NGC738,Galaxy,1.94603,33.0583,15.9,0.3
NGC739,NGC739,Galaxy,1.94853,33.2667,14.7,0.8
NGC740,NGC740,Galaxy,1.94857,33.0152,14.8,1.6
NGC741,NGC741,Galaxy,1.93918,5.6289,11.3,2.8
NGC742,NGC742,Galaxy,1.94005,5.6267,15.0,0.2
NGC743,NGC743,Open Cluster,1.97536,60.1663,,5.4
NGC744,NGC744,Open Cluster,1.97498,55.4746,7.9,11.7
NGC745,NGC745,Galaxy Group,1.90241,-56.6907,,1.8
NGC746,NGC746,Galaxy,1.96417,44.9186,13.7,1.8
NGC747,NGC747,Galaxy,1.95846,-9.4624,14.5,1.1
NGC748,NGC748,Galaxy,1.93939,-4.4676,12.6,2.6
NGC749,NGC749,Galaxy,1.92809,-29.9223,13.5,2.1
NGC750,NGC750,Galaxy,1.95909,33.2093,13.1,1.5
NGC751,NGC751,Galaxy,1.95916,33.2031,13.4,1.6
NGC752,NGC752,Open Cluster,1.95967,37.8334,5.7,39.0
NGC753,NGC753,Galaxy,1.96172,35.9161,12.4,1.4
NGC754,NGC754,Galaxy,1.90579,-56.7611,15.2,0.6
NGC755,NGC755,Galaxy,1.93963,-9.0614,12.6,2.9
NGC756,NGC756,Galaxy Pair,1.90807,-16.7072,15.0,0.7
NGC758,NGC758,Galaxy,1.92837,-3.0665,15.4,0.8
NGC759,NGC759,Galaxy,1.96398,36.3431,12.7,1.1
NGC760,NGC760,Double Star,1.96317,33.3554,14.5,
NGC761,NGC761,Galaxy,1.96378,33.3771,14.4,1.5
NGC762,NGC762,Galaxy,1.94939,-5.4029,14.0,1.2
NGC764,NGC764,Double Star,1.95091,-16.0625,,
NGC765,NGC765,Galaxy,1.98000,24.8925,12.5,2.6
NGC766,NGC766,Galaxy,1.97832,8.3466,14.3,1.8
NGC767,NGC767,Galaxy,1.98078,-9.5871,15.4,1.3
NGC768,NGC768,Galaxy,1.97804,0.5292,14.2,1.6
NGC769,NGC769,Galaxy,1.99331,30.9099,13.4,0.8
NGC770,NGC770,Galaxy,1.98712,18.9547,13.5,0.9
NGC771,NGC771,Star,2.05739,72.4209,4.0,
NGC772,NGC772,Galaxy,1.98877,19.0075,10.3,4.6
NGC773,NGC773,Galaxy,1.98111,-11.5146,13.9,1.4
NGC774,NGC774,Galaxy,1.99298,14.0082,14.3,1.3
NGC775,NGC775,Galaxy,1.97574,-26.2937,13.4,1.7
NGC776,NGC776,Galaxy,1.99847,23.6444,13.4,1.4
NGC777,NGC777,Galaxy,2.00414,31.4296,11.5,2.8
NGC778,NGC778,Galaxy,2.00540,31.3130,14.1,1.1
NGC779,NGC779,Galaxy,1.99508,-5.9632,11.2,1.4
NGC780,NGC780,Galaxy,2.00977,28.2251,14.6,1.6
NGC781,NGC781,Galaxy,2.00249,12.6561,13.9,1.5
NGC782,NGC782,Galaxy,1.96122,-57.7902,12.1,2.5
NGC783,NGC783,Galaxy,2.01850,31.8825,12.7,1.4
NGC784,NGC784,Galaxy,2.02137,28.8372,11.7,4.2
NGC785,NGC785,Galaxy,2.02778,31.8265,13.8,1.6
NGC786,NGC786,Galaxy,2.02353,15.6465,14.3,0.8
NGC787,NGC787,Galaxy,2.01351,-9.0026,13.6,1.9
NGC788,NGC788,Galaxy,2.01846,-6.8155,12.3,1.7
NGC789,NGC789,Galaxy,2.04056,32.0723,14.0,0.7
NGC790,NGC790,Galaxy,2.02267,-5.3710,14.0,1.4
NGC791,NGC791,Galaxy,2.02895,8.4999,14.7,1.5
NGC792,NGC792,Galaxy,2.03759,15.7122,14.5,1.3
NGC793,NGC793,Double Star,2.04848,31.9807,,
NGC794,NGC794,Galaxy,2.04148,18.3730,12.7,1.2
NGC795,NGC795,Galaxy,1.99704,-55.8242,14.3,1.3
NGC796,NGC796,Open Cluster,1.94549,-74.2200,,1.2
NGC797,NGC797,Galaxy Pair,2.05731,38.1144,,1.8
NGC798,NGC798,Galaxy,2.05544,32.0775,14.6,1.2
NGC799,NGC799,Galaxy,2.03676,-0.1006,14.1,1.7
NGC800,NGC800,Galaxy,2.03662,-0.1304,14.4,1.1
NGC801,NGC801,Galaxy,2.06245,38.2587,13.1,2.8
NGC802,NGC802,Galaxy,1.98500,-67.8701,13.7,0.9
NGC803,NGC803,Galaxy,2.06242,16.0310,12.4,2.7
NGC804,NGC804,Galaxy,2.06725,30.8329,14.6,1.3
NGC805,NGC805,Galaxy,2.07488,28.8123,14.8,1.1
NGC806,NGC806,Galaxy,2.05865,-9.9334,14.6,1.4
NGC807,NGC807,Galaxy,2.08213,28.9874,13.8,1.7
NGC808,NGC808,Galaxy,2.06572,-23.3116,13.5,1.3
NGC809,NGC809,Galaxy,2.07194,-8.7353,14.6,1.1
NGC810,NGC810,Galaxy Pair,2.09136,13.2514,,1.4
NGC811,NGC811,Galaxy,2.07634,-10.1085,15.6,1.0
NGC812,NGC812,Galaxy,2.11431,44.5729,12.7,2.7
NGC813,NGC813,Galaxy,2.02669,-68.4392,13.8,1.4
NGC814,NGC814,Galaxy,2.17712,-15.7736,14.8,1.3
NGC815,NGC815,Galaxy Pair,2.17761,-15.8128,,0.4
NGC816,NGC816,Galaxy,2.13579,29.2558,15.2,0.7
NGC817,NGC817,Galaxy,2.12603,17.2026,13.9,0.9
NGC818,NGC818,Galaxy,2.14570,38.7772,12.5,2.2
NGC819,NGC819,Galaxy,2.14288,29.2340,14.1,0.6
NGC820,NGC820,Galaxy,2.14027,14.3496,13.7,1.3
NGC821,NGC821,Galaxy,2.13921,10.9949,10.8,2.5
NGC822,NGC822,Galaxy,2.11087,-41.1567,13.2,1.4
NGC823,NGC823,Galaxy,2.12224,-25.4419,13.7,1.5
NGC824,NGC824,Galaxy,2.11479,-36.4532,14.1,1.5
NGC825,NGC825,Galaxy,2.14232,6.3237,14.4,2.1
NGC826,NGC826,Galaxy,2.15696,30.7397,15.3,1.0
NGC827,NGC827,Galaxy,2.14896,7.9715,13.9,2.2
NGC828,NGC828,Galaxy,2.16932,39.1904,12.2,2.9
NGC829,NGC829,Galaxy,2.14511,-7.7905,14.2,1.2
NGC830,NGC830,Galaxy,2.14963,-7.7668,14.3,1.4
NGC831,NGC831,Galaxy,2.15961,6.0963,15.2,0.4
NGC832,NGC832,Double Star,2.18356,35.5412,,
NGC833,NGC833,Galaxy,2.15579,-10.1331,12.9,1.6
NGC834,NGC834,Galaxy,2.18369,37.6663,13.1,1.1
NGC835,NGC835,Galaxy,2.15683,-10.1359,12.4,0.9
NGC836,NGC836,Galaxy,2.17358,-22.0549,14.5,1.1
NGC837,NGC837,Galaxy,2.17118,-22.4315,14.8,1.0
NGC838,NGC838,Galaxy,2.16070,-10.1467,12.9,1.3
NGC839,NGC839,Galaxy,2.16193,-10.1841,13.2,1.5
NGC840,NGC840,Galaxy,2.17117,7.8453,13.4,1.7
NGC841,NGC841,Galaxy,2.18816,37.4972,13.1,1.7
NGC842,NGC842,Galaxy,2.16411,-7.7625,12.7,1.7
NGC843,NGC843,Other,2.18559,32.0974,,
NGC844,NGC844,Galaxy,2.17062,6.0498,14.8,0.5
NGC845,NGC845,Galaxy,2.20550,37.4773,13.5,1.6
NGC846,NGC846,Galaxy,2.20342,44.5684,13.1,1.9
NGC848,NGC848,Galaxy,2.17157,-10.3214,13.1,1.4
NGC849,NGC849,Galaxy,2.16978,-22.3230,15.4,0.6
NGC850,NGC850,Galaxy,2.18711,-1.4856,14.0,1.2
NGC851,NGC851,Galaxy,2.18669,3.7797,14.6,1.1
NGC852,NGC852,Galaxy,2.14874,-56.7371,14.2,1.4
NGC853,NGC853,Galaxy,2.19477,-9.3060,15.9,1.8
NGC854,NGC854,Galaxy,2.19187,-35.8351,13.8,2.0
NGC855,NGC855,Galaxy,2.23430,27.8773,12.6,2.9
NGC856,NGC856,Galaxy,2.22732,-0.7173,16.5,1.2
NGC857,NGC857,Galaxy,2.21027,-31.9446,13.5,1.6
NGC858,NGC858,Galaxy,2.20838,-22.4715,13.8,1.3
NGC860,NGC860,Galaxy,2.25004,30.7788,15.1,0.6
NGC861,NGC861,Galaxy,2.26421,35.9136,14.7,1.5
NGC862,NGC862,Galaxy,2.21750,-42.0335,12.9,1.0
NGC863,NGC863,Galaxy,2.24266,-0.7667,13.7,1.3
NGC864,NGC864,Galaxy,2.25768,6.0026,11.1,3.7
NGC865,NGC865,Galaxy,2.27086,28.5997,13.9,1.6
NGC867,NGC867,Galaxy,2.28466,1.2442,14.0,1.2
NGC868,NGC868,Galaxy,2.26624,-0.7136,15.6,0.8
NGC869,h Persei Cluster,Open Cluster,2.31627,57.1172,3.7,14.4
NGC870,NGC870,Galaxy,2.28589,14.5231,16.4,0.4
NGC871,NGC871,Galaxy,2.28631,14.5478,13.6,1.0
NGC872,NGC872,Galaxy,2.25701,-17.7811,14.5,1.8
NGC873,NGC873,Galaxy,2.27566,-11.3486,12.7,1.5
NGC874,NGC874,Galaxy,2.26699,-23.3017,15.1,1.0
NGC876,NGC876,Galaxy,2.29814,14.5213,16.5,1.3
NGC877,NGC877,Galaxy,2.29990,14.5441,11.9,1.9
NGC878,NGC878,Galaxy,2.29841,-23.3841,14.7,0.9
NGC879,NGC879,Galaxy,2.28089,-8.9640,15.5,0.8
NGC880,NGC880,Galaxy,2.30755,-4.2058,15.1,0.6
NGC881,NGC881,Galaxy,2.31257,-6.6391,12.4,2.3
NGC882,NGC882,Galaxy,2.32775,15.8143,14.9,1.1
NGC883,NGC883,Galaxy,2.31811,-6.7909,13.5,1.6
NGC884,chi Persei Cluster,Open Cluster,2.37558,57.1441,3.8,10.5
NGC886,NGC886,Open Cluster,2.38660,63.7788,,4.8
NGC887,NGC887,Galaxy,2.32572,-16.0697,13.5,1.7
NGC888,NGC888,Galaxy,2.29086,-59.8611,14.5,1.2
NGC889,NGC889,Galaxy,2.31859,-41.7493,14.6,1.2
NGC890,NGC890,Galaxy,2.36695,33.2661,11.9,1.1
NGC891,NGC891,Galaxy,2.37595,42.3491,10.0,13.0
NGC892,NGC892,Galaxy,2.34778,-23.1136,15.6,0.7
NGC893,NGC893,Galaxy,2.33294,-41.4031,13.6,1.3
NGC894,NGC894,Other,2.35960,-5.5102,,
NGC895,NGC895,Galaxy,2.36013,-5.5214,11.8,3.3
NGC896,NGC896,Nebula,2.42439,62.0194,,10.0
NGC897,NGC897,Galaxy,2.35177,-33.7207,11.8,2.0
NGC898,NGC898,Galaxy,2.38899,41.9514,13.7,1.8
NGC899,NGC899,Galaxy,2.36476,-20.8232,13.1,1.6
NGC900,NGC900,Galaxy,2.39227,26.5115,15.0,0.9
NGC901,NGC901,Galaxy,2.39280,26.5571,15.7,0.8
NGC902,NGC902,Galaxy,2.37271,-16.6791,14.8,0.7
NGC903,NGC903,Galaxy,2.40024,27.3563,16.7,0.7
NGC904,NGC904,Galaxy,2.40155,27.3424,15.0,1.4
NGC905,NGC905,Galaxy,2.37877,-8.7190,15.7,0.6
NGC906,NGC906,Galaxy,2.42118,42.0899,12.9,1.5
NGC907,NGC907,Galaxy,2.38386,-20.7121,12.6,2.2
NGC908,NGC908,Galaxy,2.38460,-21.2339,10.3,6.1
NGC909,NGC909,Galaxy,2.42300,42.0357,14.5,1.0
NGC910,NGC910,Galaxy,2.42411,41.8243,12.2,1.8
NGC911,NGC911,Galaxy,2.42844,41.9563,13.9,1.7
NGC912,NGC912,Galaxy,2.42854,41.7774,14.9,0.8
NGC913,NGC913,Galaxy,2.42907,41.7994,15.0,0.6
NGC914,NGC914,Galaxy,2.43477,42.1441,13.8,1.6
NGC915,NGC915,Galaxy,2.42933,27.2210,15.2,0.8
NGC916,NGC916,Galaxy,2.42990,27.2425,15.1,1.2
NGC917,NGC917,Galaxy,2.43547,31.9123,14.4,1.8
NGC918,NGC918,Galaxy,2.43079,18.4962,13.2,3.1
NGC919,NGC919,Galaxy,2.43796,27.2121,15.4,1.3
NGC920,NGC920,Galaxy,2.46438,45.9471,15.5,1.2
NGC921,NGC921,Galaxy,2.44262,-15.8475,15.4,1.2
NGC922,NGC922,Galaxy,2.41789,-24.7882,12.0,2.1
NGC923,NGC923,Galaxy,2.45962,41.9776,14.4,0.8
NGC924,NGC924,Galaxy,2.44634,20.4975,13.7,2.0
NGC925,NGC925,Galaxy,2.45469,33.5792,10.1,10.7
NGC926,NGC926,Galaxy,2.43520,-0.3319,13.2,1.8
NGC927,NGC927,Galaxy,2.44370,12.1553,14.4,1.2
NGC928,NGC928,Galaxy,2.46139,27.2212,14.6,0.9
NGC929,NGC929,Galaxy,2.45506,-12.0869,15.0,0.9
NGC930,NGC930,Other,2.46429,20.3418,,
NGC931,NGC931,Galaxy,2.47069,31.3117,14.5,2.5
NGC932,NGC932,Galaxy,2.46519,20.3325,13.9,2.0
NGC933,NGC933,Galaxy,2.48819,45.9113,15.3,1.8
NGC934,NGC934,Galaxy,2.45915,-0.2446,13.4,1.1
NGC935,NGC935,Galaxy,2.46976,19.5991,12.8,1.6
NGC936,NGC936,Galaxy,2.46041,-1.1563,10.2,4.4
NGC937,NGC937,Galaxy,2.49113,42.2500,15.0,0.9
NGC938,NGC938,Galaxy,2.47598,20.2837,13.8,1.6
NGC939,NGC939,Galaxy,2.43926,-44.4462,14.1,1.7
NGC940,NGC940,Galaxy,2.49097,31.6409,13.3,1.6
NGC941,NGC941,Galaxy,2.47440,-1.1515,12.5,1.9
NGC942,NGC942,Galaxy,2.48618,-10.8361,14.5,1.8
NGC943,NGC943,Galaxy,2.48602,-10.8281,14.3,1.6
NGC944,NGC944,Galaxy,2.44487,-14.5156,15.0,1.0
NGC945,NGC945,Galaxy,2.47702,-10.5390,12.1,2.1
NGC946,NGC946,Galaxy,2.51067,42.2326,14.5,1.4
NGC947,NGC947,Galaxy,2.47587,-19.0421,12.6,2.1
NGC948,NGC948,Galaxy,2.47930,-10.5139,14.1,1.2
NGC949,NGC949,Galaxy,2.51351,37.1368,11.9,3.1
NGC950,NGC950,Galaxy,2.48660,-11.0247,14.5,1.2
NGC951,NGC951,Galaxy,2.48247,-22.3494,15.5,1.1
NGC953,NGC953,Galaxy,2.51938,29.5887,14.5,1.5
NGC954,NGC954,Galaxy,2.48101,-41.4027,12.9,1.8
NGC955,NGC955,Galaxy,2.50921,-1.1084,12.0,2.7
NGC956,NGC956,Open Cluster,2.54192,44.5935,8.9,4.5
NGC957,NGC957,Open Cluster,2.55529,57.5697,7.6,10.2
NGC958,NGC958,Galaxy,2.51190,-2.9390,12.2,2.5
NGC959,NGC959,Galaxy,2.53998,35.4946,12.5,1.9
NGC960,NGC960,Galaxy,2.52816,-9.3004,14.8,1.2
NGC961,NGC961,Galaxy,2.68403,-6.9359,13.2,1.8
NGC962,NGC962,Galaxy,2.54440,28.0699,14.2,1.5
NGC963,NGC963,Galaxy,2.50869,-4.2154,14.3,0.8
NGC964,NGC964,Galaxy,2.51828,-36.0347,13.5,2.2
NGC965,NGC965,Galaxy,2.54031,-18.6397,14.8,0.9
NGC966,NGC966,Galaxy,2.52977,-19.8817,13.0,1.1
NGC967,NGC967,Galaxy,2.53686,-17.2169,13.8,1.5
NGC968,NGC968,Galaxy,2.56839,34.4799,13.7,1.2
NGC969,NGC969,Galaxy,2.56894,32.9469,12.4,1.7
NGC970,NGC970,Galaxy Pair,2.56981,32.9761,,1.0
NGC971,NGC971,Star,2.57112,32.9871,,
NGC972,NGC972,Galaxy,2.57038,29.3113,11.3,3.3
NGC973,NGC973,Galaxy,2.57225,32.5056,13.6,3.3
NGC974,NGC974,Galaxy,2.57383,32.9545,14.1,3.2
NGC975,NGC975,Galaxy,2.55632,9.6017,14.2,0.8
NGC976,NGC976,Galaxy,2.56667,20.9768,12.4,1.5
NGC977,NGC977,Galaxy,2.55095,-10.7600,14.2,1.8
NGC978,NGC978,Galaxy Pair,2.57989,32.8436,,1.9
NGC978A,NGC978A,Galaxy,2.57971,32.8462,13.3,1.8
NGC978B,NGC978B,Galaxy,2.58003,32.8414,15.0,0.6
NGC979,NGC979,Galaxy,2.52744,-44.5243,13.8,1.4
NGC980,NGC980,Galaxy,2.58849,40.9265,14.2,1.6
NGC981,NGC981,Galaxy,2.54997,-10.9739,14.5,1.1
NGC982,NGC982,Galaxy,2.59024,40.8697,13.1,1.6
NGC983,NGC983,Galaxy,2.64879,34.6223,13.9,1.2
NGC984,NGC984,Galaxy,2.57864,23.4130,13.6,1.7
NGC985,NGC985,Galaxy,2.57716,-8.7876,14.1,0.9
NGC986,NGC986,Galaxy,2.55954,-39.0451,10.9,3.8
NGC986A,NGC986A,Galaxy,2.54485,-39.2962,14.0,1.9
NGC987,NGC987,Galaxy,2.61378,33.3273,13.3,1.5
NGC988,NGC988,Galaxy,2.59104,-9.3562,11.2,4.3
NGC989,NGC989,Galaxy,2.56279,-16.5112,15.1,0.9
NGC990,NGC990,Galaxy,2.60506,11.6421,12.5,1.5
NGC991,NGC991,Galaxy,2.59241,-7.1544,13.0,1.5
NGC992,NGC992,Galaxy,2.62375,21.1008,15.1,0.8
NGC993,NGC993,Galaxy,2.61279,2.0504,14.9,0.9
NGC995,NGC995,Galaxy,2.64223,41.5292,14.8,1.3
NGC996,NGC996,Galaxy,2.64441,41.6475,14.5,1.3
NGC997,NGC997,Galaxy Pair,2.62069,7.3078,,1.0
NGC998,NGC998,Galaxy,2.62125,7.3358,14.6,0.6
NGC999,NGC999,Galaxy,2.64652,41.6705,14.7,0.8
NGC1000,NGC1000,Galaxy,2.64715,41.4597,15.4,0.6
NGC1001,NGC1001,Galaxy,2.65351,41.6717,14.7,0.7
NGC1003,NGC1003,Galaxy,2.65469,40.8723,11.5,3.5
NGC1004,NGC1004,Galaxy,2.62827,1.9753,12.7,1.2
NGC1005,NGC1005,Galaxy,2.65811,41.4890,14.5,0.7
NGC1006,NGC1006,Galaxy,2.62635,-11.0250,14.1,0.9
NGC1007,NGC1007,Galaxy,2.63118,2.1560,16.4,0.6
NGC1008,NGC1008,Galaxy,2.63203,2.0796,14.9,0.9
NGC1009,NGC1009,Galaxy,2.63863,2.3100,15.3,1.4
NGC1011,NGC1011,Galaxy,2.62747,-11.0056,14.9,0.7
NGC1012,NGC1012,Galaxy,2.65414,30.1514,13.0,2.1
NGC1013,NGC1013,Galaxy,2.63069,-11.5073,15.0,1.1
NGC1014,NGC1014,Double Star,2.63357,-9.5734,,
NGC1015,NGC1015,Galaxy,2.63654,-1.3187,12.5,2.0
NGC1016,NGC1016,Galaxy,2.63877,2.1193,11.6,2.3
NGC1017,NGC1017,Galaxy,2.63051,-11.0103,14.9,0.7
NGC1018,NGC1018,Galaxy,2.63621,-9.5439,15.3,1.1
NGC1019,NGC1019,Galaxy,2.64095,1.9077,14.9,1.1
NGC1020,NGC1020,Galaxy,2.64565,2.2313,14.9,0.9
NGC1021,NGC1021,Galaxy,2.64667,2.2174,15.0,0.8
NGC1022,NGC1022,Galaxy,2.64242,-6.6774,11.3,2.6
NGC1023,NGC1023,Galaxy,2.67334,39.0633,9.5,7.4
NGC1023A,NGC1023A,Galaxy,2.67714,39.0575,13.8,1.3
NGC1024,NGC1024,Galaxy,2.65332,10.8468,12.3,2.9
NGC1025,NGC1025,Galaxy,2.60554,-54.8642,13.4,0.9
NGC1026,NGC1026,Galaxy,2.65534,6.5440,14.1,1.8
NGC1027,NGC1027,Open Cluster,2.70974,61.5944,6.7,7.8
NGC1028,NGC1028,Galaxy,2.66032,10.8437,14.8,0.9
NGC1029,NGC1029,Galaxy,2.66015,10.7933,13.1,1.6
NGC1030,NGC1030,Galaxy,2.66406,18.0243,14.4,1.5
NGC1031,NGC1031,Galaxy,2.61077,-54.8598,12.5,2.3
NGC1032,NGC1032,Galaxy,2.65657,1.0938,11.7,3.6
NGC1033,NGC1033,Galaxy,2.67114,-8.7769,14.7,1.1
NGC1034,NGC1034,Galaxy,2.63723,-15.8091,14.6,0.8
NGC1035,NGC1035,Galaxy,2.65808,-8.1329,12.9,2.1
NGC1036,NGC1036,Galaxy,2.67472,19.2971,13.2,1.4
NGC1037,NGC1037,Other,2.66622,-1.7341,,
NGC1038,NGC1038,Galaxy,2.66842,1.5088,14.3,1.4
NGC1040,NGC1040,Galaxy,2.72012,41.5006,13.9,1.7
NGC1041,NGC1041,Galaxy,2.67367,-5.4404,14.1,1.4
NGC1042,NGC1042,Galaxy,2.67332,-8.4336,11.2,3.9
NGC1043,NGC1043,Galaxy,2.67960,1.3431,15.7,0.8
NGC1044,NGC1044,Galaxy Pair,2.68517,8.7372,,1.2
NGC1045,NGC1045,Galaxy,2.67476,-11.2776,13.4,1.7
NGC1046,NGC1046,Galaxy,2.68690,8.7194,14.7,0.8
NGC1047,NGC1047,Galaxy,2.67579,-8.1477,14.4,1.4
NGC1048,NGC1048,Galaxy,2.67721,-8.5334,14.5,1.2
NGC1048A,NGC1048A,Galaxy,2.67658,-8.5472,14.5,0.8
NGC1049,Fornax Dwarf Cluster 3,Globular Cluster,2.66337,-34.2582,13.6,1.2
NGC1050,NGC1050,Galaxy,2.70989,34.7635,13.5,1.1
NGC1052,NGC1052,Galaxy,2.68467,-8.2558,11.0,2.9
NGC1054,NGC1054,Galaxy,2.70437,18.2172,14.5,0.8
NGC1055,NGC1055,Galaxy,2.69590,0.4432,10.6,6.9
NGC1056,NGC1056,Galaxy,2.71342,28.5742,12.3,1.9
NGC1057,NGC1057,Galaxy,2.71747,32.4912,15.7,1.2
NGC1058,NGC1058,Galaxy,2.72500,37.3413,11.2,2.5
NGC1059,NGC1059,Double Star,2.70989,17.9968,,
NGC1060,NGC1060,Galaxy,2.72085,32.4250,11.8,2.4
NGC1061,NGC1061,Galaxy,2.72104,32.4667,15.1,0.9
NGC1062,NGC1062,Star,2.72334,32.4621,,
NGC1063,NGC1063,Galaxy,2.70279,-5.5686,14.4,1.4
NGC1064,NGC1064,Galaxy,2.70654,-9.3623,15.0,1.0
NGC1065,NGC1065,Galaxy,2.70174,-15.0916,14.9,0.8
NGC1066,NGC1066,Galaxy,2.73054,32.4750,14.8,1.8
NGC1067,NGC1067,Galaxy,2.73070,32.5119,13.7,1.0
NGC1069,NGC1069,Galaxy,2.71662,-8.2895,14.3,1.4
NGC1070,NGC1070,Galaxy,2.72285,4.9684,12.9,2.3
NGC1071,NGC1071,Galaxy,2.71885,-8.7739,15.3,1.2
NGC1072,NGC1072,Galaxy,2.72536,0.3068,14.3,1.2
NGC1073,NGC1073,Galaxy,2.72792,1.3761,11.1,3.5
NGC1074,NGC1074,Galaxy,2.72670,-16.2971,15.2,0.9
NGC1075,NGC1075,Galaxy,2.72599,-16.2011,15.4,0.8
NGC1076,NGC1076,Galaxy,2.72479,-14.7543,13.7,1.8
NGC1077,NGC1077,Galaxy Pair,2.76714,40.0917,,1.3
NGC1077A,NGC1077A,Galaxy,2.76747,40.0933,17.1,0.5
NGC1077B,NGC1077B,Galaxy,2.76683,40.0903,14.5,1.1
NGC1078,NGC1078,Galaxy,2.73557,-9.4524,15.2,0.8
NGC1079,NGC1079,Galaxy,2.72898,-29.0034,11.4,2.6
NGC1080,NGC1080,Galaxy,2.75276,-4.7108,13.6,1.1
NGC1081,NGC1081,Galaxy,2.75153,-15.5878,14.4,1.8
NGC1082,NGC1082,Galaxy,2.76146,-8.1805,14.7,1.0
NGC1083,NGC1083,Galaxy,2.76128,-15.3578,15.2,1.6
NGC1084,NGC1084,Galaxy,2.76664,-7.5785,10.6,3.4
NGC1085,NGC1085,Galaxy,2.77369,3.6073,13.8,2.0
NGC1086,NGC1086,Galaxy,2.79899,41.2465,13.5,1.3
NGC1087,NGC1087,Galaxy,2.77366,-0.4986,11.0,3.0
NGC1088,NGC1088,Galaxy Pair,2.78456,16.2011,,1.0
NGC1089,NGC1089,Galaxy,2.76947,-15.0732,14.7,1.4
NGC1090,NGC1090,Galaxy,2.77609,-0.2472,12.0,3.3
NGC1091,NGC1091,Galaxy,2.75623,-17.5332,15.2,0.8
NGC1092,NGC1092,Galaxy,2.75821,-17.5423,14.5,1.0
NGC1093,NGC1093,Galaxy,2.80449,34.4198,14.2,1.2
NGC1094,NGC1094,Galaxy,2.79106,-0.2851,13.6,1.3
NGC1095,NGC1095,Galaxy,2.79385,4.6376,14.1,1.3
NGC1096,NGC1096,Galaxy,2.73036,-59.9134,12.8,1.8
NGC1097,NGC1097,Galaxy,2.77196,-30.2749,9.8,10.6
NGC1097A,NGC1097A,Galaxy,2.76942,-30.2281,13.2,1.0
NGC1098,NGC1098,Galaxy,2.74824,-17.6591,12.7,1.6
NGC1099,NGC1099,Galaxy,2.75501,-17.7084,13.2,2.1
NGC1100,NGC1100,Galaxy,2.76002,-17.6889,13.1,1.6
NGC1101,NGC1101,Galaxy,2.80412,4.5780,13.1,1.3
NGC1102,NGC1102,Galaxy,2.78692,-22.2088,15.3,0.9
NGC1103,NGC1103,Galaxy,2.80167,-13.9592,12.9,2.2
NGC1104,NGC1104,Galaxy,2.81075,-0.2715,14.6,1.0
NGC1105,NGC1105,Galaxy,2.72833,-15.7056,15.2,1.0
NGC1106,NGC1106,Galaxy,2.84459,41.6715,13.7,1.8
NGC1107,NGC1107,Galaxy,2.82211,8.0926,12.2,1.9
NGC1108,NGC1108,Galaxy,2.81071,-7.9511,14.7,1.0
NGC1109,NGC1109,Galaxy,2.79544,13.2553,15.4,0.8
NGC1110,NGC1110,Galaxy,2.81932,-7.8376,14.5,2.4
NGC1111,NGC1111,Galaxy,2.81093,13.2595,15.9,0.7
NGC1112,NGC1112,Galaxy,2.81677,13.2238,14.8,1.0
NGC1113,NGC1113,Star,2.83474,13.3274,,
NGC1114,NGC1114,Galaxy,2.81867,-16.9934,13.3,2.1
NGC1115,NGC1115,Galaxy,2.84038,13.2662,15.5,0.9
NGC1116,NGC1116,Galaxy,2.84325,13.3351,15.3,1.2
NGC1117,NGC1117,Galaxy,2.85364,13.1853,14.9,0.7
NGC1118,NGC1118,Galaxy,2.83296,-12.1637,14.2,2.0
NGC1119,NGC1119,Galaxy,2.80474,-17.9876,15.1,0.5
NGC1120,NGC1120,Galaxy,2.81780,-14.4707,14.9,1.8
NGC1121,NGC1121,Galaxy,2.84422,-1.7341,13.7,0.9
NGC1122,NGC1122,Galaxy,2.88089,42.2050,12.9,1.4
NGC1124,NGC1124,Galaxy,2.85998,-25.7018,14.8,1.1
NGC1125,NGC1125,Galaxy,2.86119,-16.6510,12.8,1.5
NGC1126,NGC1126,Galaxy,2.87184,-1.2960,15.3,0.9
NGC1127,NGC1127,Galaxy,2.88107,13.2564,16.2,0.7
NGC1128,NGC1128,Galaxy Pair,2.96155,6.0247,,0.8
NGC1129,NGC1129,Galaxy,2.90761,41.5796,13.6,2.8
NGC1130,NGC1130,Galaxy,2.90677,41.6056,15.6,0.7
NGC1131,NGC1131,Galaxy,2.90944,41.5590,15.4,0.5
NGC1132,NGC1132,Galaxy,2.88109,-1.2747,12.3,1.9
NGC1133,NGC1133,Galaxy,2.87839,-8.8044,14.9,1.0
NGC1134,NGC1134,Galaxy,2.89482,13.0141,13.1,2.2
NGC1135,NGC1135,Galaxy,2.84645,-54.9296,16.2,0.7
NGC1136,NGC1136,Galaxy,2.84825,-54.9759,13.0,1.4
NGC1137,NGC1137,Galaxy,2.90076,2.9621,12.8,1.1
NGC1138,NGC1138,Galaxy,2.94346,43.0474,14.1,1.7
NGC1139,NGC1139,Galaxy,2.87967,-14.5293,15.9,1.0
NGC1140,NGC1140,Galaxy,2.90933,-10.0278,12.4,2.0
NGC1143,NGC1143,Galaxy,2.91936,-0.1779,14.3,1.2
NGC1144,NGC1144,Galaxy,2.92006,-0.1836,14.0,1.1
NGC1145,NGC1145,Galaxy,2.90931,-18.6351,12.5,3.4
NGC1146,NGC1146,Other,2.96037,46.4269,,
NGC1147,NGC1147,Other,2.91925,-9.1196,,
NGC1148,NGC1148,Galaxy,2.95121,-7.6856,14.6,1.3
NGC1149,NGC1149,Galaxy,2.95663,-0.3094,15.0,0.7
NGC1150,NGC1150,Galaxy,2.95039,-15.0484,15.0,1.1
NGC1151,NGC1151,Galaxy,2.95129,-15.0130,15.9,0.6
NGC1152,NGC1152,Galaxy,2.95934,-7.7588,14.3,1.3
NGC1153,NGC1153,Galaxy,2.96952,3.3619,13.5,1.2
NGC1154,NGC1154,Galaxy,2.96880,-10.3633,13.9,1.0
NGC1155,NGC1155,Galaxy,2.97030,-10.3506,14.2,1.1
NGC1156,NGC1156,Galaxy,2.99508,25.2378,11.6,3.0
NGC1157,NGC1157,Galaxy,2.96852,-15.1185,15.5,0.7
NGC1158,NGC1158,Galaxy,2.95318,-14.3955,15.9,0.9
NGC1159,NGC1159,Galaxy,3.01292,43.1626,14.2,0.5
NGC1160,NGC1160,Galaxy,3.02035,44.9554,12.8,2.4
NGC1161,NGC1161,Galaxy,3.02059,44.8973,11.9,2.7
NGC1162,NGC1162,Galaxy,2.98222,-12.3986,13.9,1.6
NGC1163,NGC1163,Galaxy,3.00614,-17.1525,13.8,2.3
NGC1164,NGC1164,Galaxy,3.03329,42.5849,14.5,1.2
NGC1165,NGC1165,Galaxy,2.97991,-32.0992,13.8,2.3
NGC1166,NGC1166,Galaxy,3.00972,11.8428,15.3,1.0
NGC1167,NGC1167,Galaxy,3.02844,35.2058,12.6,1.8
NGC1168,NGC1168,Galaxy,3.01306,11.7723,15.3,1.0
NGC1169,NGC1169,Galaxy,3.05965,46.3864,11.4,3.3
NGC1170,NGC1170,Other,3.04080,27.0727,,
NGC1171,NGC1171,Galaxy,3.06639,43.3983,13.5,1.8
NGC1172,NGC1172,Galaxy,3.02668,-14.8366,11.8,2.3
NGC1173,NGC1173,Other,3.06603,42.3837,,
NGC1174,NGC1174,Galaxy,3.09191,42.8355,12.3,3.6
NGC1175,NGC1175,Galaxy,3.07565,42.3393,12.8,1.8
NGC1176,NGC1176,Star,3.07636,42.3934,14.6,
NGC1177,NGC1177,Galaxy,3.07698,42.3628,15.7,0.6
NGC1178,NGC1178,Star,3.07745,42.3135,15.3,
NGC1179,NGC1179,Galaxy,3.04402,-18.8978,12.0,3.7
NGC1180,NGC1180,Galaxy,3.03084,-15.0298,15.8,0.7
NGC1181,NGC1181,Galaxy,3.02854,-15.0523,16.3,0.9
NGC1182,NGC1182,Galaxy,3.05790,-9.6703,14.8,0.8
NGC1183,NGC1183,Star,3.07949,42.3689,15.0,
NGC1184,NGC1184,Galaxy,3.27917,80.7933,12.2,3.5
NGC1185,NGC1185,Galaxy,3.04986,-9.1321,14.5,1.4
NGC1187,NGC1187,Galaxy,3.04377,-22.8672,10.9,4.1
NGC1188,NGC1188,Galaxy,3.06205,-15.4846,14.6,1.2
NGC1189,NGC1189,Galaxy,3.05680,-15.6235,14.4,1.4
NGC1190,NGC1190,Galaxy,3.05726,-15.6619,15.2,0.8
NGC1191,NGC1191,Galaxy,3.05858,-15.6853,15.3,0.8
NGC1192,NGC1192,Galaxy,3.05962,-15.6788,15.4,0.8
NGC1193,NGC1193,Open Cluster,3.09880,44.3831,12.6,2.4
NGC1194,NGC1194,Galaxy,3.06364,-1.1038,13.8,1.6
NGC1195,NGC1195,Galaxy,3.05911,-12.0398,15.1,0.6
NGC1196,NGC1196,Galaxy,3.05978,-12.0763,14.1,1.5
NGC1197,NGC1197,Other,3.10395,44.0612,,
NGC1198,NGC1198,Galaxy,3.10368,41.8489,13.9,2.0
NGC1199,NGC1199,Galaxy,3.06067,-15.6132,11.4,2.8
NGC1200,NGC1200,Galaxy,3.06513,-11.9918,13.8,2.9
NGC1201,NGC1201,Galaxy,3.06888,-26.0696,10.8,3.4
NGC1202,NGC1202,Galaxy,3.08404,-6.4916,15.2,0.7
NGC1203,NGC1203,Galaxy Pair,3.08728,-14.3789,,1.1
NGC1203A,NGC1203A,Galaxy,3.08725,-14.3811,15.0,0.8
NGC1203B,NGC1203B,Galaxy,3.08731,-14.3778,16.0,0.6
NGC1204,NGC1204,Galaxy,3.07776,-12.3414,14.2,1.5
NGC1206,NGC1206,Galaxy,3.10271,-8.8332,15.9,0.8
NGC1207,NGC1207,Galaxy,3.13764,38.3822,13.6,1.7
NGC1208,NGC1208,Galaxy,3.10331,-9.5414,13.3,2.2
NGC1209,NGC1209,Galaxy,3.10084,-15.6113,11.4,2.2
NGC1210,NGC1210,Galaxy,3.11260,-25.7164,12.7,1.2
NGC1211,NGC1211,Galaxy,3.11456,-0.7945,12.3,1.5
NGC1212,NGC1212,Galaxy,3.16173,40.8931,16.0,0.9
NGC1213,NGC1213,Galaxy,3.15481,38.6494,15.7,0.9
NGC1214,NGC1214,Galaxy,3.11556,-9.5442,15.0,1.6
NGC1215,NGC1215,Galaxy,3.11929,-9.5927,15.0,1.7
NGC1216,NGC1216,Galaxy,3.12182,-9.6128,15.9,0.9
NGC1217,NGC1217,Galaxy,3.10167,-39.0364,13.3,1.9
NGC1218,NGC1218,Galaxy,3.14062,4.1109,13.2,1.4
NGC1219,NGC1219,Galaxy,3.14110,2.1086,13.0,1.2
NGC1220,NGC1220,Open Cluster,3.19463,53.3482,11.8,2.4
NGC1221,NGC1221,Galaxy,3.13765,-4.2595,14.6,1.5
NGC1222,NGC1222,Galaxy,3.14909,-2.9551,12.6,1.6
NGC1223,NGC1223,Galaxy,3.13887,-4.1384,13.9,1.3
NGC1224,NGC1224,Galaxy,3.18710,41.3637,15.4,1.4
NGC1225,NGC1225,Galaxy,3.14645,-4.1016,14.8,1.2
NGC1226,NGC1226,Galaxy,3.18482,35.3868,14.5,1.2
NGC1227,NGC1227,Galaxy,3.18548,35.3249,15.7,0.7
NGC1228,NGC1228,Galaxy,3.13659,-22.9229,14.3,1.5
NGC1229,NGC1229,Galaxy,3.13633,-22.9608,14.4,1.0
NGC1230,NGC1230,Galaxy,3.13789,-22.9840,15.5,0.7
NGC1231,NGC1231,Galaxy,3.10814,-15.5691,15.0,1.0
NGC1232,NGC1232,Galaxy,3.16264,-20.5793,10.1,6.8
NGC1232A,NGC1232A,Galaxy,3.16719,-20.6006,15.3,0.8
NGC1233,NGC1233,Galaxy,3.20920,39.3189,13.2,1.5
NGC1234,NGC1234,Galaxy,3.16086,-7.8462,15.2,1.6
NGC1236,NGC1236,Galaxy,3.19111,10.8083,15.7,0.7
NGC1237,NGC1237,Double Star,3.16916,-8.6923,,
NGC1238,NGC1238,Galaxy,3.18131,-10.7481,14.3,1.5
NGC1239,NGC1239,Galaxy,3.18159,-2.5531,14.6,1.2
NGC1240,NGC1240,Double Star,3.22408,30.5072,,
NGC1241,NGC1241,Galaxy,3.18740,-8.9221,12.6,2.7
NGC1242,NGC1242,Galaxy,3.18870,-8.9024,13.7,1.1
NGC1243,NGC1243,Double Star,3.19041,-8.9453,,
NGC1244,NGC1244,Galaxy,3.10864,-66.7756,13.9,1.4
NGC1245,NGC1245,Open Cluster,3.24485,47.2387,8.4,11.4
NGC1246,NGC1246,Galaxy,3.11725,-66.9386,13.9,1.4
NGC1247,NGC1247,Galaxy,3.20398,-10.4811,12.5,3.5
NGC1248,NGC1248,Galaxy,3.21349,-5.2247,12.7,1.2
NGC1249,NGC1249,Galaxy,3.16701,-53.3358,11.8,3.6
NGC1250,NGC1250,Galaxy,3.25586,41.3554,12.8,2.3
NGC1251,NGC1251,Double Star,3.23586,1.4565,,
NGC1252,NGC1252,Open Cluster,3.17897,-57.7586,,7.2
NGC1253,NGC1253,Galaxy,3.23585,-2.8229,11.8,4.6
NGC1253A,NGC1253A,Galaxy,3.23981,-2.8008,13.8,1.0
NGC1254,NGC1254,Galaxy,3.24001,2.6774,15.4,1.0
NGC1255,NGC1255,Galaxy,3.22557,-25.7252,11.2,4.0
NGC1256,NGC1256,Galaxy,3.23285,-21.9864,13.6,1.1
NGC1257,NGC1257,Double Star,3.28321,41.5291,,
NGC1258,NGC1258,Galaxy,3.23485,-21.7743,13.9,1.4
NGC1259,NGC1259,Galaxy,3.28813,41.3855,15.2,0.9
NGC1260,NGC1260,Galaxy,3.29090,41.4052,14.3,1.3
NGC1261,NGC1261,Globular Cluster,3.20426,-55.2168,8.6,5.1
NGC1262,NGC1262,Galaxy,3.25933,-15.8793,14.2,0.9
NGC1263,NGC1263,Galaxy,3.26099,-15.0983,15.0,0.9
NGC1264,NGC1264,Galaxy,3.29988,41.5203,15.2,1.0
NGC1265,NGC1265,Galaxy,3.30435,41.8578,11.9,1.9
NGC1266,NGC1266,Galaxy,3.26687,-2.4274,14.4,1.5
NGC1267,NGC1267,Galaxy,3.31248,41.4677,13.0,1.1
NGC1268,NGC1268,Galaxy,3.31254,41.4887,14.8,1.0
NGC1269,NGC1269,Galaxy,3.28850,-41.1081,8.7,11.2
NGC1270,NGC1270,Galaxy,3.31615,41.4700,13.0,1.1
NGC1271,NGC1271,Galaxy,3.31980,41.3533,15.1,0.8
NGC1272,NGC1272,Galaxy,3.32258,41.4906,11.9,2.5
NGC1273,NGC1273,Galaxy,3.32409,41.5405,13.2,0.9
NGC1274,NGC1274,Galaxy,3.32793,41.5486,15.1,0.8
NGC1275,Perseus A,Galaxy,3.33004,41.5117,12.2,2.2
NGC1276,NGC1276,Double Star,3.33089,41.6420,,
NGC1277,NGC1277,Galaxy,3.33097,41.5735,13.5,1.0
NGC1278,NGC1278,Galaxy,3.33171,41.5634,12.4,1.4
NGC1279,NGC1279,Galaxy,3.33307,41.4795,17.2,0.6
NGC1280,NGC1280,Galaxy,3.29919,-0.1691,13.4,0.9
NGC1281,NGC1281,Galaxy,3.33503,41.6300,13.3,0.8
NGC1282,NGC1282,Galaxy,3.33670,41.3670,12.9,1.4
NGC1283,NGC1283,Galaxy,3.33764,41.3987,13.6,0.9
NGC1284,NGC1284,Galaxy,3.29597,-10.2891,14.4,1.9
NGC1285,NGC1285,Galaxy,3.29818,-7.2978,13.6,1.6
NGC1286,NGC1286,Galaxy,3.29681,-7.6169,14.7,1.0
NGC1287,NGC1287,Galaxy,3.30930,-2.7308,14.7,0.8
NGC1288,NGC1288,Galaxy,3.28700,-32.5759,12.2,2.3
NGC1289,NGC1289,Galaxy,3.31384,-1.9733,12.6,1.8
NGC1290,NGC1290,Galaxy,3.32366,-13.9896,15.4,0.7
NGC1292,NGC1292,Galaxy,3.30414,-27.6103,12.1,2.9
NGC1293,NGC1293,Galaxy,3.36013,41.3928,13.4,0.9
NGC1294,NGC1294,Galaxy,3.36110,41.3606,13.3,1.4
NGC1295,NGC1295,Galaxy,3.33425,-13.9982,15.0,1.0
NGC1296,NGC1296,Galaxy,3.31381,-13.0624,14.8,0.9
NGC1297,NGC1297,Galaxy,3.32062,-19.1000,14.7,2.4
NGC1298,NGC1298,Galaxy,3.33697,-2.1141,14.0,1.0
NGC1299,NGC1299,Galaxy,3.33602,-6.2620,13.6,1.2
NGC1300,NGC1300,Galaxy,3.32808,-19.4114,10.5,6.0
NGC1301,NGC1301,Galaxy,3.34315,-18.7153,13.4,2.4
NGC1302,NGC1302,Galaxy,3.33088,-26.0604,10.6,4.3
NGC1303,NGC1303,Galaxy,3.34466,-7.3944,14.7,1.1
NGC1304,NGC1304,Galaxy,3.35355,-4.5841,14.4,1.3
NGC1305,NGC1305,Galaxy,3.35638,-2.3168,12.0,1.3
NGC1306,NGC1306,Galaxy,3.35083,-25.5126,13.8,1.1
NGC1308,NGC1308,Galaxy,3.37459,-2.7571,14.7,1.1
NGC1309,NGC1309,Galaxy,3.36849,-15.4001,11.6,2.4
NGC1310,NGC1310,Galaxy,3.35095,-37.1017,12.1,2.1
NGC1311,NGC1311,Galaxy,3.33527,-52.1855,12.9,3.2
NGC1312,NGC1312,Double Star,3.39492,1.1847,,
NGC1313,NGC1313,Galaxy,3.30446,-66.4982,9.5,11.1
NGC1313A,NGC1313A,Galaxy,3.33492,-66.7011,14.7,1.2
NGC1314,NGC1314,Galaxy,3.37810,-4.1866,14.9,1.5
NGC1315,NGC1315,Galaxy,3.38516,-21.3752,13.7,1.6
NGC1316,Fornax A,Galaxy,3.37826,-37.2082,8.5,13.5
NGC1316A,NGC1316A,Galaxy,3.39386,-36.9039,14.7,1.0
NGC1316B,NGC1316B,Galaxy,3.39433,-36.9083,15.1,0.7
NGC1316C,NGC1316C,Galaxy,3.41622,-37.0094,14.3,1.5
NGC1317,Fornax B,Galaxy,3.37897,-37.1037,10.9,3.1
NGC1319,NGC1319,Galaxy,3.39902,-21.5277,13.9,1.5
NGC1320,NGC1320,Galaxy,3.41353,-3.0423,13.4,1.9
NGC1321,NGC1321,Galaxy,3.41349,-3.0156,13.7,1.0
NGC1322,NGC1322,Galaxy,3.41520,-2.9192,14.3,1.1
NGC1323,NGC1323,Galaxy,3.41558,-2.8221,16.0,0.7
NGC1324,NGC1324,Galaxy,3.41713,-5.7458,13.4,2.4
NGC1325,NGC1325,Galaxy,3.40710,-21.5440,11.5,4.3
NGC1325A,NGC1325A,Galaxy,3.41347,-21.3361,12.8,1.9
NGC1326,NGC1326,Galaxy,3.39900,-36.4647,10.4,4.3
NGC1326A,NGC1326A,Galaxy,3.41903,-36.3639,14.1,2.1
NGC1326B,NGC1326B,Galaxy,3.42231,-36.3850,13.3,3.9
NGC1327,NGC1327,Galaxy,3.42309,-25.6803,15.5,1.1
NGC1328,NGC1328,Galaxy,3.42753,-4.1249,14.7,1.0
NGC1329,NGC1329,Galaxy,3.43405,-17.5915,12.7,1.6
NGC1330,NGC1330,Other,3.48457,41.6752,,
NGC1331,NGC1331,Galaxy,3.44119,-21.3553,13.4,0.9
NGC1332,NGC1332,Galaxy,3.43813,-21.3352,10.4,5.3
NGC1333,NGC1333,Cluster + Nebula,3.48200,31.3700,10.9,19.5
NGC1334,NGC1334,Galaxy,3.50051,41.8320,14.7,1.2
NGC1335,NGC1335,Galaxy,3.50541,41.5728,15.7,0.9
NGC1336,NGC1336,Galaxy,3.44228,-35.7136,12.3,2.0
NGC1337,NGC1337,Galaxy,3.46832,-8.3886,12.9,4.9
NGC1338,NGC1338,Galaxy,3.48182,-12.1534,14.0,1.3
NGC1339,NGC1339,Galaxy,3.46849,-32.2861,11.8,2.0
NGC1340,NGC1340,Galaxy,3.47213,-31.0682,10.4,5.1
NGC1341,NGC1341,Galaxy,3.46623,-37.1500,12.4,1.4
NGC1342,NGC1342,Open Cluster,3.52781,37.3794,6.7,6.3
NGC1343,NGC1343,Galaxy,3.63047,72.5713,12.4,2.4
NGC1345,NGC1345,Galaxy,3.49214,-17.7784,13.8,1.3
NGC1346,NGC1346,Galaxy,3.50369,-5.5433,16.4,1.4
NGC1347,NGC1347,Galaxy Pair,3.49486,-22.2850,,1.8
NGC1348,NGC1348,Open Cluster,3.56902,51.4205,,3.6
NGC1349,NGC1349,Galaxy,3.52431,4.3808,13.1,0.9
NGC1350,NGC1350,Galaxy,3.51892,-33.6286,10.3,5.2
NGC1351,NGC1351,Galaxy,3.50972,-34.8539,11.5,3.4
NGC1351A,NGC1351A,Galaxy,3.48019,-35.1781,13.8,2.5
NGC1352,NGC1352,Galaxy,3.52583,-19.2784,13.3,1.1
NGC1353,NGC1353,Galaxy,3.53417,-20.8192,11.5,3.6
NGC1354,NGC1354,Galaxy,3.54149,-15.2211,13.5,2.6
NGC1355,NGC1355,Galaxy,3.55653,-4.9987,13.2,1.7
NGC1356,NGC1356,Galaxy,3.51133,-50.3096,13.1,1.2
NGC1357,NGC1357,Galaxy,3.55474,-13.6641,11.4,3.4
NGC1358,NGC1358,Galaxy,3.56102,-5.0894,12.8,2.1
NGC1359,NGC1359,Galaxy,3.56325,-19.4921,12.3,1.5
NGC1360,NGC1360,Planetary Nebula,3.55407,-25.8717,9.4,6.4
NGC1361,NGC1361,Galaxy,3.57159,-6.2650,14.7,1.2
NGC1362,NGC1362,Galaxy,3.56474,-20.2826,13.8,1.3
NGC1363,NGC1363,Galaxy,3.58044,-9.8425,14.0,0.9
NGC1364,NGC1364,Galaxy,3.58305,-9.8386,15.4,0.6
NGC1365,NGC1365,Galaxy,3.56010,-36.1404,10.1,12.0
NGC1366,NGC1366,Galaxy,3.56491,-31.1941,11.9,2.0
NGC1367,NGC1367,Galaxy,3.58371,-24.9332,10.7,4.9
NGC1368,NGC1368,Galaxy,3.58303,-15.6559,15.2,1.1
NGC1369,NGC1369,Galaxy,3.61257,-36.2562,13.7,2.2
NGC1370,NGC1370,Galaxy,3.58738,-20.3737,13.5,1.5
NGC1372,NGC1372,Galaxy,3.61659,-15.8815,15.3,0.7
NGC1373,NGC1373,Galaxy,3.58311,-35.1711,13.3,1.2
NGC1374,NGC1374,Galaxy,3.58794,-35.2263,11.1,2.9
NGC1375,NGC1375,Galaxy,3.58801,-35.2657,12.4,2.3
NGC1376,NGC1376,Galaxy,3.61831,-5.0427,12.8,1.9
NGC1377,NGC1377,Galaxy,3.61086,-20.9022,13.5,2.1
NGC1378,NGC1378,Double Star,3.59950,-35.2112,,
NGC1379,NGC1379,Galaxy,3.60110,-35.4412,11.0,2.7
NGC1380,NGC1380,Galaxy,3.60766,-34.9762,9.9,4.6
NGC1380A,NGC1380A,Galaxy,3.61319,-34.7397,12.4,2.8
NGC1381,NGC1381,Galaxy,3.60880,-35.2952,11.5,2.5
NGC1382,NGC1382,Galaxy,3.61916,-35.1950,12.9,2.0
NGC1383,NGC1383,Galaxy,3.62757,-18.3395,12.5,2.0
NGC1384,NGC1384,Galaxy,3.65377,15.8196,15.6,0.8
NGC1385,NGC1385,Galaxy,3.62468,-24.5003,11.0,3.4
NGC1386,NGC1386,Galaxy,3.61283,-35.9994,11.9,3.6
NGC1387,NGC1387,Galaxy,3.61585,-35.5066,10.8,3.0
NGC1388,NGC1388,Galaxy,3.63667,-15.8994,14.8,0.8
NGC1389,NGC1389,Galaxy,3.61994,-35.7456,11.5,2.6
NGC1390,NGC1390,Galaxy,3.63116,-19.0084,14.1,1.4
NGC1391,NGC1391,Galaxy,3.64804,-18.3541,13.3,1.2
NGC1392,NGC1392,Galaxy,3.62973,-36.1474,16.9,0.3
NGC1393,NGC1393,Galaxy,3.64405,-18.4280,12.1,1.9
NGC1394,NGC1394,Galaxy,3.65192,-18.2923,12.8,1.5
NGC1395,NGC1395,Galaxy,3.64160,-23.0275,9.7,4.7
NGC1396,NGC1396,Galaxy,3.63515,-35.4401,14.9,0.9
NGC1397,NGC1397,Galaxy,3.66310,-4.6701,14.7,1.0
NGC1398,NGC1398,Galaxy,3.64781,-26.3378,9.6,7.0
NGC1399,NGC1399,Galaxy,3.64140,-35.4507,9.4,8.5
NGC1400,NGC1400,Galaxy,3.65857,-18.6881,11.1,2.8
NGC1401,NGC1401,Galaxy,3.65607,-22.7247,12.3,2.5
NGC1402,NGC1402,Galaxy,3.65849,-18.5269,13.5,0.9
NGC1403,NGC1403,Galaxy,3.65301,-22.3887,12.7,1.5
NGC1404,NGC1404,Galaxy,3.64776,-35.5944,9.9,5.0
NGC1405,NGC1405,Galaxy,3.67192,-15.5302,15.0,1.6
NGC1406,NGC1406,Galaxy,3.65647,-31.3214,11.8,4.5
NGC1407,NGC1407,Galaxy,3.66996,-18.5801,9.7,5.7
NGC1408,NGC1408,Double Star,3.65480,-35.5008,,
NGC1409,NGC1409,Galaxy,3.68623,-1.3026,14.8,0.8
NGC1410,NGC1410,Galaxy,3.68632,-1.2988,15.2,1.2
NGC1411,NGC1411,Galaxy,3.64580,-44.1006,11.2,2.5
NGC1412,NGC1412,Galaxy,3.67482,-26.8623,13.1,1.1
NGC1413,NGC1413,Galaxy,3.66987,-15.6108,15.2,0.9
NGC1414,NGC1414,Galaxy,3.68251,-21.7131,14.7,1.7
NGC1415,NGC1415,Galaxy,3.68246,-22.5645,11.5,3.7
NGC1416,NGC1416,Galaxy,3.68414,-22.7191,14.2,1.5
NGC1417,NGC1417,Galaxy,3.69928,-4.7049,12.1,2.5
NGC1418,NGC1418,Galaxy,3.70449,-4.7308,13.7,1.1
NGC1419,NGC1419,Galaxy,3.67836,-37.5108,12.6,1.5
NGC1420,NGC1420,Other,3.71107,-5.8526,,
NGC1421,NGC1421,Galaxy,3.70813,-13.4880,11.5,3.5
NGC1422,NGC1422,Galaxy,3.69196,-21.6815,14.1,2.5
NGC1423,NGC1423,Galaxy,3.71114,-6.3818,14.8,1.0
NGC1424,NGC1424,Galaxy,3.72057,-4.7301,13.8,1.4
NGC1425,NGC1425,Galaxy,3.70319,-29.8933,10.7,4.9
NGC1426,NGC1426,Galaxy,3.71364,-22.1084,11.5,2.9
NGC1427,NGC1427,Galaxy,3.70539,-35.3926,10.9,4.3
NGC1427A,NGC1427A,Galaxy,3.66925,-35.6244,13.4,2.3
NGC1428,NGC1428,Galaxy,3.70631,-35.1540,13.8,1.5
NGC1429,NGC1429,Other,3.73448,-4.7181,,
NGC1430,NGC1430,Star,3.72367,-18.2251,,
NGC1431,NGC1431,Galaxy,3.74467,2.8349,15.6,0.9
NGC1432,Maia Nebula,HII Region,3.76377,24.3679,,60.0
NGC1433,NGC1433,Galaxy,3.70043,-47.2221,9.9,6.2
NGC1434,NGC1434,Galaxy,3.77024,-9.6826,15.4,0.8
NGC1435,Merope Nebula,Nebula,3.76947,23.7650,,30.0
NGC1436,NGC1436,Galaxy,3.72697,-35.8530,11.7,3.0
NGC1437B,NGC1437B,Galaxy,3.76522,-36.3569,13.9,2.9
NGC1438,NGC1438,Galaxy,3.75479,-23.0025,12.4,2.0
NGC1439,NGC1439,Galaxy,3.74721,-21.9206,11.4,3.0
NGC1440,NGC1440,Galaxy,3.75081,-18.2660,11.6,2.6
NGC1441,NGC1441,Galaxy,3.76198,-4.0916,12.9,1.9
NGC1443,NGC1443,Star,3.76473,-4.0527,,
NGC1444,NGC1444,Open Cluster,3.82469,52.6553,6.6,3.6
NGC1445,NGC1445,Galaxy,3.74895,-9.8559,15.0,0.8
NGC1446,NGC1446,Star,3.76596,-4.1122,13.5,
NGC1447,NGC1447,Galaxy,3.76310,-9.0187,16.0,0.9
NGC1448,NGC1448,Galaxy,3.74220,-44.6448,10.9,8.0
NGC1449,NGC1449,Galaxy,3.76752,-4.1381,13.5,0.9
NGC1450,NGC1450,Galaxy,3.76018,-9.2349,15.2,0.9
NGC1451,NGC1451,Galaxy,3.76866,-4.0692,13.3,0.8
NGC1452,NGC1452,Galaxy,3.75620,-18.6336,11.8,2.4
NGC1453,NGC1453,Galaxy,3.77424,-3.9688,11.4,2.5
NGC1454,NGC1454,Star,3.76648,-20.6523,,
NGC1456,NGC1456,Double Star,3.80229,22.5586,11.0,
NGC1458,NGC1458,Other,3.78286,-18.2411,,
NGC1459,NGC1459,Galaxy,3.78276,-25.5218,13.7,1.8
NGC1460,NGC1460,Galaxy,3.77048,-36.6963,13.5,1.9
NGC1461,NGC1461,Galaxy,3.80754,-16.3929,11.8,2.9
NGC1462,NGC1462,Galaxy,3.83984,6.9731,15.2,0.9
NGC1463,NGC1463,Galaxy,3.77095,-59.8101,13.5,1.3
NGC1464,NGC1464,Galaxy,3.85681,-15.4023,14.7,0.8
NGC1465,NGC1465,Galaxy,3.89220,32.4928,14.8,2.0
NGC1466,NGC1466,Globular Cluster,3.74260,-71.6716,11.6,3.5
NGC1467,NGC1467,Galaxy,3.86467,-8.8382,15.2,1.2
NGC1468,NGC1468,Galaxy,3.87016,-6.3489,15.0,1.2
NGC1469,NGC1469,Galaxy,4.00771,68.5777,14.4,2.2
NGC1470,NGC1470,Galaxy,3.86940,-8.9994,14.6,1.6
NGC1472,NGC1472,Galaxy,3.89649,-8.5685,16.0,0.7
NGC1473,NGC1473,Galaxy,3.79064,-68.2206,12.9,1.5
NGC1474,NGC1474,Galaxy,3.90843,10.7070,13.8,1.0
NGC1475,NGC1475,Galaxy,3.89717,-8.1375,16.4,0.7
NGC1476,NGC1476,Galaxy,3.86911,-44.5325,13.8,1.5
NGC1477,NGC1477,Galaxy,3.90080,-8.5750,16.2,0.8
NGC1478,NGC1478,Galaxy,3.90204,-8.5554,16.2,0.6
NGC1479,NGC1479,Other,3.90568,-10.2086,,
NGC1480,NGC1480,Other,3.90899,-10.2588,,
NGC1481,NGC1481,Galaxy,3.90804,-20.4272,14.6,1.0
NGC1482,NGC1482,Galaxy,3.91082,-20.5027,12.1,2.5
NGC1483,NGC1483,Galaxy,3.87990,-47.4775,12.8,1.9
NGC1484,NGC1484,Galaxy,3.90559,-36.9689,13.7,2.7
NGC1485,NGC1485,Galaxy,4.08443,70.9965,12.4,2.2
NGC1486,NGC1486,Galaxy,3.93853,-21.8211,15.2,0.9
NGC1487,NGC1487,Galaxy Pair,3.92947,-42.3681,,4.4
NGC1488,NGC1488,Double Star,4.00120,18.5673,,
NGC1489,NGC1489,Galaxy,3.96058,-19.2166,13.8,1.7
NGC1490,NGC1490,Galaxy,3.89284,-66.0181,13.6,1.4
NGC1491,NGC1491,HII Region,4.05377,51.3161,,9.0
NGC1492,NGC1492,Galaxy,3.97031,-35.4464,14.3,0.8
NGC1493,NGC1493,Galaxy,3.95762,-46.2107,11.4,3.4
NGC1494,NGC1494,Galaxy,3.96192,-48.9081,11.9,3.5
NGC1495,NGC1495,Galaxy,3.97273,-44.4663,12.6,2.2
NGC1496,NGC1496,Open Cluster,4.07552,52.6614,9.6,2.1
NGC1497,NGC1497,Galaxy,4.03523,23.1329,14.6,1.2
NGC1498,NGC1498,Open Cluster,4.00536,-12.0197,,
NGC1499,California Nebula,Nebula,4.05401,36.3675,5.0,160.0
NGC1500,NGC1500,Galaxy,3.97055,-52.3282,14.8,1.5
NGC1501,NGC1501,Planetary Nebula,4.11649,60.9207,11.5,0.9
NGC1502,NGC1502,Open Cluster,4.13036,62.3315,6.9,10.2
NGC1503,NGC1503,Galaxy,3.94257,-66.0407,14.4,1.0
NGC1504,NGC1504,Galaxy,4.04158,-9.3354,15.5,0.8
NGC1505,NGC1505,Galaxy,4.04344,-9.3224,14.7,1.2
NGC1506,NGC1506,Galaxy,4.00599,-52.5737,13.2,1.6
NGC1507,NGC1507,Galaxy,4.07423,-2.1886,12.4,3.8
NGC1508,NGC1508,Galaxy,4.09657,25.4085,15.2,0.6
NGC1509,NGC1509,Galaxy,4.06533,-11.1790,14.6,0.8
NGC1510,NGC1510,Galaxy,4.05907,-43.4001,13.0,1.3
NGC1511,NGC1511,Galaxy,3.99361,-67.6343,11.3,3.7
NGC1511A,NGC1511A,Galaxy,4.00517,-67.8069,14.3,1.9
NGC1511B,NGC1511B,Galaxy,4.01519,-67.6119,15.2,1.4
NGC1512,NGC1512,Galaxy,4.06508,-43.3489,10.4,8.4
NGC1513,NGC1513,Open Cluster,4.16519,49.5173,8.4,5.1
NGC1514,NGC1514,Planetary Nebula,4.15471,30.7759,10.2,2.2
NGC1515,NGC1515,Galaxy,4.06742,-54.1001,11.0,5.5
NGC1515A,NGC1515A,Galaxy,4.06383,-54.1131,15.4,0.9
NGC1516,NGC1516,Galaxy Pair,4.13547,-8.8314,,1.7
NGC1516A,NGC1516A,Galaxy,4.13539,-8.8292,14.1,0.9
NGC1516B,NGC1516B,Galaxy,4.13564,-8.8357,15.0,1.3
NGC1517,NGC1517,Galaxy,4.15331,8.6488,14.2,1.0
NGC1518,NGC1518,Galaxy,4.11381,-21.1726,11.8,3.5
NGC1519,NGC1519,Galaxy,4.13544,-17.1929,13.0,2.5
NGC1520,NGC1520,Open Cluster,3.95860,-76.8339,,5.4
NGC1521,NGC1521,Galaxy,4.13859,-21.0520,11.6,3.2
NGC1522,NGC1522,Galaxy,4.10220,-52.6684,13.6,1.2
NGC1523,NGC1523,Other,4.10306,-54.0883,,
NGC1526,NGC1526,Galaxy,4.08675,-65.8398,14.6,0.9
NGC1527,NGC1527,Galaxy,4.14004,-47.8970,10.8,4.6
NGC1528,NGC1528,Open Cluster,4.25524,51.2115,6.4,9.6
NGC1529,NGC1529,Galaxy,4.12219,-62.8993,14.4,0.7
NGC1530,NGC1530,Galaxy,4.39086,75.2956,11.7,1.8
NGC1530A,NGC1530A,Galaxy,4.74125,75.6398,12.4,1.5
NGC1531,NGC1531,Galaxy,4.19981,-32.8508,12.1,1.5
NGC1532,NGC1532,Galaxy,4.20120,-32.8742,10.1,11.3
NGC1533,NGC1533,Galaxy,4.16440,-56.1184,10.7,3.3
NGC1534,NGC1534,Galaxy,4.14613,-62.7976,13.8,1.7
NGC1535,NGC1535,Planetary Nebula,4.23771,-12.7394,9.6,0.8
NGC1536,NGC1536,Galaxy,4.18329,-56.4804,12.9,1.7
NGC1537,NGC1537,Galaxy,4.22797,-31.6454,10.7,4.3
NGC1538,NGC1538,Galaxy,4.24891,-13.1917,16.0,0.7
NGC1539,NGC1539,Galaxy,4.31721,26.8275,15.4,1.0
NGC1540,NGC1540,Galaxy,4.25296,-28.4885,15.1,0.8
NGC1540A,NGC1540A,Galaxy,4.25278,-28.4821,14.6,0.6
NGC1541,NGC1541,Galaxy,4.28340,0.8352,13.5,1.4
NGC1542,NGC1542,Galaxy,4.28727,4.7816,13.9,1.2
NGC1543,NGC1543,Galaxy,4.21201,-57.7380,10.2,3.7
NGC1544,NGC1544,Galaxy,5.04338,86.2223,14.1,1.1
NGC1545,NGC1545,Open Cluster,4.34896,50.2553,6.2,4.2
NGC1546,NGC1546,Galaxy,4.24348,-56.0608,11.3,3.7
NGC1547,NGC1547,Galaxy,4.28678,-17.8575,14.4,1.4
NGC1548,NGC1548,Open Cluster,4.35531,36.9163,,3.6
NGC1549,NGC1549,Galaxy,4.26254,-55.5922,9.8,5.1
NGC1550,NGC1550,Galaxy,4.32720,2.4095,12.1,1.7
NGC1552,NGC1552,Galaxy,4.33824,-0.6927,14.3,1.8
NGC1553,NGC1553,Galaxy,4.26957,-55.7801,9.3,6.2
NGC1554,NGC1554,Star,4.36210,19.5206,,
NGC1555,Hind's Nebula,Reflection Nebula,4.36651,19.5352,10.0,1.8
NGC1556,NGC1556,Galaxy,4.29579,-50.1644,13.1,1.5
NGC1557,NGC1557,Open Cluster,4.21977,-70.4249,,7.2
NGC1558,NGC1558,Galaxy,4.33783,-45.0315,13.3,3.0
NGC1559,NGC1559,Galaxy,4.29327,-62.7837,10.6,4.2
NGC1560,NGC1560,Galaxy,4.54697,71.8831,11.5,8.3
NGC1561,NGC1561,Galaxy,4.38363,-15.8457,14.8,1.4
NGC1562,NGC1562,Galaxy,4.36323,-15.7554,15.2,0.9
NGC1563,NGC1563,Galaxy,4.38165,-15.7326,15.7,0.5
NGC1564,NGC1564,Galaxy,4.38360,-15.7389,15.6,0.7
NGC1565,NGC1565,Galaxy,4.38985,-15.7443,14.7,1.0
NGC1566,NGC1566,Galaxy,4.33345,-54.9378,9.7,7.2
NGC1567,NGC1567,Galaxy,4.35243,-48.2548,13.5,1.5
NGC1568,NGC1568,Galaxy,4.40704,-0.7462,14.8,1.5
NGC1569,NGC1569,Galaxy,4.51363,64.8479,11.1,3.9
NGC1570,NGC1570,Galaxy,4.36915,-43.6296,14.0,2.1
NGC1572,NGC1572,Galaxy,4.37856,-40.6009,12.5,1.4
NGC1573,NGC1573,Galaxy,4.58444,73.2624,11.8,1.9
NGC1574,NGC1574,Galaxy,4.36634,-56.9748,10.2,4.1
NGC1575,NGC1575,Galaxy,4.43904,-10.0984,13.4,1.5
NGC1576,NGC1576,Galaxy,4.43856,-3.6211,14.3,1.5
NGC1578,NGC1578,Galaxy,4.39629,-51.5994,13.1,1.2
NGC1579,NGC1579,Cluster + Nebula,4.50383,35.2694,,10.2
NGC1580,NGC1580,Galaxy,4.47180,-5.1788,14.3,1.0
NGC1581,NGC1581,Galaxy,4.41249,-54.9420,12.8,2.1
NGC1582,NGC1582,Open Cluster,4.52966,43.7848,7.0,7.8
NGC1583,NGC1583,Galaxy,4.47243,-17.5954,14.7,1.0
NGC1584,NGC1584,Galaxy,4.46952,-17.5234,15.0,0.9
NGC1585,NGC1585,Galaxy,4.45917,-42.1652,14.2,0.8
NGC1586,NGC1586,Galaxy,4.51062,-0.3042,14.2,1.7
NGC1587,NGC1587,Galaxy,4.51109,0.6616,11.7,2.1
NGC1588,NGC1588,Galaxy,4.51216,0.6647,12.9,1.3
NGC1589,NGC1589,Galaxy,4.51262,0.8637,11.8,3.1
NGC1590,NGC1590,Galaxy,4.51951,7.6309,13.7,0.9
NGC1591,NGC1591,Galaxy,4.49182,-26.7131,13.7,1.4
NGC1592,NGC1592,Galaxy,4.49448,-27.4085,14.1,1.0
NGC1593,NGC1593,Galaxy,4.53503,0.5674,14.7,1.4
NGC1594,NGC1594,Galaxy,4.51433,-5.7983,13.7,1.7
NGC1595,NGC1595,Galaxy,4.47271,-47.8159,12.7,1.5
NGC1596,NGC1596,Galaxy,4.46059,-55.0278,11.1,3.9
NGC1597,NGC1597,Galaxy,4.52041,-11.2904,15.0,1.0
NGC1598,NGC1598,Galaxy,4.47602,-47.7826,13.3,1.4
NGC1599,NGC1599,Galaxy,4.52743,-4.5883,13.7,0.8
NGC1600,NGC1600,Galaxy,4.52776,-5.0862,11.0,3.3
NGC1601,NGC1601,Galaxy,4.52826,-5.0604,13.8,0.9
NGC1602,NGC1602,Galaxy,4.46527,-55.0577,13.1,1.9
NGC1603,NGC1603,Galaxy,4.53054,-5.0944,13.8,0.9
NGC1604,NGC1604,Galaxy,4.53294,-5.3699,14.8,1.4
NGC1605,NGC1605,Open Cluster,4.58119,45.2714,10.7,3.3
NGC1606,NGC1606,Galaxy,4.53426,-5.0324,16.5,0.6
NGC1607,NGC1607,Galaxy,4.53419,-4.4599,15.0,1.3
NGC1609,NGC1609,Galaxy,4.54586,-4.3724,14.7,1.2
NGC1610,NGC1610,Galaxy,4.57052,-4.6997,16.2,1.1
NGC1611,NGC1611,Galaxy,4.55166,-4.2974,14.4,1.8
NGC1612,NGC1612,Galaxy,4.55365,-4.1724,15.2,1.4
NGC1613,NGC1613,Galaxy,4.55704,-4.2654,14.8,1.1
NGC1614,NGC1614,Galaxy,4.56663,-8.5789,12.9,1.3
NGC1615,NGC1615,Galaxy,4.60029,19.9503,12.0,1.4
NGC1616,NGC1616,Galaxy,4.54493,-43.7159,12.6,1.9
NGC1617,NGC1617,Galaxy,4.52765,-54.6023,10.4,5.2
NGC1618,NGC1618,Galaxy,4.60183,-3.1488,12.7,2.1
NGC1620,NGC1620,Galaxy,4.61037,-0.1436,12.1,3.5
NGC1621,NGC1621,Galaxy,4.60696,-4.9873,14.8,1.3
NGC1622,NGC1622,Galaxy,4.61018,-3.1888,12.5,2.9
NGC1623,NGC1623,Galaxy,4.59234,-13.5564,16.6,0.8
NGC1624,NGC1624,Cluster + Nebula,4.67681,50.4617,11.8,3.0
NGC1625,NGC1625,Galaxy,4.61841,-3.3035,12.4,2.6
NGC1627,NGC1627,Galaxy,4.62722,-4.8875,13.5,1.6
NGC1628,NGC1628,Galaxy,4.62674,-4.7148,14.2,1.9
NGC1629,NGC1629,Globular Cluster,4.49359,-71.8383,12.7,1.7
NGC1630,NGC1630,Galaxy,4.62097,-18.9015,15.2,0.8
NGC1631,NGC1631,Galaxy,4.64005,-20.6499,14.3,1.3
NGC1632,NGC1632,Galaxy,4.66627,-9.4562,15.3,0.7
NGC1633,NGC1633,Galaxy,4.66920,7.3494,14.5,1.1
NGC1634,NGC1634,Galaxy,4.66938,7.3388,15.0,0.7
NGC1635,NGC1635,Galaxy,4.66886,-0.5475,13.4,1.5
NGC1636,NGC1636,Galaxy,4.67783,-8.6077,13.9,1.2
NGC1637,NGC1637,Galaxy,4.69116,-2.8580,10.8,3.2
NGC1638,NGC1638,Galaxy,4.69348,-1.8090,12.2,2.1
NGC1639,NGC1639,Other,4.68117,-16.9909,,
NGC1640,NGC1640,Galaxy,4.70403,-20.4348,11.7,2.7
NGC1641,NGC1641,Open Cluster,4.59303,-65.7629,,9.6
NGC1642,NGC1642,Galaxy,4.71525,0.6186,12.6,1.7
NGC1643,NGC1643,Galaxy,4.72888,-5.3194,14.1,1.2
NGC1644,NGC1644,Globular Cluster,4.62780,-66.1991,12.9,1.8
NGC1645,NGC1645,Galaxy,4.73511,-5.4656,14.0,2.2
NGC1646,NGC1646,Galaxy,4.73989,-8.5328,13.6,1.5
NGC1647,NGC1647,Open Cluster,4.76544,19.0951,6.4,27.0
NGC1648,NGC1648,Galaxy,4.74300,-8.4789,15.6,0.8
NGC1649,NGC1649,Globular Cluster,4.63968,-68.6729,13.1,1.5
NGC1650,NGC1650,Galaxy,4.75320,-15.8700,12.9,2.4
NGC1651,NGC1651,Globular Cluster,4.62563,-70.5859,12.3,2.7
NGC1653,NGC1653,Galaxy,4.76315,-2.3928,12.0,1.8
NGC1654,NGC1654,Galaxy,4.76346,-2.0839,14.4,0.8
NGC1655,NGC1655,Other,4.78664,20.9237,,
NGC1656,NGC1656,Galaxy,4.76483,-5.1367,14.5,1.7
NGC1657,NGC1657,Galaxy,4.76868,-2.0773,14.9,1.1
NGC1658,NGC1658,Galaxy,4.73371,-41.4634,14.3,1.0
NGC1659,NGC1659,Galaxy,4.77499,-4.7888,12.5,1.5
NGC1660,NGC1660,Galaxy,4.73650,-41.4976,14.9,1.1
NGC1661,NGC1661,Galaxy,4.78546,-2.0546,14.2,1.1
NGC1662,NGC1662,Open Cluster,4.80804,10.9304,6.4,13.8
NGC1663,NGC1663,Open Cluster,4.82321,13.1511,14.5,7.2
NGC1664,NGC1664,Open Cluster,4.85151,43.6762,7.6,11.4
NGC1665,NGC1665,Galaxy,4.80474,-5.4276,14.1,1.8
NGC1666,NGC1666,Galaxy,4.80912,-6.5700,12.7,1.4
NGC1667,NGC1667,Galaxy,4.81032,-6.3200,12.2,1.9
NGC1668,NGC1668,Galaxy,4.76831,-44.7334,13.8,1.6
NGC1669,NGC1669,Galaxy,4.71664,-65.8143,14.9,0.7
NGC1670,NGC1670,Galaxy,4.82851,-2.7605,13.9,1.6
NGC1671,NGC1671,Galaxy,4.82612,0.2529,12.9,1.3
NGC1672,NGC1672,Galaxy,4.76181,-59.2472,10.2,6.1
NGC1673,NGC1673,Open Cluster,4.71101,-69.8212,14.1,1.0
NGC1674,NGC1674,Other,4.87360,23.9077,,
NGC1675,NGC1675,Other,4.87360,23.9077,,
NGC1676,NGC1676,Open Cluster,4.73171,-68.8276,,1.1
NGC1677,NGC1677,Galaxy,4.84780,-4.8927,15.0,1.2
NGC1678,NGC1678,Galaxy,4.85984,-2.6231,14.3,1.3
NGC1679,NGC1679,Galaxy,4.83184,-31.9647,11.6,3.1
NGC1680,NGC1680,Galaxy,4.80945,-47.8164,14.5,1.3
NGC1681,NGC1681,Galaxy,4.86391,-5.8032,13.4,1.2
NGC1682,NGC1682,Galaxy,4.87216,-3.1059,14.4,1.0
NGC1683,NGC1683,Galaxy,4.87156,-3.0246,16.0,0.9
NGC1684,NGC1684,Galaxy,4.87532,-3.1061,13.0,2.5
NGC1685,NGC1685,Galaxy,4.87618,-2.9493,15.2,1.2
NGC1686,NGC1686,Galaxy,4.88185,-15.3465,14.5,1.9
NGC1687,NGC1687,Galaxy,4.85594,-33.9390,14.7,1.4
NGC1688,NGC1688,Galaxy,4.80661,-59.8003,11.8,2.5
NGC1690,NGC1690,Galaxy,4.90535,1.6404,14.9,1.1
NGC1691,NGC1691,Galaxy,4.91065,3.2680,13.1,1.5
NGC1692,NGC1692,Galaxy,4.92326,-20.5712,13.0,1.4
NGC1693,NGC1693,Globular Cluster,4.79410,-69.3436,12.9,1.1
NGC1694,NGC1694,Galaxy,4.92134,-4.6527,15.0,1.2
NGC1695,NGC1695,Globular Cluster,4.79569,-69.3737,12.2,1.4
NGC1696,NGC1696,Open Cluster,4.80832,-68.2429,13.9,1.1
NGC1697,NGC1697,Globular Cluster,4.80995,-68.5584,12.6,2.3
NGC1698,NGC1698,Globular Cluster,4.81807,-69.1151,12.1,1.5
NGC1699,NGC1699,Galaxy,4.94990,-4.7569,15.0,1.0
NGC1700,NGC1700,Galaxy,4.94897,-4.8658,11.2,3.1
NGC1701,NGC1701,Galaxy,4.93087,-29.8834,13.6,1.2
NGC1702,NGC1702,Open Cluster,4.82436,-69.8508,12.5,1.2
NGC1703,NGC1703,Galaxy,4.88115,-59.7422,11.7,2.7
NGC1704,NGC1704,Open Cluster,4.83207,-69.7563,11.5,1.7
NGC1705,NGC1705,Galaxy,4.90375,-53.3611,12.5,1.9
NGC1706,NGC1706,Galaxy,4.87528,-62.9858,12.6,1.4
NGC1707,NGC1707,Other,4.97239,8.2384,,
NGC1708,NGC1708,Open Cluster,5.05608,52.8321,,6.0
NGC1709,NGC1709,Galaxy,4.97890,-0.4783,15.0,0.9
NGC1710,NGC1710,Galaxy,4.95474,-15.2890,14.5,1.6
NGC1711,NGC1711,Globular Cluster,4.84337,-69.9854,11.1,3.5
NGC1712,NGC1712,Star Association,4.84956,-69.4075,,4.0
NGC1713,NGC1713,Galaxy,4.98184,-0.4889,12.7,1.3
NGC1714,NGC1714,Cluster + Nebula,4.86913,-66.9234,11.6,1.1
NGC1715,NGC1715,Emission Nebula,4.86958,-66.9087,,1.1
NGC1716,NGC1716,Galaxy,4.97037,-20.3636,13.9,1.3
NGC1717,NGC1717,Galaxy,4.97541,-0.5747,15.6,0.9
NGC1718,NGC1718,Open Cluster,4.87372,-67.0507,12.2,1.8
NGC1719,NGC1719,Galaxy,4.99295,-0.2604,14.4,1.1
NGC1720,NGC1720,Galaxy,4.98906,-7.8590,13.0,2.0
NGC1721,NGC1721,Galaxy,4.98817,-11.1187,13.8,1.6
NGC1722,NGC1722,Cluster + Nebula,4.86683,-69.3750,,2.5
NGC1723,NGC1723,Galaxy,4.99052,-10.9807,12.0,3.0
NGC1724,NGC1724,Open Cluster,5.05898,49.4918,,3.0
NGC1725,NGC1725,Galaxy,4.98969,-11.1323,13.8,1.4
NGC1726,NGC1726,Galaxy,4.99497,-7.7553,11.7,2.9
NGC1727,NGC1727,Cluster + Nebula,4.87021,-69.3389,,2.8
NGC1728,NGC1728,Galaxy,4.99104,-11.1229,13.0,1.2
NGC1729,NGC1729,Galaxy,5.00436,-3.3525,13.2,1.8
NGC1730,NGC1730,Galaxy,4.99218,-15.8236,13.2,2.3
NGC1731,NGC1731,Star Association,4.89225,-66.9253,,4.8
NGC1732,NGC1732,Open Cluster,4.88627,-68.6500,12.3,1.1
NGC1733,NGC1733,Open Cluster,4.90132,-66.6826,13.3,1.5
NGC1734,NGC1734,Open Cluster,4.89264,-68.7688,13.1,1.2
NGC1735,NGC1735,Open Cluster,4.90546,-67.0996,10.8,1.8
NGC1736,NGC1736,Emission Nebula,4.88376,-68.0531,15.5,1.9
NGC1737,NGC1737,HII Region,4.89992,-69.1746,,1.1
NGC1738,NGC1738,Galaxy,5.02964,-18.1571,13.7,1.4
NGC1739,NGC1739,Galaxy,5.02982,-18.1668,14.2,1.5
NGC1740,NGC1740,Galaxy,5.03189,-3.2963,14.0,1.8
NGC1741,NGC1741,Galaxy,5.02731,-4.2570,15.5,1.2
NGC1741B,NGC1741B,Galaxy,5.02672,-4.2619,15.2,0.9
NGC1742,NGC1742,Star,5.03315,-3.2950,,
NGC1743,NGC1743,Nebula,4.90074,-69.1986,11.3,0.9
NGC1744,NGC1744,Galaxy,4.99939,-26.0222,11.5,5.3
NGC1745,NGC1745,Nebula,4.90573,-69.1589,13.4,1.2
NGC1746,NGC1746,Open Cluster,5.06394,23.7676,6.1,18.0
NGC1747,NGC1747,Open Cluster,4.91972,-67.1689,9.4,4.4
NGC1748,NGC1748,Nebula,4.90721,-69.1841,12.3,0.9
NGC1749,NGC1749,Open Cluster,4.91557,-68.1887,13.6,1.5
NGC1750,NGC1750,Open Cluster,5.06668,23.6458,,
NGC1751,NGC1751,Globular Cluster,4.90349,-69.8058,11.7,1.6
NGC1752,NGC1752,Galaxy,5.03597,-8.2409,12.4,3.0
NGC1753,NGC1753,Galaxy,5.04232,-3.3443,14.8,1.3
NGC1754,NGC1754,Globular Cluster,4.90526,-70.4425,11.6,1.6
NGC1755,NGC1755,Globular Cluster,4.92080,-68.2041,9.8,2.2
NGC1756,NGC1756,Globular Cluster,4.91384,-69.2376,12.2,1.4
NGC1757,NGC1757,Other,5.04427,-4.7229,,
NGC1758,NGC1758,Open Cluster,5.07840,23.7816,,
NGC1759,NGC1759,Galaxy,5.01362,-38.6739,14.1,1.9
NGC1760,NGC1760,HII Region,4.94566,-66.5273,,5.1
NGC1761,NGC1761,Star Association,4.94381,-66.4789,9.9,4.2
NGC1762,NGC1762,Galaxy,5.06029,1.5733,12.6,1.8
NGC1763,NGC1763,Cluster + Nebula,4.94700,-66.4091,9.4,5.2
NGC1764,NGC1764,Open Cluster,4.94103,-67.6938,12.6,1.1
NGC1765,NGC1765,Galaxy,4.97338,-62.0284,13.9,1.2
NGC1766,NGC1766,Open Cluster,4.93267,-70.2251,12.2,1.0
NGC1767,NGC1767,Open Cluster,4.94092,-69.4006,10.6,1.3
NGC1768,NGC1768,Open Cluster,4.95004,-68.2494,12.8,0.7
NGC1769,NGC1769,Emission Nebula,4.96316,-66.4691,,4.1
NGC1770,NGC1770,Cluster + Nebula,4.95436,-68.4181,,4.1
NGC1771,NGC1771,Galaxy,4.98214,-63.2982,13.4,1.9
NGC1772,NGC1772,Open Cluster,4.94800,-69.5561,11.0,1.5
NGC1773,NGC1773,Nebula,4.97001,-66.3601,,2.7
NGC1774,NGC1774,Open Cluster,4.96858,-67.2423,10.8,1.7
NGC1775,NGC1775,Open Cluster,4.94855,-70.4320,12.6,1.0
NGC1776,NGC1776,Open Cluster,4.97770,-66.4296,13.0,1.3
NGC1777,NGC1777,Globular Cluster,4.92991,-74.2854,12.8,2.4
NGC1778,NGC1778,Open Cluster,5.13492,37.0228,7.7,4.5
NGC1779,NGC1779,Galaxy,5.08835,-9.1471,12.1,2.7
NGC1780,NGC1780,Galaxy,5.10575,-19.4667,14.7,0.9
NGC1781,NGC1781,Galaxy,5.13195,-18.1899,13.7,1.3
NGC1782,NGC1782,Open Cluster,4.96419,-69.3922,10.5,1.2
NGC1783,NGC1783,Globular Cluster,4.98578,-65.9873,10.9,5.3
NGC1784,NGC1784,Galaxy,5.09086,-11.8715,11.6,4.0
NGC1785,NGC1785,Star Association,4.97916,-68.8249,,2.0
NGC1786,NGC1786,Globular Cluster,4.98551,-67.7452,10.1,2.0
NGC1787,NGC1787,Open Cluster,5.02900,-65.8233,10.9,24.0
NGC1788,NGC1788,Reflection Nebula,5.11478,-3.3410,5.8,2.0
NGC1789,NGC1789,Globular Cluster,4.96436,-71.9020,13.1,1.8
NGC1790,NGC1790,Open Cluster,5.18228,52.0598,,
NGC1791,NGC1791,Open Cluster,4.98513,-70.1688,13.1,1.2
NGC1792,NGC1792,Galaxy,5.08735,-37.9808,10.2,5.5
NGC1793,NGC1793,Open Cluster,4.99395,-69.5576,12.4,1.3
NGC1795,NGC1795,Open Cluster,4.99636,-69.8012,12.4,1.4
NGC1796,NGC1796,Galaxy,5.04515,-61.1401,12.4,1.9
NGC1796A,NGC1796A,Galaxy,5.08417,-61.4844,14.9,1.3
NGC1796B,NGC1796B,Galaxy,5.13192,-61.1911,15.8,1.1
NGC1797,NGC1797,Galaxy,5.12913,-8.0191,14.4,1.2
NGC1798,NGC1798,Open Cluster,5.19426,47.6955,,5.4
NGC1799,NGC1799,Galaxy,5.12906,-7.9693,15.0,1.2
NGC1800,NGC1800,Galaxy,5.10714,-31.9542,12.6,1.6
NGC1801,NGC1801,Globular Cluster,5.00959,-69.6137,12.2,2.2
NGC1802,NGC1802,Open Cluster,5.17024,24.1251,,4.8
NGC1803,NGC1803,Galaxy,5.09072,-49.5679,12.9,0.9
NGC1804,NGC1804,Open Cluster,5.01757,-69.0826,11.9,0.9
NGC1805,NGC1805,Globular Cluster,5.03926,-66.1122,,1.8
NGC1806,NGC1806,Globular Cluster,5.03677,-67.9857,11.1,2.5
NGC1807,NGC1807,Open Cluster,5.17917,16.5128,7.0,5.4
NGC1808,NGC1808,Galaxy,5.12843,-37.5131,10.2,5.4
NGC1809,NGC1809,Galaxy,5.03472,-69.5683,12.3,3.7
NGC1810,NGC1810,Open Cluster,5.05646,-66.3818,11.9,1.2
NGC1811,NGC1811,Galaxy,5.14521,-29.2760,14.5,1.7
NGC1812,NGC1812,Galaxy,5.14803,-29.2512,13.7,1.3
NGC1813,NGC1813,Open Cluster,5.04452,-70.3179,12.8,0.9
NGC1814,NGC1814,Cluster + Nebula,5.06291,-67.3007,12.8,1.2
NGC1815,NGC1815,Open Cluster,5.04090,-70.6211,12.4,1.2
NGC1816,NGC1816,Open Cluster,5.06410,-67.2608,13.0,0.9
NGC1817,NGC1817,Open Cluster,5.20730,16.6841,7.7,9.3
NGC1818,NGC1818,Globular Cluster,5.07077,-66.4345,9.7,3.1
NGC1819,NGC1819,Galaxy,5.19615,5.2006,13.7,1.5
NGC1820,NGC1820,Open Cluster,5.06713,-67.2659,11.5,7.0
NGC1821,NGC1821,Galaxy,5.19614,-15.1346,13.9,1.3
NGC1822,NGC1822,Open Cluster,5.08589,-66.2106,13.2,1.2
NGC1823,NGC1823,Open Cluster,5.05693,-70.3355,12.1,1.0
NGC1824,NGC1824,Galaxy,5.11561,-59.7240,12.6,2.1
NGC1825,NGC1825,Open Cluster,5.07196,-68.9264,12.0,1.0
NGC1826,NGC1826,Open Cluster,5.09258,-66.2297,13.2,1.2
NGC1827,NGC1827,Galaxy,5.16794,-36.9603,13.2,3.2
NGC1828,NGC1828,Open Cluster,5.07247,-69.3882,12.5,1.2
NGC1829,NGC1829,Cluster + Nebula,5.08333,-68.0592,,1.8
NGC1830,NGC1830,Open Cluster,5.07730,-69.3402,12.6,1.3
NGC1831,NGC1831,Globular Cluster,5.10464,-64.9175,11.2,3.8
NGC1832,NGC1832,Galaxy,5.20092,-15.6878,11.5,2.5
NGC1833,NGC1833,Cluster + Nebula,5.07348,-70.7281,,1.6
NGC1834,NGC1834,Open Cluster,5.08649,-69.2075,11.8,0.9
NGC1835,NGC1835,Globular Cluster,5.08516,-69.4039,10.6,2.3
NGC1836,NGC1836,Open Cluster,5.09289,-68.6279,12.2,1.5
NGC1837,NGC1837,Open Cluster,5.08217,-70.7140,12.3,1.9
NGC1838,NGC1838,Open Cluster,5.10219,-68.4452,12.9,1.3
NGC1839,NGC1839,Open Cluster,5.10065,-68.6268,11.8,1.6
NGC1840,NGC1840,Open Cluster,5.08866,-71.7629,,0.8
NGC1841,NGC1841,Globular Cluster,4.75649,-83.9991,11.4,4.0
NGC1842,NGC1842,Open Cluster,5.12169,-67.2732,14.0,1.5
NGC1843,NGC1843,Galaxy,5.23501,-10.6270,13.3,1.8
NGC1844,NGC1844,Open Cluster,5.12519,-67.3234,12.1,1.6
NGC1845,NGC1845,Star Association,5.09584,-70.5816,10.2,8.9
NGC1846,NGC1846,Globular Cluster,5.12609,-67.4615,11.3,3.8
NGC1847,NGC1847,Open Cluster,5.11893,-68.9714,12.5,1.8
NGC1848,NGC1848,Open Cluster,5.12421,-71.1954,9.7,2.2
NGC1849,NGC1849,Open Cluster,5.15967,-66.3158,12.8,1.5
NGC1850,NGC1850,Globular Cluster,5.14576,-68.7617,9.0,3.0
NGC1851,NGC1851,Globular Cluster,5.23520,-40.0466,7.2,9.0
NGC1852,NGC1852,Globular Cluster,5.15661,-67.7763,12.0,1.9
NGC1853,NGC1853,Galaxy,5.20459,-57.3990,13.6,1.5
NGC1854,NGC1854,Globular Cluster,5.15552,-68.8474,10.4,2.3
NGC1855,NGC1855,Star Association,5.15470,-68.8456,,
NGC1856,NGC1856,Globular Cluster,5.15816,-69.1276,10.1,2.7
NGC1857,NGC1857,Open Cluster,5.33488,39.3436,7.0,4.5
NGC1858,NGC1858,Cluster + Nebula,5.16443,-68.8913,9.9,4.4
NGC1859,NGC1859,Open Cluster,5.19216,-65.2497,12.3,1.5
NGC1860,NGC1860,Open Cluster,5.17764,-68.7523,11.0,1.1
NGC1861,NGC1861,Open Cluster,5.17282,-70.7771,13.2,1.5
NGC1862,NGC1862,Open Cluster,5.20959,-66.1544,13.3,0.9
NGC1863,NGC1863,Open Cluster,5.19433,-68.7268,,1.4
NGC1864,NGC1864,Open Cluster,5.21128,-67.6212,12.9,1.1
NGC1865,NGC1865,Open Cluster,5.20697,-68.7710,12.9,1.4
NGC1866,NGC1866,Globular Cluster,5.22753,-65.4656,9.7,5.5
NGC1867,NGC1867,Open Cluster,5.22841,-66.2919,13.3,1.5
NGC1868,NGC1868,Globular Cluster,5.24342,-63.9545,11.6,2.7
NGC1869,NGC1869,Cluster + Nebula,5.23231,-67.3794,,2.0
NGC1870,NGC1870,Globular Cluster,5.21942,-69.1169,11.3,1.1
NGC1871,NGC1871,Cluster + Nebula,5.23104,-67.4526,10.1,2.3
NGC1872,NGC1872,Globular Cluster,5.21966,-69.3116,11.0,1.7
NGC1873,NGC1873,Cluster + Nebula,5.23213,-67.3344,10.4,2.8
NGC1874,NGC1874,Cluster + Nebula,5.21991,-69.3762,12.8,1.4
NGC1875,NGC1875,Galaxy,5.36271,6.6889,14.6,0.8
NGC1876,NGC1876,Cluster + Nebula,5.22184,-69.3621,11.7,1.5
NGC1877,NGC1877,Nebula,5.22746,-69.3838,12.0,1.1
NGC1878,NGC1878,Open Cluster,5.21414,-70.4717,12.9,1.1
NGC1879,NGC1879,Galaxy,5.33006,-32.1427,12.8,2.4
NGC1880,NGC1880,HII Region,5.22366,-69.3794,12.8,1.2
NGC1881,NGC1881,Open Cluster,5.22699,-69.2992,,1.2
NGC1882,NGC1882,Open Cluster,5.25926,-66.1296,12.3,1.6
NGC1883,NGC1883,Open Cluster,5.43172,46.4901,12.0,5.7
NGC1884,NGC1884,Other,5.26612,-66.1634,,
NGC1885,NGC1885,Open Cluster,5.25163,-68.9776,12.0,1.4
NGC1886,NGC1886,Galaxy,5.36337,-23.8101,13.6,3.2
NGC1887,NGC1887,Open Cluster,5.26831,-66.3186,12.7,1.5
NGC1888,NGC1888,Galaxy,5.37624,-11.4995,11.9,3.3
NGC1889,NGC1889,Galaxy,5.37647,-11.4969,14.1,0.6
NGC1890,NGC1890,Open Cluster,5.22940,-72.0780,12.8,1.1
NGC1891,NGC1891,Open Cluster,5.36228,-35.7893,,
NGC1892,NGC1892,Galaxy,5.28585,-64.9597,12.3,3.4
NGC1893,NGC1893,Open Cluster,5.37893,33.4120,7.5,6.0
NGC1894,NGC1894,Open Cluster,5.26424,-69.4685,12.2,1.4
NGC1895,NGC1895,Nebula,5.28100,-67.3296,12.9,1.4
NGC1896,NGC1896,Open Cluster,5.42630,29.2602,,3.9
NGC1897,NGC1897,Open Cluster,5.29202,-67.4510,13.5,1.1
NGC1898,NGC1898,Open Cluster,5.27844,-69.6562,11.9,1.6
NGC1899,NGC1899,HII Region,5.29685,-67.9007,,1.1
NGC1900,NGC1900,Open Cluster,5.31927,-63.0237,13.6,1.8
NGC1901,NGC1901,Open Cluster,5.30421,-68.4363,,11.1
NGC1902,NGC1902,Open Cluster,5.30532,-66.6274,11.8,1.7
NGC1903,NGC1903,Globular Cluster,5.28953,-69.3353,11.9,1.9
NGC1905,NGC1905,Open Cluster,5.30659,-67.2782,13.2,0.9
NGC1906,NGC1906,Galaxy,5.41308,-15.9433,14.1,1.0
NGC1907,NGC1907,Open Cluster,5.46793,35.3257,8.2,5.4
NGC1908,NGC1908,Other,5.43161,-2.5289,,
NGC1909,the Witch Head Nebula,Reflection Nebula,5.08207,-7.2656,,180.0
NGC1910,NGC1910,Cluster + Nebula,5.31196,-69.2319,9.7,3.6
NGC1911,NGC1911,Open Cluster,5.32413,-66.6843,,0.6
NGC1913,NGC1913,Open Cluster,5.30536,-69.5365,11.1,1.3
NGC1914,NGC1914,Cluster + Nebula,5.29438,-71.2559,12.0,1.5
NGC1915,NGC1915,Star Association,5.32840,-66.8215,,0.6
NGC1916,NGC1916,Globular Cluster,5.31013,-69.4068,10.4,2.1
NGC1917,NGC1917,Globular Cluster,5.31721,-68.9990,12.3,1.7
NGC1918,NGC1918,Supernova Remnant,5.31861,-69.6624,,3.9
NGC1919,NGC1919,Nebula,5.33862,-66.8911,,1.4
NGC1920,NGC1920,HII Region,5.34264,-66.7787,12.5,1.2
NGC1921,NGC1921,Open Cluster,5.32299,-69.7878,12.9,1.0
NGC1922,NGC1922,Open Cluster,5.33026,-69.4483,11.5,1.0
NGC1923,NGC1923,Cluster + Nebula,5.35946,-65.4867,11.2,0.9
NGC1924,NGC1924,Galaxy,5.46720,-5.3107,12.5,1.6
NGC1925,NGC1925,Star Association,5.36221,-65.7936,,6.0
NGC1926,NGC1926,Globular Cluster,5.34317,-69.5253,11.8,1.4
NGC1927,NGC1927,Other,5.47861,-8.3773,,
NGC1928,NGC1928,Open Cluster,5.34903,-69.4779,12.5,1.3
NGC1929,NGC1929,Open Cluster,5.36001,-67.9121,14.0,1.2
NGC1930,NGC1930,Galaxy,5.43244,-46.7285,12.4,2.0
NGC1931,NGC1931,Cluster + Nebula,5.52371,34.2466,10.1,4.8
NGC1932,NGC1932,Star,5.37146,-66.1543,13.8,
NGC1933,NGC1933,Open Cluster,5.37426,-66.1522,13.8,1.3
NGC1934,NGC1934,Cluster + Nebula,5.36330,-67.9372,10.5,1.9
NGC1935,NGC1935,HII Region,5.36631,-67.9574,,1.2
NGC1936,NGC1936,Emission Nebula,5.37054,-67.9783,11.6,1.0
NGC1937,NGC1937,Star Association,5.37477,-67.8947,,3.2
NGC1938,NGC1938,Globular Cluster,5.35686,-69.9394,13.1,0.9
NGC1939,NGC1939,Globular Cluster,5.35739,-69.9498,11.8,1.4
NGC1940,NGC1940,Globular Cluster,5.37882,-67.1866,11.9,1.2
NGC1941,NGC1941,Cluster + Nebula,5.38547,-66.3786,12.0,0.9
NGC1942,NGC1942,Open Cluster,5.41237,-63.9421,13.5,1.9
NGC1943,NGC1943,Globular Cluster,5.37465,-70.1549,11.9,1.1
NGC1944,NGC1944,Globular Cluster,5.36595,-72.4941,11.8,2.7
NGC1945,NGC1945,Emission Nebula,5.41527,-66.4575,,10.0
NGC1946,NGC1946,Open Cluster,5.42122,-66.3946,12.6,1.0
NGC1947,NGC1947,Galaxy,5.44656,-63.7600,10.5,3.5
NGC1948,NGC1948,Cluster + Nebula,5.42951,-66.2668,10.6,7.0
NGC1949,NGC1949,Nebula,5.41801,-68.4725,12.4,0.9
NGC1950,NGC1950,Open Cluster,5.40916,-69.9023,13.2,1.7
NGC1951,NGC1951,Open Cluster,5.43523,-66.5972,10.6,1.7
NGC1953,NGC1953,Globular Cluster,5.42439,-68.8383,11.7,1.2
NGC1954,NGC1954,Galaxy,5.54676,-14.0628,12.0,3.6
NGC1955,NGC1955,HII Region,5.43610,-67.4974,8.9,4.0
NGC1956,NGC1956,Galaxy,5.32648,-77.7287,14.1,1.8
NGC1957,NGC1957,Galaxy,5.54867,-14.1331,14.8,0.9
NGC1958,NGC1958,Globular Cluster,5.42514,-69.8368,13.0,1.5
NGC1959,NGC1959,Open Cluster,5.42684,-69.9269,12.2,1.6
NGC1961,NGC1961,Galaxy,5.70129,69.3784,11.5,4.4
NGC1962,NGC1962,Open Cluster,5.43826,-68.8376,11.5,1.4
NGC1963,NGC1963,Open Cluster,5.53801,-36.3986,,6.3
NGC1964,NGC1964,Galaxy,5.55604,-21.9458,10.9,5.2
NGC1965,NGC1965,Open Cluster,5.44202,-68.8055,11.7,1.2
NGC1966,NGC1966,Open Cluster,5.44607,-68.8199,11.8,1.1
NGC1967,NGC1967,Open Cluster,5.44536,-69.1015,10.8,0.9
NGC1968,NGC1968,Star Association,5.45614,-67.4638,8.2,5.0
NGC1969,NGC1969,Open Cluster,5.44232,-69.8414,12.5,1.2
NGC1970,NGC1970,Open Cluster,5.44796,-68.8367,10.3,1.5
NGC1971,NGC1971,Open Cluster,5.44590,-69.8516,11.9,1.1
NGC1972,NGC1972,Open Cluster,5.44649,-69.8383,12.6,0.9
NGC1973,NGC1973,Nebula,5.58466,-4.7318,7.0,5.0
NGC1974,NGC1974,Open Cluster,5.46639,-67.4241,10.3,1.6
NGC1975,NGC1975,Nebula,5.58830,-4.6852,7.0,10.0
NGC1977,the Running Man Nebula,Cluster + Nebula,5.58772,-4.8443,,10.2
NGC1978,NGC1978,Globular Cluster,5.47920,-66.2359,10.7,4.0
NGC1979,NGC1979,Galaxy,5.56697,-23.3101,12.9,1.9
NGC1980,Lower Sword,Cluster + Nebula,5.59055,-5.9099,2.5,9.3
NGC1981,Upper Sword,Cluster + Nebula,5.58600,-4.4251,4.2,9.0
NGC1983,NGC1983,Open Cluster,5.46229,-68.9861,,4.0
NGC1984,NGC1984,Open Cluster,5.46136,-69.1343,10.0,1.5
NGC1985,NGC1985,Reflection Nebula,5.62995,31.9888,12.7,0.7
NGC1986,NGC1986,Globular Cluster,5.46058,-69.9736,11.1,2.8
NGC1987,NGC1987,Globular Cluster,5.45476,-70.7374,12.1,1.7
NGC1988,NGC1988,Star,5.62403,21.2182,,
NGC1989,NGC1989,Galaxy,5.57317,-30.8011,14.1,1.7
NGC1990,Alnilam,Star,5.60356,-1.2019,1.7,
NGC1992,NGC1992,Galaxy,5.57549,-30.8970,14.7,1.2
NGC1993,NGC1993,Galaxy,5.59044,-17.8153,13.6,1.6
NGC1994,NGC1994,Open Cluster,5.47271,-69.1418,,1.6
NGC1995,NGC1995,Double Star,5.55093,-48.6751,,
NGC1996,NGC1996,Open Cluster,5.63858,25.8232,,6.0
NGC1997,NGC1997,Open Cluster,5.50964,-63.1995,13.4,1.8
NGC1998,NGC1998,Galaxy,5.55438,-48.6956,15.2,0.9
NGC1999,NGC1999,Reflection Nebula,5.60704,-6.7159,9.5,2.0
NGC2000,NGC2000,Open Cluster,5.45812,-71.8794,12.1,1.6
NGC2001,NGC2001,Star Association,5.48391,-68.7693,,7.3
NGC2002,NGC2002,Globular Cluster,5.50575,-66.8850,10.8,1.9
NGC2003,NGC2003,Globular Cluster,5.51533,-66.4666,11.3,1.7
NGC2004,NGC2004,Globular Cluster,5.51187,-67.2864,9.6,3.0
NGC2005,NGC2005,Globular Cluster,5.50301,-69.7524,11.6,1.6
NGC2006,NGC2006,Star Association,5.52250,-66.9653,10.9,1.6
NGC2007,NGC2007,Galaxy,5.58310,-50.9217,14.8,1.5
NGC2008,NGC2008,Galaxy,5.58439,-50.9668,14.0,1.2
NGC2009,NGC2009,Open Cluster,5.51643,-69.1817,11.0,1.4
NGC2010,NGC2010,Open Cluster,5.50970,-70.8197,11.7,1.9
NGC2011,NGC2011,Open Cluster,5.53895,-67.5231,10.6,1.0
NGC2012,NGC2012,Galaxy,5.37649,-79.8518,13.0,1.3
NGC2013,NGC2013,Open Cluster,5.73380,55.7936,,
NGC2014,NGC2014,Nebula,5.53885,-67.6898,9.0,5.1
NGC2015,NGC2015,Star Association,5.53514,-69.2430,10.4,4.7
NGC2016,NGC2016,Open Cluster,5.52745,-69.9459,,1.8
NGC2017,NGC2017,Open Cluster,5.65453,-17.8485,,5.0
NGC2018,NGC2018,HII Region,5.52358,-71.0691,10.9,2.8
NGC2019,NGC2019,Globular Cluster,5.53241,-70.1596,10.9,1.5
NGC2020,NGC2020,Emission Nebula,5.55350,-67.7159,,3.2
NGC2021,NGC2021,Open Cluster,5.55852,-67.4529,12.1,0.9
NGC2022,NGC2022,Planetary Nebula,5.70173,9.0865,11.6,0.3
NGC2023,NGC2023,Reflection Nebula,5.69400,-2.2590,,10.0
NGC2024,NGC2024,Nebula,5.69516,-1.8563,,30.0
NGC2025,NGC2025,Open Cluster,5.54268,-71.7155,10.9,1.9
NGC2026,NGC2026,Open Cluster,5.71949,20.1389,,4.2
NGC2027,NGC2027,Open Cluster,5.58325,-66.9163,11.0,4.6
NGC2028,NGC2028,Open Cluster,5.56349,-69.9518,12.9,1.1
NGC2029,NGC2029,Open Cluster,5.59463,-66.0350,12.3,1.1
NGC2030,NGC2030,HII Region,5.58326,-67.5564,12.3,1.7
NGC2031,NGC2031,Globular Cluster,5.56162,-70.9868,10.8,3.3
NGC2032,NGC2032,HII Region,5.58906,-67.5684,,2.8
NGC2033,NGC2033,Star Association,5.57519,-69.7801,11.6,5.9
NGC2034,NGC2034,Star Association,5.59244,-66.9036,,4.5
NGC2035,NGC2035,Nebula,5.59200,-67.5842,11.0,1.8
NGC2036,NGC2036,Open Cluster,5.57539,-70.0644,12.8,1.6
NGC2037,NGC2037,Open Cluster,5.58351,-69.7316,10.3,2.9
NGC2038,NGC2038,Open Cluster,5.57841,-70.5629,11.9,1.6
NGC2039,NGC2039,Other,5.73359,8.6911,,
NGC2040,NGC2040,Nebula,5.60165,-67.5686,11.5,2.1
NGC2041,NGC2041,Globular Cluster,5.60779,-66.9898,10.4,2.6
NGC2042,NGC2042,Open Cluster,5.60266,-68.9234,9.6,4.5
NGC2043,NGC2043,Open Cluster,5.59922,-70.0744,,0.7
NGC2044,NGC2044,Star Association,5.60172,-69.1987,10.6,5.5
NGC2045,NGC2045,Star,5.75036,12.8884,6.5,
NGC2046,NGC2046,Open Cluster,5.59376,-70.2407,12.6,1.1
NGC2047,NGC2047,Open Cluster,5.59805,-70.1927,13.2,0.9
NGC2048,NGC2048,Emission Nebula,5.59877,-69.6485,12.2,1.4
NGC2049,NGC2049,Galaxy,5.72092,-30.0784,13.7,2.1
NGC2050,NGC2050,Star Association,5.61078,-69.3835,9.2,3.0
NGC2051,NGC2051,Open Cluster,5.60204,-71.0114,11.7,1.5
NGC2052,NGC2052,Nebula,5.61974,-69.7742,,18.0
NGC2053,NGC2053,Open Cluster,5.62769,-67.4129,12.2,1.5
NGC2054,NGC2054,Other,5.75427,-10.0831,,
NGC2055,NGC2055,Star Association,5.61242,-69.4986,8.4,1.9
NGC2056,NGC2056,Open Cluster,5.60944,-70.6719,11.8,1.5
NGC2057,NGC2057,Open Cluster,5.61532,-70.2689,12.2,1.3
NGC2058,NGC2058,Open Cluster,5.61506,-70.1623,11.8,2.1
NGC2059,NGC2059,Open Cluster,5.61682,-70.1290,12.8,1.1
NGC2060,NGC2060,Supernova Remnant,5.62969,-69.1717,9.6,2.2
NGC2061,NGC2061,Open Cluster,5.71160,-34.0095,,
NGC2062,NGC2062,Open Cluster,5.66742,-66.8757,12.7,1.2
NGC2063,NGC2063,Other,5.77862,8.7811,,
NGC2064,NGC2064,Reflection Nebula,5.77177,0.0059,,10.0
NGC2065,NGC2065,Open Cluster,5.62734,-70.2365,11.2,2.3
NGC2066,NGC2066,Open Cluster,5.62864,-70.1666,13.1,1.0
NGC2067,NGC2067,Reflection Nebula,5.77552,0.1313,,8.0
NGC2069,NGC2069,Nebula,5.64623,-68.9744,10.1,5.0
NGC2070,30 Dor Cluster,HII Region,5.64510,-69.1009,7.2,16.0
NGC2071,NGC2071,Cluster + Nebula,5.78535,0.2943,8.0,7.0
NGC2072,NGC2072,Open Cluster,5.64011,-70.2341,13.2,1.0
NGC2073,NGC2073,Galaxy,5.76497,-21.9991,13.4,1.4
NGC2074,NGC2074,Cluster + Nebula,5.65099,-69.4981,8.5,4.0
NGC2075,NGC2075,Cluster + Nebula,5.63926,-70.6850,11.5,2.2
NGC2076,NGC2076,Galaxy,5.77985,-16.7826,12.9,2.5
NGC2077,NGC2077,Nebula,5.66001,-69.6571,11.7,1.3
NGC2078,NGC2078,Emission Nebula,5.66096,-69.7432,10.9,1.2
NGC2079,NGC2079,HII Region,5.66044,-69.7572,11.8,1.1
NGC2080,NGC2080,HII Region,5.66273,-69.6441,10.4,1.7
NGC2081,NGC2081,Cluster + Nebula,5.66650,-69.4059,,8.5
NGC2082,NGC2082,Galaxy,5.69753,-64.3011,12.2,2.1
NGC2083,NGC2083,Nebula,5.66645,-69.7376,10.8,2.0
NGC2084,NGC2084,Nebula,5.66861,-69.7594,,1.7
NGC2085,NGC2085,Nebula,5.66940,-69.6728,12.1,0.9
NGC2086,NGC2086,Nebula,5.67024,-69.6679,12.0,0.8
NGC2087,NGC2087,Galaxy,5.73779,-55.5324,14.7,0.8
NGC2088,NGC2088,Open Cluster,5.68328,-68.4654,12.5,1.5
NGC2089,NGC2089,Galaxy,5.79762,-17.6024,12.9,2.2
NGC2090,NGC2090,Galaxy,5.78386,-34.2506,10.9,4.5
NGC2091,NGC2091,Open Cluster,5.68279,-69.4371,12.1,1.3
NGC2092,NGC2092,Open Cluster,5.68944,-69.2242,,1.0
NGC2093,NGC2093,Star Association,5.69715,-68.9214,11.6,1.5
NGC2094,NGC2094,Open Cluster,5.70246,-68.3638,12.8,0.8
NGC2095,NGC2095,Open Cluster,5.71004,-67.3189,13.1,1.5
NGC2096,NGC2096,Open Cluster,5.70494,-68.4586,11.3,1.1
NGC2097,NGC2097,Globular Cluster,5.73778,-62.7856,13.7,1.9
NGC2098,NGC2098,Open Cluster,5.70862,-68.2732,10.7,2.2
NGC2100,NGC2100,Globular Cluster,5.70252,-69.2118,9.6,2.5
NGC2101,NGC2101,Galaxy,5.77338,-52.0885,13.3,1.2
NGC2102,NGC2102,Open Cluster,5.70569,-69.4871,11.4,0.8
NGC2103,NGC2103,HII Region,5.69454,-71.3331,10.8,4.0
NGC2104,NGC2104,Galaxy,5.78465,-51.5529,12.7,2.1
NGC2105,NGC2105,Globular Cluster,5.73866,-66.9176,12.2,1.7
NGC2106,NGC2106,Galaxy,5.84629,-21.5673,13.1,2.4
NGC2107,NGC2107,Open Cluster,5.72024,-70.6399,11.5,1.7
NGC2108,NGC2108,Globular Cluster,5.73246,-69.1821,12.3,1.8
NGC2109,NGC2109,Open Cluster,5.73970,-68.5478,12.2,1.6
NGC2110,NGC2110,Galaxy,5.86983,-7.4562,13.5,1.8
NGC2111,NGC2111,Open Cluster,5.74250,-70.9933,12.4,1.5
NGC2112,NGC2112,Open Cluster,5.89589,0.4108,9.1,21.0
NGC2113,NGC2113,Cluster + Nebula,5.75683,-69.7742,,1.1
NGC2114,NGC2114,Open Cluster,5.77003,-68.0483,12.5,1.4
NGC2115,NGC2115,Galaxy Pair,5.85575,-50.5875,,1.3
NGC2115A,NGC2115A,Galaxy,5.85551,-50.5829,14.2,1.2
NGC2115B,NGC2115B,Galaxy,5.85589,-50.5925,16.1,0.6
NGC2116,NGC2116,Open Cluster,5.78754,-68.5079,12.9,1.2
NGC2117,NGC2117,Open Cluster,5.79609,-67.4502,11.7,2.0
NGC2118,NGC2118,Open Cluster,5.79432,-69.1318,13.4,1.6
NGC2119,NGC2119,Galaxy,5.95749,11.9492,15.0,1.3
NGC2120,NGC2120,Globular Cluster,5.84295,-63.6776,12.7,2.2
NGC2121,NGC2121,Globular Cluster,5.80357,-71.4798,12.4,2.7
NGC2122,NGC2122,Cluster + Nebula,5.81459,-70.0701,10.4,6.0
NGC2123,NGC2123,Globular Cluster,5.86203,-65.3215,12.6,1.5
NGC2124,NGC2124,Galaxy,5.96451,-20.0846,13.4,2.8
NGC2125,NGC2125,Open Cluster,5.84840,-69.4791,,1.1
NGC2126,NGC2126,Open Cluster,6.04249,49.8659,,5.4
NGC2127,NGC2127,Open Cluster,5.85591,-69.3591,11.6,1.5
NGC2128,NGC2128,Galaxy,6.07618,57.6277,13.7,1.4
NGC2129,NGC2129,Open Cluster,6.01848,23.3222,6.7,3.9
NGC2130,NGC2130,Globular Cluster,5.87326,-67.3341,12.1,1.4
NGC2131,NGC2131,Galaxy,5.97987,-26.6530,14.6,1.2
NGC2132,NGC2132,Open Cluster,5.92898,-59.9277,,7.8
NGC2133,NGC2133,Open Cluster,5.85798,-71.1750,12.0,1.6
NGC2134,NGC2134,Globular Cluster,5.86603,-71.0976,11.1,2.8
NGC2135,NGC2135,Globular Cluster,5.89317,-67.4295,12.1,1.5
NGC2136,NGC2136,Globular Cluster,5.88271,-69.4928,10.7,2.8
NGC2137,NGC2137,Open Cluster,5.88699,-69.4820,12.7,1.1
NGC2138,NGC2138,Globular Cluster,5.91394,-65.8371,13.8,1.2
NGC2139,NGC2139,Galaxy,6.01884,-23.6726,11.7,2.9
NGC2140,NGC2140,Open Cluster,5.90449,-68.5998,12.4,1.5
NGC2141,NGC2141,Open Cluster,6.04863,10.4465,9.4,5.4
NGC2142,NGC2142,Star,6.03067,-10.5979,4.9,
NGC2143,NGC2143,Open Cluster,6.05043,5.8313,,6.9
NGC2144,NGC2144,Galaxy,5.68255,-82.1194,13.9,1.5
NGC2145,NGC2145,Open Cluster,5.90641,-70.9010,12.1,1.5
NGC2146,NGC2146,Galaxy,6.31047,78.3570,10.7,5.3
NGC2146A,NGC2146A,Galaxy,6.39867,78.5301,12.9,2.7
NGC2147,NGC2147,Open Cluster,5.92933,-68.2016,12.9,0.9
NGC2148,NGC2148,Galaxy,5.97940,-59.1259,14.6,1.2
NGC2149,NGC2149,Reflection Nebula,6.05855,-9.7306,,3.0
NGC2150,NGC2150,Galaxy,5.92954,-69.5608,13.0,1.1
NGC2151,NGC2151,Open Cluster,5.93901,-69.0174,,1.3
NGC2152,NGC2152,Galaxy,6.01536,-50.7409,14.8,1.1
NGC2153,NGC2153,Globular Cluster,5.96437,-66.4007,13.1,1.5
NGC2154,NGC2154,Globular Cluster,5.96041,-67.2638,11.8,2.4
NGC2155,NGC2155,Globular Cluster,5.97589,-65.4765,12.6,2.4
NGC2156,NGC2156,Globular Cluster,5.96380,-68.4608,11.4,2.1
NGC2157,NGC2157,Globular Cluster,5.95966,-69.1972,10.2,2.8
NGC2158,NGC2158,Open Cluster,6.12378,24.0962,8.6,8.4
NGC2159,NGC2159,Globular Cluster,5.96774,-68.6229,11.4,1.9
NGC2160,NGC2160,Open Cluster,5.97023,-68.2896,12.2,1.4
NGC2161,NGC2161,Globular Cluster,5.92863,-74.3539,12.9,2.3
NGC2162,NGC2162,Globular Cluster,6.00838,-63.7214,12.7,3.0
NGC2163,NGC2163,Reflection Nebula,6.13043,18.6574,,3.0
NGC2164,NGC2164,Globular Cluster,5.98229,-68.5159,10.3,2.8
NGC2165,NGC2165,Open Cluster,6.18450,51.6773,,
NGC2166,NGC2166,Open Cluster,5.99282,-67.9423,12.9,1.4
NGC2167,NGC2167,Star,6.11627,-6.2026,6.6,
NGC2169,NGC2169,Open Cluster,6.14010,13.9649,5.9,7.2
NGC2170,NGC2170,Reflection Nebula,6.12551,-6.3993,,2.0
NGC2171,NGC2171,Other,5.98323,-70.7191,,
NGC2172,NGC2172,Open Cluster,6.00162,-68.6369,11.8,1.7
NGC2173,NGC2173,Globular Cluster,5.96636,-72.9745,11.9,2.6
NGC2174,Monkey Head Nebula,Nebula,6.15656,20.6596,,40.0
NGC2175,NGC2175,Cluster + Nebula,6.16099,20.4876,6.8,5.4
NGC2176,NGC2176,Open Cluster,6.02205,-66.8532,,1.1
NGC2177,NGC2177,Open Cluster,6.02125,-67.7332,12.8,1.5
NGC2178,NGC2178,Galaxy,6.04655,-63.7637,13.7,1.3
NGC2179,NGC2179,Galaxy,6.13395,-21.7467,12.3,2.0
NGC2180,NGC2180,Open Cluster,6.16007,4.7116,9.0,4.2
NGC2181,NGC2181,Globular Cluster,6.04546,-65.2649,13.6,1.5
NGC2182,NGC2182,Reflection Nebula,6.15860,-6.3264,9.0,3.0
NGC2183,NGC2183,HII Region,6.17970,-6.2118,15.2,12.0
NGC2184,NGC2184,Open Cluster,6.18324,-3.4952,,6.6
NGC2185,NGC2185,Nebula,6.18346,-6.2269,12.9,2.0
NGC2186,NGC2186,Open Cluster,6.20198,5.4586,8.7,4.2
NGC2187,NGC2187,Galaxy Pair,6.06347,-69.5833,,3.3
NGC2187A,NGC2187A,Galaxy,6.06229,-69.5883,13.1,3.5
NGC2187B,NGC2187B,Galaxy,6.06456,-69.5774,13.3,2.7
NGC2188,NGC2188,Galaxy,6.16931,-34.1062,11.7,5.4
NGC2189,NGC2189,Other,6.20277,1.0660,,
NGC2190,NGC2190,Globular Cluster,6.01716,-74.7254,12.9,2.2
NGC2191,NGC2191,Galaxy,6.13996,-52.5123,12.3,1.8
NGC2192,NGC2192,Open Cluster,6.25484,39.8552,10.9,5.4
NGC2193,NGC2193,Globular Cluster,6.10487,-65.0988,13.4,1.7
NGC2194,NGC2194,Open Cluster,6.22942,12.8067,8.5,8.7
NGC2195,NGC2195,Double Star,6.24273,17.6394,,
NGC2196,NGC2196,Galaxy,6.20268,-21.8059,11.2,2.8
NGC2197,NGC2197,Globular Cluster,6.10203,-67.0972,13.4,1.8
NGC2198,NGC2198,Other,6.23192,0.9947,,
NGC2199,NGC2199,Galaxy,6.07915,-73.3998,13.8,2.2
NGC2200,NGC2200,Galaxy,6.22155,-43.6632,14.9,1.2
NGC2201,NGC2201,Galaxy,6.22545,-43.7047,14.3,1.0
NGC2202,NGC2202,Open Cluster,6.28076,5.9962,,4.8
NGC2203,NGC2203,Globular Cluster,6.07849,-75.4384,11.3,3.2
NGC2204,NGC2204,Open Cluster,6.25895,-18.6659,8.6,6.3
NGC2205,NGC2205,Galaxy,6.17576,-62.5384,13.7,1.3
NGC2206,NGC2206,Galaxy,6.26662,-26.7655,12.2,2.5
NGC2207,NGC2207,Galaxy,6.27279,-21.3727,11.1,4.9
NGC2208,NGC2208,Galaxy,6.37630,51.9095,12.6,1.7
NGC2209,NGC2209,Globular Cluster,6.14331,-73.8384,13.2,2.9
NGC2210,NGC2210,Globular Cluster,6.19204,-69.1214,10.9,3.3
NGC2211,NGC2211,Galaxy,6.30843,-18.5373,13.7,1.4
NGC2212,NGC2212,Galaxy,6.30993,-18.5195,14.6,1.3
NGC2213,NGC2213,Open Cluster,6.17832,-71.5284,12.4,2.1
NGC2214,NGC2214,Open Cluster,6.21581,-68.2607,10.9,3.1
NGC2215,NGC2215,Open Cluster,6.34701,-7.2838,8.4,8.4
NGC2216,NGC2216,Galaxy,6.35854,-22.0874,13.7,1.4
NGC2217,NGC2217,Galaxy,6.36105,-27.2338,10.6,4.6
NGC2218,NGC2218,Other,6.41153,19.3413,,
NGC2219,NGC2219,Open Cluster,6.39564,-4.6773,,4.2
NGC2220,NGC2220,Other,6.35299,-44.7598,,4.2
NGC2221,NGC2221,Galaxy,6.33770,-57.5784,13.9,2.4
NGC2222,NGC2222,Galaxy,6.33807,-57.5345,14.2,1.4
NGC2223,NGC2223,Galaxy,6.40998,-22.8382,11.9,2.8
NGC2224,NGC2224,Other,6.45794,12.5934,,
NGC2225,NGC2225,Open Cluster,6.44291,-9.6308,,3.6
NGC2226,NGC2226,Open Cluster,6.44377,-9.6428,,
NGC2227,NGC2227,Galaxy,6.43277,-22.0048,12.2,2.3
NGC2228,NGC2228,Galaxy,6.35432,-64.4588,14.6,1.0
NGC2229,NGC2229,Galaxy,6.35658,-64.9567,14.4,1.2
NGC2230,NGC2230,Galaxy,6.35766,-64.9928,14.1,1.3
NGC2231,NGC2231,Globular Cluster,6.34527,-67.5185,13.2,2.1
NGC2232,NGC2232,Open Cluster,6.46698,-4.8474,3.9,9.9
NGC2233,NGC2233,Galaxy,6.36113,-65.0334,14.9,1.0
NGC2234,NGC2234,Open Cluster,6.48936,16.7229,,4.2
NGC2235,NGC2235,Galaxy,6.37275,-64.9344,14.0,1.4
NGC2236,NGC2236,Open Cluster,6.49436,6.8307,8.5,5.4
NGC2237,Rosette A,Nebula,6.51517,5.0492,,80.0
NGC2238,Rosette Nebula,HII Region,6.51121,5.0131,6.0,80.0
NGC2239,NGC2239,Cluster + Nebula,6.53210,4.9429,4.8,9.3
NGC2240,NGC2240,Open Cluster,6.55293,35.2502,,3.6
NGC2241,NGC2241,Open Cluster,6.38093,-68.9254,13.2,1.6
NGC2242,NGC2242,Planetary Nebula,6.56868,44.7770,15.0,0.5
NGC2243,NGC2243,Open Cluster,6.49291,-31.2813,9.4,5.1
NGC2245,NGC2245,Reflection Nebula,6.54479,10.1566,11.0,2.0
NGC2246,Rosette B,Nebula,6.54272,5.1283,,10.0
NGC2247,NGC2247,Reflection Nebula,6.55144,10.3223,8.5,2.0
NGC2248,NGC2248,Other,6.57660,26.3044,,
NGC2249,NGC2249,Globular Cluster,6.43044,-68.9198,12.2,2.3
NGC2250,NGC2250,Open Cluster,6.56386,-5.0844,8.9,5.1
NGC2251,NGC2251,Open Cluster,6.57736,8.3664,7.3,5.7
NGC2252,NGC2252,Open Cluster,6.57860,5.3662,7.7,6.6
NGC2253,NGC2253,Galaxy,6.72829,65.2063,12.9,1.4
NGC2254,NGC2254,Open Cluster,6.59713,7.6733,9.1,4.2
NGC2255,NGC2255,Galaxy,6.56629,-34.8126,14.2,1.5
NGC2256,NGC2256,Galaxy,6.78721,74.2365,13.9,2.2
NGC2257,NGC2257,Globular Cluster,6.50385,-64.3256,12.6,4.0
NGC2258,NGC2258,Galaxy,6.79606,74.4817,11.9,3.0
NGC2259,NGC2259,Open Cluster,6.63929,10.8836,10.8,6.0
NGC2260,NGC2260,Open Cluster,6.63419,-1.4728,,
NGC2261,Hubble's Nebula,Reflection Nebula,6.65264,8.7443,11.8,2.0
NGC2262,NGC2262,Open Cluster,6.66058,1.1436,11.3,3.9
NGC2263,NGC2263,Galaxy,6.64134,-24.8487,12.9,2.9
NGC2264,Christmas Tree Cluster,Cluster + Nebula,6.68285,9.8955,3.9,11.4
NGC2265,NGC2265,Open Cluster,6.69490,11.9046,,4.5
NGC2266,NGC2266,Open Cluster,6.72200,26.9696,9.5,4.2
NGC2267,NGC2267,Galaxy,6.68103,-32.4823,13.2,1.7
NGC2268,NGC2268,Galaxy,7.23818,84.3823,11.6,2.1
NGC2269,NGC2269,Open Cluster,6.72141,4.6243,10.0,4.8
NGC2270,NGC2270,Open Cluster,6.73271,3.4785,,5.4
NGC2271,NGC2271,Galaxy,6.71472,-23.4760,13.2,1.8
NGC2272,NGC2272,Galaxy,6.71147,-27.4595,11.9,2.2
NGC2273,NGC2273,Galaxy,6.83574,60.8458,12.4,2.3
NGC2273A,NGC2273A,Galaxy,6.66864,60.0807,13.2,2.0
NGC2273B,NGC2273B,Galaxy,6.77544,60.3404,12.8,1.5
NGC2274,NGC2274,Galaxy,6.78816,33.5672,13.5,1.8
NGC2275,NGC2275,Galaxy,6.78831,33.5992,13.6,2.5
NGC2276,NGC2276,Galaxy,7.45399,85.7546,11.5,2.2
NGC2277,NGC2277,Other,6.79640,33.4513,,
NGC2278,NGC2278,Double Star,6.80456,33.3943,,
NGC2279,NGC2279,Other,6.80690,33.4153,,
NGC2280,NGC2280,Galaxy,6.74697,-27.6386,11.1,6.5
NGC2281,NGC2281,Open Cluster,6.80496,41.0789,5.4,10.8
NGC2282,NGC2282,HII Region,6.78099,1.3160,10.0,3.0
NGC2283,NGC2283,Galaxy,6.76464,-18.2103,12.9,2.8
NGC2284,NGC2284,Other,6.81932,33.1938,,
NGC2285,NGC2285,Double Star,6.82667,33.3647,,
NGC2286,NGC2286,Open Cluster,6.79449,-3.1477,7.5,5.4
NGC2288,NGC2288,Galaxy,6.84777,33.4624,14.4,0.2
NGC2289,NGC2289,Galaxy,6.84822,33.4787,13.2,1.2
NGC2290,NGC2290,Galaxy,6.84914,33.4376,13.0,0.8
NGC2291,NGC2291,Galaxy,6.84962,33.5251,13.2,0.9
NGC2292,NGC2292,Galaxy,6.79435,-26.7462,11.8,4.3
NGC2293,NGC2293,Galaxy,6.79525,-26.7544,11.0,4.4
NGC2294,NGC2294,Galaxy,6.85314,33.5271,13.8,0.9
NGC2295,NGC2295,Galaxy,6.78984,-26.7363,13.6,2.3
NGC2296,NGC2296,Galaxy,6.81086,-16.9016,13.0,1.2
NGC2297,NGC2297,Galaxy,6.74016,-63.7173,12.7,1.5
NGC2298,NGC2298,Globular Cluster,6.81644,-36.0053,8.9,4.8
NGC2299,NGC2299,Open Cluster,6.86491,-7.0827,8.9,4.8
NGC2300,NGC2300,Galaxy,7.53888,85.7095,11.2,3.0
NGC2301,Great Bird Cluster,Open Cluster,6.86258,0.4592,6.0,10.2
NGC2303,NGC2303,Galaxy,6.93819,45.4928,14.0,1.5
NGC2304,NGC2304,Open Cluster,6.91989,17.9928,10.0,4.8
NGC2305,NGC2305,Galaxy,6.81038,-64.2732,11.7,1.9
NGC2306,NGC2306,Open Cluster,6.90821,-7.2041,,6.6
NGC2307,NGC2307,Galaxy,6.81411,-64.3355,12.1,1.9
NGC2308,NGC2308,Galaxy,6.97711,45.2106,14.5,1.5
NGC2309,NGC2309,Open Cluster,6.93434,-7.1743,10.5,5.4
NGC2310,NGC2310,Galaxy,6.89832,-40.8626,11.8,4.5
NGC2311,NGC2311,Open Cluster,6.96321,-4.6113,9.6,6.0
NGC2312,NGC2312,Open Cluster,6.97965,10.2945,,3.0
NGC2313,NGC2313,Star,6.96744,-7.9450,14.2,
NGC2314,NGC2314,Galaxy,7.17571,75.3267,12.1,1.3
NGC2315,NGC2315,Galaxy,7.04252,50.5906,14.4,1.6
NGC2316,NGC2316,Nebula,6.99468,-7.7778,,4.0
NGC2317,NGC2317,Nebula,6.99489,-7.7745,,
NGC2318,NGC2318,Open Cluster,6.99084,-13.6984,,4.5
NGC2319,NGC2319,Open Cluster,7.00895,3.0422,11.8,6.0
NGC2320,NGC2320,Galaxy,7.09501,50.5811,11.9,1.5
NGC2321,NGC2321,Galaxy,7.09972,50.7560,15.0,1.3
NGC2322,NGC2322,Galaxy,7.10008,50.5103,14.5,1.1
NGC2324,NGC2324,Open Cluster,7.06888,1.0446,8.4,8.7
NGC2325,NGC2325,Galaxy,7.04456,-28.6972,11.2,4.0
NGC2326,NGC2326,Galaxy,7.13639,50.6819,14.2,2.0
NGC2326A,NGC2326A,Galaxy,7.14284,50.6314,15.5,0.8
NGC2327,NGC2327,Reflection Nebula,7.06867,-11.3141,,1.0
NGC2328,NGC2328,Galaxy,7.04339,-42.0686,12.6,1.6
NGC2329,NGC2329,Galaxy,7.15223,48.6154,12.5,1.4
NGC2330,NGC2330,Galaxy,7.15789,50.1525,13.1,0.7
NGC2331,NGC2331,Open Cluster,7.11662,27.2616,8.5,4.8
NGC2332,NGC2332,Galaxy,7.15949,50.1823,13.9,1.7
NGC2333,NGC2333,Galaxy,7.13926,35.1700,14.1,1.0
NGC2334,NGC2334,Galaxy,7.19268,50.2482,14.6,1.2
NGC2335,NGC2335,Open Cluster,7.11374,-10.0286,7.2,8.7
NGC2336,NGC2336,Galaxy,7.45113,80.1781,10.7,5.0
NGC2337,NGC2337,Galaxy,7.17044,44.4573,12.5,2.2
NGC2338,NGC2338,Open Cluster,7.12982,-5.7197,,3.3
NGC2339,NGC2339,Galaxy,7.13904,18.7802,11.8,2.4
NGC2340,NGC2340,Galaxy,7.18634,50.1747,11.7,3.2
NGC2341,NGC2341,Galaxy,7.15334,20.6029,13.2,0.8
NGC2342,NGC2342,Galaxy,7.15502,20.6360,12.6,1.2
NGC2343,NGC2343,Open Cluster,7.13522,-10.6168,6.7,7.5
NGC2344,NGC2344,Galaxy,7.20796,47.1667,12.1,2.1
NGC2345,NGC2345,Open Cluster,7.13855,-13.1937,7.7,6.9
NGC2346,NGC2346,Planetary Nebula,7.15639,-0.8091,11.6,0.9
NGC2347,NGC2347,Galaxy,7.26769,64.7089,12.6,1.6
NGC2348,NGC2348,Open Cluster,7.05070,-67.3939,,5.7
NGC2349,NGC2349,Open Cluster,7.18004,-8.5933,,5.1
NGC2350,NGC2350,Galaxy,7.22005,12.2661,14.0,1.4
NGC2351,NGC2351,Open Cluster,7.22556,-10.4914,,3.0
NGC2352,NGC2352,Open Cluster,7.21818,-24.0461,,4.8
NGC2353,NGC2353,Open Cluster,7.24175,-10.2659,7.1,6.6
NGC2354,NGC2354,Open Cluster,7.23480,-25.6889,6.5,4.8
NGC2355,NGC2355,Open Cluster,7.28313,13.7499,9.7,6.0
NGC2357,NGC2357,Galaxy,7.29472,23.3568,14.5,3.2
NGC2358,NGC2358,Open Cluster,7.28231,-17.1171,,9.6
NGC2359,NGC2359,HII Region,7.30861,-13.2272,,10.0
NGC2360,Caroline's Cluster,Open Cluster,7.29531,-15.6413,7.2,9.0
NGC2361,NGC2361,Nebula,7.30661,-13.2096,,
NGC2362,NGC2362,Open Cluster,7.31152,-24.9542,4.1,7.2
NGC2363,NGC2363,Galaxy,7.47489,69.1929,15.5,1.1
NGC2364,NGC2364,Open Cluster,7.34624,-7.5497,,
NGC2365,NGC2365,Galaxy,7.37293,22.0833,12.2,2.8
NGC2366,NGC2366,Galaxy,7.48185,69.2158,11.2,4.4
NGC2367,NGC2367,Open Cluster,7.33459,-21.8841,7.9,5.4
NGC2368,NGC2368,Open Cluster,7.35175,-10.3718,11.8,4.5
NGC2369,NGC2369,Galaxy,7.27715,-62.3437,12.3,3.0
NGC2369A,NGC2369A,Galaxy,7.31209,-62.9363,13.7,2.0
NGC2369B,NGC2369B,Galaxy,7.34156,-62.0540,14.3,1.5
NGC2370,NGC2370,Galaxy,7.41713,23.7832,14.2,1.2
NGC2371,NGC2371,Planetary Nebula,7.42629,29.4906,11.2,2.2
NGC2373,NGC2373,Galaxy,7.44360,33.8237,14.6,0.6
NGC2374,NGC2374,Open Cluster,7.39891,-13.2634,8.0,9.0
NGC2375,NGC2375,Galaxy,7.45263,33.8318,14.9,1.0
NGC2376,NGC2376,Galaxy,7.44331,23.0729,14.7,0.7
NGC2377,NGC2377,Galaxy,7.41578,-9.6593,14.6,1.6
NGC2378,NGC2378,Double Star,7.45672,33.8316,,
NGC2379,NGC2379,Galaxy,7.45729,33.8112,13.6,1.0
NGC2380,NGC2380,Galaxy,7.39854,-27.5291,11.1,2.5
NGC2381,NGC2381,Galaxy,7.33259,-63.0670,12.7,1.5
NGC2383,NGC2383,Open Cluster,7.41108,-20.9476,8.4,4.2
NGC2384,NGC2384,Open Cluster,7.41940,-21.0199,7.4,4.8
NGC2385,NGC2385,Galaxy,7.47446,33.8378,15.1,0.9
NGC2386,NGC2386,Other,7.47720,33.7738,,
NGC2387,NGC2387,Galaxy,7.48276,36.8798,16.5,0.5
NGC2388,NGC2388,Galaxy,7.48151,33.8191,14.7,0.9
NGC2389,NGC2389,Galaxy,7.48463,33.8610,12.9,1.6
NGC2390,NGC2390,Star,7.48452,33.8368,,
NGC2391,NGC2391,Star,7.48541,33.8259,,
NGC2392,Eskimo Nebula,Planetary Nebula,7.48632,20.9118,9.6,0.9
NGC2393,NGC2393,Galaxy,7.50129,34.0278,14.8,1.1
NGC2394,NGC2394,Open Cluster,7.47681,7.0866,,
NGC2395,NGC2395,Open Cluster,7.45357,13.6082,8.0,4.6
NGC2396,NGC2396,Open Cluster,7.46748,-11.7197,7.4,6.6
NGC2397,NGC2397,Galaxy,7.35555,-69.0015,12.0,2.5
NGC2397A,NGC2397A,Galaxy,7.35220,-69.1153,14.8,1.1
NGC2397B,NGC2397B,Galaxy,7.36544,-68.8458,15.0,1.2
NGC2398,NGC2398,Galaxy,7.50449,24.4879,15.2,1.2
NGC2399,NGC2399,Other,7.49727,-0.2144,,
NGC2400,NGC2400,Other,7.49857,-0.2147,,
NGC2401,NGC2401,Open Cluster,7.49011,-13.9662,12.6,2.7
NGC2402,NGC2402,Galaxy Pair,7.51311,9.6506,,1.5
NGC2403,NGC2403,Galaxy,7.61428,65.6026,8.4,19.9
NGC2404,NGC2404,HII Region,7.61854,65.6108,,
NGC2405,NGC2405,Galaxy,7.53722,25.9064,14.8,0.9
NGC2406,NGC2406,Galaxy,7.52993,18.2879,15.4,0.7
NGC2407,NGC2407,Galaxy,7.53241,18.3331,15.1,1.4
NGC2408,NGC2408,Open Cluster,7.67553,71.6682,,
NGC2409,NGC2409,Open Cluster,7.52687,-17.1904,7.3,0.1
NGC2410,NGC2410,Galaxy,7.58396,32.8221,16.3,2.2
NGC2411,NGC2411,Galaxy,7.57676,18.2816,14.4,1.0
NGC2412,NGC2412,Star,7.57263,8.5478,,
NGC2413,NGC2413,Open Cluster,7.55458,-13.0956,,4.8
NGC2414,NGC2414,Open Cluster,7.55356,-15.4539,7.9,5.4
NGC2415,NGC2415,Galaxy,7.61575,35.2420,12.4,0.8
NGC2416,NGC2416,Galaxy,7.59487,11.6120,14.3,0.9
NGC2417,NGC2417,Galaxy,7.50336,-62.2526,12.3,2.5
NGC2418,NGC2418,Galaxy,7.61042,17.8839,13.7,1.6
NGC2419,NGC2419,Globular Cluster,7.63554,38.8800,10.1,4.5
NGC2420,NGC2420,Open Cluster,7.63997,21.5741,8.3,7.5
NGC2421,NGC2421,Open Cluster,7.60328,-20.6123,8.3,5.1
NGC2423,NGC2423,Open Cluster,7.61854,-13.8715,6.7,11.7
NGC2424,NGC2424,Galaxy,7.67758,39.2333,12.6,3.4
NGC2425,NGC2425,Open Cluster,7.63823,-14.8778,,5.4
NGC2426,NGC2426,Galaxy,7.72179,52.3185,14.4,1.1
NGC2427,NGC2427,Galaxy,7.60783,-47.6356,11.5,5.7
NGC2428,NGC2428,Open Cluster,7.65605,-16.5290,,4.5
NGC2429,NGC2429,Galaxy Pair,7.73047,52.3531,,2.3
NGC2429A,NGC2429A,Galaxy,7.72988,52.3574,14.6,1.7
NGC2429B,NGC2429B,Galaxy,7.73106,52.3485,15.0,0.4
NGC2430,NGC2430,Open Cluster,7.66140,-16.2961,,4.2
NGC2431,NGC2431,Galaxy,7.75372,53.0751,14.5,0.9
NGC2432,NGC2432,Open Cluster,7.68163,-19.0691,10.2,5.4
NGC2433,NGC2433,Other,7.71212,9.2592,,
NGC2434,NGC2434,Galaxy,7.58088,-69.2841,11.3,2.7
NGC2435,NGC2435,Galaxy,7.73711,31.6511,13.4,2.2
NGC2438,NGC2438,Planetary Nebula,7.69733,-14.7358,10.8,1.1
NGC2439,NGC2439,Open Cluster,7.67928,-31.6924,6.9,8.7
NGC2440,NGC2440,Planetary Nebula,7.69871,-18.2085,9.4,0.3
NGC2441,NGC2441,Galaxy,7.86521,73.0157,12.2,2.0
NGC2442,NGC2442,Galaxy,7.60662,-69.5308,10.6,4.7
NGC2444,NGC2444,Galaxy,7.78140,39.0319,13.2,1.1
NGC2445,NGC2445,Galaxy,7.78197,39.0152,13.2,1.9
NGC2446,NGC2446,Galaxy,7.81090,54.6119,13.8,1.8
NGC2448,NGC2448,Open Cluster,7.74255,-24.6732,,6.0
NGC2449,NGC2449,Galaxy,7.78897,26.9302,14.1,1.4
NGC2450,NGC2450,Galaxy,7.79230,27.0191,15.2,1.0
NGC2451,NGC2451,Open Cluster,7.75417,-37.9674,9.5,37.5
NGC2452,NGC2452,Planetary Nebula,7.79066,-27.3340,12.0,0.3
NGC2453,NGC2453,Open Cluster,7.79281,-27.1948,8.3,3.0
NGC2454,NGC2454,Galaxy,7.84306,16.3686,14.5,1.2
NGC2455,NGC2455,Open Cluster,7.81628,-21.2979,10.2,4.5
NGC2456,NGC2456,Galaxy,7.90296,55.4953,14.3,1.1
NGC2457,NGC2457,Galaxy,7.91270,55.5466,15.8,0.5
NGC2458,NGC2458,Galaxy,7.93094,56.7106,16.0,0.5
NGC2459,NGC2459,Open Cluster,7.86716,9.5574,,2.7
NGC2460,NGC2460,Galaxy,7.94786,60.3494,11.7,1.8
NGC2461,NGC2461,Star,7.94063,56.6733,,
NGC2462,NGC2462,Galaxy,7.94224,56.6871,14.9,0.6
NGC2463,NGC2463,Galaxy,7.95347,56.6765,14.8,0.6
NGC2464,NGC2464,Other,7.95908,56.6906,,
NGC2465,NGC2465,Star,7.95725,56.8225,,
NGC2466,NGC2466,Galaxy,7.75446,-71.4104,13.1,1.5
NGC2467,NGC2467,Cluster + Nebula,7.87318,-26.4433,,4.2
NGC2468,NGC2468,Galaxy,7.96735,56.3596,14.8,1.5
NGC2469,NGC2469,Galaxy,7.96762,56.6805,13.2,0.9
NGC2470,NGC2470,Galaxy,7.90577,4.4597,12.7,1.9
NGC2471,NGC2471,Double Star,7.97582,56.7762,,
NGC2472,NGC2472,Galaxy,7.97831,56.7013,15.4,0.7
NGC2473,NGC2473,Galaxy,7.92634,56.7358,,0.5
NGC2474,NGC2474,Galaxy,7.96638,52.8573,14.1,1.1
NGC2475,NGC2475,Galaxy,7.96679,52.8617,13.1,1.1
NGC2476,NGC2476,Galaxy,7.94588,39.9279,12.6,1.3
NGC2477,NGC2477,Open Cluster,7.86938,-38.5333,5.8,18.6
NGC2479,NGC2479,Open Cluster,7.91835,-17.7078,9.6,6.3
NGC2480,NGC2480,Galaxy,7.95290,23.7798,15.0,1.3
NGC2481,NGC2481,Galaxy,7.95382,23.7678,12.5,1.4
NGC2482,NGC2482,Open Cluster,7.91955,-24.2546,7.3,6.6
NGC2483,NGC2483,Open Cluster,7.92744,-27.8868,7.6,3.3
NGC2484,NGC2484,Galaxy,7.97447,37.7866,13.1,1.7
NGC2485,NGC2485,Galaxy,7.94685,7.4779,13.2,1.6
NGC2486,NGC2486,Galaxy,7.96569,25.1609,13.5,1.5
NGC2487,NGC2487,Galaxy,7.97235,25.1492,12.6,1.7
NGC2488,NGC2488,Galaxy,8.02944,56.5539,12.4,1.4
NGC2489,NGC2489,Open Cluster,7.93748,-30.0608,7.9,4.2
NGC2490,NGC2490,Galaxy,7.98830,27.0779,15.1,0.6
NGC2491,NGC2491,Galaxy,7.97427,7.9838,15.9,0.7
NGC2492,NGC2492,Galaxy,7.99159,27.0264,12.7,1.1
NGC2493,NGC2493,Galaxy,8.00656,39.8304,12.1,1.9
NGC2494,NGC2494,Galaxy,7.98532,-0.6379,14.3,1.0
NGC2495,NGC2495,Galaxy,8.00921,39.8400,15.2,0.6
NGC2496,NGC2496,Galaxy,7.97704,8.0298,14.7,1.9
NGC2497,NGC2497,Galaxy,8.03642,56.9423,14.4,1.6
NGC2498,NGC2498,Galaxy,7.99413,24.9823,14.3,1.0
NGC2499,NGC2499,Galaxy,7.98103,7.4933,15.0,0.9
NGC2500,NGC2500,Galaxy,8.03145,50.7371,11.7,2.5
NGC2501,NGC2501,Galaxy,7.97501,-14.3543,14.5,1.7
NGC2502,NGC2502,Galaxy,7.93098,-52.3068,12.0,2.2
NGC2503,NGC2503,Galaxy,8.01019,22.4001,14.8,0.9
NGC2504,NGC2504,Galaxy,7.99786,5.6081,14.2,0.6
NGC2505,NGC2505,Galaxy,8.06857,53.5492,14.3,1.2
NGC2506,NGC2506,Open Cluster,8.00049,-10.7696,7.6,10.8
NGC2507,NGC2507,Galaxy,8.02700,15.7097,13.9,1.5
NGC2508,NGC2508,Galaxy,8.03256,8.5519,14.0,1.9
NGC2509,NGC2509,Open Cluster,8.01328,-19.0505,9.3,4.8
NGC2510,NGC2510,Galaxy,8.03630,9.4860,14.5,1.0
NGC2511,NGC2511,Galaxy,8.03750,9.3944,14.9,1.0
NGC2512,NGC2512,Galaxy,8.05218,23.3918,13.2,1.4
NGC2513,NGC2513,Galaxy,8.04019,9.4136,11.6,1.9
NGC2514,NGC2514,Galaxy,8.04712,15.8083,13.4,1.2
NGC2515,NGC2515,Double Star,8.05591,20.1880,,
NGC2516,NGC2516,Open Cluster,7.96863,-60.7535,3.8,24.3
NGC2517,NGC2517,Galaxy,8.04641,-12.3178,11.9,1.7
NGC2518,NGC2518,Galaxy,8.12229,51.1316,14.2,1.3
NGC2519,NGC2519,Star,8.13301,51.1282,,
NGC2520,NGC2520,Open Cluster,8.08283,-28.1467,6.5,9.3
NGC2521,NGC2521,Galaxy,8.14705,57.7696,13.1,1.0
NGC2522,NGC2522,Galaxy,8.10373,17.7066,14.1,1.1
NGC2523,NGC2523,Galaxy,8.25003,73.5790,11.9,2.8
NGC2523A,NGC2523A,Galaxy,8.06902,74.0478,14.4,1.1
NGC2523B,NGC2523B,Galaxy,8.21586,73.5632,14.7,1.9
NGC2523C,NGC2523C,Galaxy,8.29564,73.3176,14.2,1.5
NGC2524,NGC2524,Galaxy,8.13600,39.1574,12.7,1.5
NGC2525,NGC2525,Galaxy,8.09390,-11.4270,11.5,3.1
NGC2526,NGC2526,Galaxy,8.11629,8.0039,14.6,0.9
NGC2528,NGC2528,Galaxy,8.12356,39.1945,13.5,1.4
NGC2529,NGC2529,Other,8.13031,17.8208,,
NGC2530,NGC2530,Galaxy,8.13211,17.8185,14.6,1.4
NGC2531,NGC2531,Other,8.13364,17.8206,,
NGC2532,NGC2532,Galaxy,8.17088,33.9566,12.7,1.7
NGC2533,NGC2533,Open Cluster,8.11781,-29.8839,7.6,5.0
NGC2534,NGC2534,Galaxy,8.21504,55.6721,13.0,1.4
NGC2535,NGC2535,Galaxy,8.18708,25.2068,12.7,1.9
NGC2536,NGC2536,Galaxy,8.18776,25.1794,14.1,0.7
NGC2537,Bear Claw Nebula,Galaxy,8.22073,45.9898,11.7,2.1
NGC2537A,NGC2537A,Galaxy,8.22806,45.9937,15.7,0.6
NGC2538,NGC2538,Galaxy,8.18974,3.6332,13.8,1.6
NGC2539,NGC2539,Open Cluster,8.17694,-12.8207,6.5,12.3
NGC2540,NGC2540,Galaxy,8.21290,26.3618,14.4,1.2
NGC2541,NGC2541,Galaxy,8.24448,49.0617,11.7,3.0
NGC2542,NGC2542,Double Star,8.18789,-12.9271,4.7,
NGC2543,NGC2543,Galaxy,8.21609,36.2546,12.4,2.4
NGC2544,NGC2544,Galaxy,8.36121,73.9884,12.9,1.5
NGC2545,NGC2545,Galaxy,8.23727,21.3555,12.4,1.9
NGC2546,NGC2546,Open Cluster,8.20434,-37.5943,6.3,16.5
NGC2547,NGC2547,Open Cluster,8.16930,-49.2057,4.7,7.8
NGC2549,NGC2549,Galaxy,8.31621,57.8031,11.1,3.6
NGC2550,NGC2550,Galaxy,8.40941,74.0123,13.1,0.9
NGC2550A,NGC2550A,Galaxy,8.47776,73.7480,13.4,1.6
NGC2551,NGC2551,Galaxy,8.41397,73.4120,12.1,1.6
NGC2552,NGC2552,Galaxy,8.32237,50.0096,12.2,3.0
NGC2553,NGC2553,Galaxy,8.29306,20.9031,14.7,1.1
NGC2554,NGC2554,Galaxy,8.29819,23.4721,12.0,2.0
NGC2555,NGC2555,Galaxy,8.29900,0.7457,13.4,1.9
NGC2556,NGC2556,Galaxy,8.31690,20.9370,15.4,0.6
NGC2557,NGC2557,Galaxy,8.31965,21.4358,14.3,1.1
NGC2558,NGC2558,Galaxy,8.32021,20.5108,13.0,1.4
NGC2559,NGC2559,Galaxy,8.28502,-27.4558,11.3,2.8
NGC2560,NGC2560,Galaxy,8.33108,20.9850,13.3,1.6
NGC2561,NGC2561,Galaxy,8.32694,4.6572,13.9,1.1
NGC2562,NGC2562,Galaxy,8.33991,21.1315,13.0,1.0
NGC2563,NGC2563,Galaxy,8.34325,21.0678,12.3,2.0
NGC2564,NGC2564,Galaxy,8.30834,-21.8161,14.7,1.4
NGC2565,NGC2565,Galaxy,8.33009,22.0314,12.5,1.7
NGC2566,NGC2566,Galaxy,8.31268,-25.4995,10.8,4.0
NGC2567,NGC2567,Open Cluster,8.30977,-30.6356,7.4,6.0
NGC2568,NGC2568,Open Cluster,8.30503,-37.1054,,
NGC2569,NGC2569,Galaxy,8.35587,20.8675,15.1,0.7
NGC2570,NGC2570,Galaxy,8.35626,20.9106,14.7,0.7
NGC2571,NGC2571,Open Cluster,8.31565,-29.7493,7.0,7.2
NGC2572,NGC2572,Galaxy,8.35684,19.1478,14.7,1.2
NGC2573,Polarissima Australis,Galaxy,1.69370,-89.3345,13.5,1.9
NGC2573B,NGC2573B,Galaxy,23.12578,-89.1165,15.3,1.1
NGC2574,NGC2574,Galaxy,8.34671,-8.9185,13.2,2.2
NGC2575,NGC2575,Galaxy,8.37916,24.2969,13.0,1.4
NGC2576,NGC2576,Galaxy,8.38269,25.7387,15.2,1.6
NGC2577,NGC2577,Galaxy,8.37874,22.5531,12.4,1.6
NGC2578,NGC2578,Galaxy,8.35674,-13.3179,12.6,2.2
NGC2579,NGC2579,Cluster + Nebula,8.34807,-36.2171,,3.3
NGC2580,NGC2580,Open Cluster,8.35775,-30.2935,9.7,3.0
NGC2581,NGC2581,Galaxy,8.40859,18.5971,14.4,1.0
NGC2582,NGC2582,Galaxy,8.42002,20.3347,13.1,1.2
NGC2583,NGC2583,Galaxy,8.38554,-5.0024,13.4,0.9
NGC2584,NGC2584,Galaxy,8.38762,-4.9705,15.0,1.0
NGC2585,NGC2585,Galaxy,8.39063,-4.9152,14.5,1.6
NGC2586,NGC2586,Other,8.39206,-4.9519,,
NGC2587,NGC2587,Open Cluster,8.39002,-29.5087,9.2,6.0
NGC2588,NGC2588,Open Cluster,8.38599,-32.9752,11.8,3.9
NGC2589,NGC2589,Other,8.40819,-8.7679,,
NGC2590,NGC2590,Galaxy,8.41722,-0.5914,13.0,2.1
NGC2591,NGC2591,Galaxy,8.62376,78.0264,12.7,3.0
NGC2592,NGC2592,Galaxy,8.45224,25.9703,13.6,1.5
NGC2593,NGC2593,Galaxy,8.44662,17.3749,14.8,1.0
NGC2594,NGC2594,Galaxy,8.45477,25.8788,14.9,0.9
NGC2595,NGC2595,Galaxy,8.46167,21.4791,12.4,1.7
NGC2596,NGC2596,Galaxy,8.45737,17.2841,13.5,1.4
NGC2597,NGC2597,Double Star,8.49928,21.5019,,
NGC2598,NGC2598,Galaxy,8.50070,21.4887,13.6,1.2
NGC2599,NGC2599,Galaxy,8.53647,22.5606,12.2,1.6
NGC2600,NGC2600,Galaxy,8.57918,52.7157,15.1,1.2
NGC2601,NGC2601,Galaxy,8.42518,-68.1177,13.4,1.7
NGC2602,NGC2602,Galaxy,8.58451,52.8315,15.4,0.7
NGC2603,NGC2603,Galaxy,8.57533,52.8402,16.8,0.4
NGC2604,NGC2604,Galaxy,8.55643,29.5388,14.9,1.5
NGC2604B,NGC2604B,Galaxy,8.55991,29.4997,15.7,0.6
NGC2605,NGC2605,Galaxy,8.58147,52.8043,16.4,0.5
NGC2606,NGC2606,Galaxy,8.59290,52.7889,14.9,0.9
NGC2607,NGC2607,Galaxy,8.56574,26.9727,14.9,0.8
NGC2608,NGC2608,Galaxy,8.58815,28.4734,12.2,1.9
NGC2609,NGC2609,Open Cluster,8.49157,-61.1102,,3.6
NGC2610,NGC2610,Planetary Nebula,8.55650,-16.1494,12.7,0.6
NGC2611,NGC2611,Galaxy,8.59144,25.0275,15.3,0.8
NGC2612,NGC2612,Galaxy,8.56392,-13.1745,12.9,2.6
NGC2613,NGC2613,Galaxy,8.55634,-22.9737,10.4,7.6
NGC2614,NGC2614,Galaxy,8.71332,72.9765,13.9,2.0
NGC2615,NGC2615,Galaxy,8.57593,-2.5468,13.4,1.2
NGC2616,NGC2616,Galaxy,8.59280,-1.8501,12.6,1.4
NGC2617,NGC2617,Galaxy,8.59411,-4.0882,14.0,1.4
NGC2618,NGC2618,Galaxy,8.59821,0.7071,14.0,2.1
NGC2619,NGC2619,Galaxy,8.62575,28.7052,12.7,1.9
NGC2620,NGC2620,Galaxy,8.62451,24.9469,14.6,2.0
NGC2621,NGC2621,Galaxy,8.62694,24.9998,15.4,0.7
NGC2622,NGC2622,Galaxy,8.63637,24.8953,14.1,0.9
NGC2623,NGC2623,Galaxy,8.64002,25.7546,13.6,2.4
NGC2624,NGC2624,Galaxy,8.63601,19.7257,14.6,0.8
NGC2625,NGC2625,Galaxy,8.63978,19.7167,15.2,0.5
NGC2626,NGC2626,Reflection Nebula,8.59136,-40.6683,,5.0
NGC2627,NGC2627,Open Cluster,8.62082,-29.9504,8.4,5.4
NGC2628,NGC2628,Galaxy,8.67297,23.5397,14.0,1.0
NGC2629,NGC2629,Galaxy,8.78773,72.9856,12.3,2.0
NGC2630,NGC2630,Other,8.78536,73.0003,,
NGC2631,NGC2631,Other,8.78536,73.0003,,
NGC2633,NGC2633,Galaxy,8.80127,74.0989,12.1,2.3
NGC2634,NGC2634,Galaxy,8.80705,73.9672,12.0,1.7
NGC2634A,NGC2634A,Galaxy,8.81059,73.9393,14.2,1.2
NGC2635,NGC2635,Open Cluster,8.64055,-34.7716,11.2,5.1
NGC2636,NGC2636,Galaxy,8.80679,73.6711,13.8,0.3
NGC2637,NGC2637,Galaxy,8.68708,19.6914,15.6,0.5
NGC2638,NGC2638,Galaxy,8.70716,37.2210,13.7,1.7
NGC2639,NGC2639,Galaxy,8.72724,50.2056,11.8,1.6
NGC2640,NGC2640,Galaxy,8.62351,-55.1238,11.0,4.7
NGC2641,NGC2641,Galaxy,8.79930,72.8958,14.9,1.3
NGC2642,NGC2642,Galaxy,8.67899,-4.1217,12.7,1.9
NGC2643,NGC2643,Galaxy,8.69771,19.7025,15.4,0.7
NGC2644,NGC2644,Galaxy,8.69218,4.9803,13.5,1.6
NGC2645,NGC2645,Open Cluster,8.65087,-46.2273,7.3,6.6
NGC2646,NGC2646,Galaxy,8.83946,73.4631,13.2,1.5
NGC2647,NGC2647,Galaxy,8.71197,19.6506,15.0,0.7
NGC2648,NGC2648,Galaxy,8.71106,14.2856,11.9,3.1
NGC2649,NGC2649,Galaxy,8.73563,34.7172,13.2,1.5
NGC2650,NGC2650,Galaxy,8.83287,70.2994,14.2,1.4
NGC2651,NGC2651,Galaxy,8.73199,11.7710,15.6,0.5
NGC2653,NGC2653,Double Star,8.91543,78.3936,,
NGC2654,NGC2654,Galaxy,8.81996,60.2211,11.7,4.5
NGC2655,NGC2655,Galaxy,8.92715,78.2231,10.4,3.9
NGC2656,NGC2656,Galaxy,8.79808,53.8762,13.8,1.3
NGC2657,NGC2657,Galaxy,8.75439,9.6455,13.9,1.3
NGC2658,NGC2658,Open Cluster,8.72426,-32.6562,9.2,7.2
NGC2659,NGC2659,Open Cluster,8.70917,-45.0005,8.6,5.1
NGC2660,NGC2660,Open Cluster,8.71055,-47.2007,8.8,3.6
NGC2661,NGC2661,Galaxy,8.76654,12.6199,13.9,1.5
NGC2662,NGC2662,Galaxy,8.75890,-15.1212,15.1,1.2
NGC2663,NGC2663,Galaxy,8.75229,-33.7948,10.6,3.9
NGC2664,NGC2664,Open Cluster,8.78529,12.6058,,6.6
NGC2665,NGC2665,Galaxy,8.76694,-19.3029,11.6,2.0
NGC2666,NGC2666,Open Cluster,8.82973,44.7037,,
NGC2667,NGC2667,Galaxy,8.80757,19.0195,14.8,1.0
NGC2667B,NGC2667B,Galaxy,8.80838,19.0439,15.5,0.8
NGC2668,NGC2668,Galaxy,8.82293,36.7103,14.8,1.2
NGC2669,NGC2669,Open Cluster,8.77294,-52.9475,6.1,8.4
NGC2670,NGC2670,Open Cluster,8.75819,-48.7916,7.8,4.2
NGC2671,NGC2671,Open Cluster,8.76997,-41.8772,11.6,5.1
NGC2672,NGC2672,Galaxy,8.82275,19.0750,11.6,3.2
NGC2673,NGC2673,Galaxy,8.82337,19.0742,14.0,1.2
NGC2674,NGC2674,Galaxy,8.82034,-14.2942,15.9,1.0
NGC2675,NGC2675,Galaxy,8.86804,53.6173,13.3,1.5
NGC2676,NGC2676,Galaxy,8.85990,47.5577,14.5,1.2
NGC2677,NGC2677,Galaxy,8.83370,19.0098,15.2,0.7
NGC2678,NGC2678,Open Cluster,8.83410,11.3381,,10.0
NGC2679,NGC2679,Galaxy,8.85915,30.8654,14.1,1.9
NGC2680,NGC2680,Double Star,8.85930,30.8658,,0.2
NGC2681,NGC2681,Galaxy,8.89243,51.3137,10.9,4.0
NGC2683,NGC2683,Galaxy,8.87815,33.4217,9.7,9.5
NGC2684,NGC2684,Galaxy,8.91501,49.1604,13.0,1.1
NGC2685,Helix Galaxy,Galaxy,8.92631,58.7344,11.3,4.3
NGC2686,NGC2686,Galaxy Pair,8.91661,49.1424,,1.6
NGC2686A,NGC2686A,Galaxy,8.91636,49.1423,17.1,0.9
NGC2686B,NGC2686B,Galaxy,8.91683,49.1424,16.7,0.5
NGC2687,NGC2687,Galaxy Pair,8.91819,49.1559,,1.3
NGC2687A,NGC2687A,Galaxy,8.91806,49.1565,17.0,0.2
NGC2687B,NGC2687B,Galaxy,8.91834,49.1561,15.6,0.7
NGC2688,NGC2688,Galaxy,8.91989,49.1226,16.4,0.5
NGC2689,NGC2689,Galaxy,8.92372,49.1155,16.8,0.4
NGC2690,NGC2690,Galaxy,8.87723,-2.6032,13.9,1.7
NGC2691,NGC2691,Galaxy,8.91287,39.5387,13.5,1.3
NGC2692,NGC2692,Galaxy,8.94945,52.0659,12.8,1.2
NGC2693,NGC2693,Galaxy,8.94980,51.3474,11.9,2.0
NGC2694,NGC2694,Galaxy,8.94979,51.3320,14.1,0.8
NGC2695,NGC2695,Galaxy,8.90752,-3.0670,12.0,1.6
NGC2696,NGC2696,Galaxy,8.84501,-5.0098,15.9,1.0
NGC2697,NGC2697,Galaxy,8.91650,-2.9876,13.5,1.6
NGC2698,NGC2698,Galaxy,8.92681,-3.1839,11.9,1.5
NGC2699,NGC2699,Galaxy,8.93022,-3.1276,13.5,1.4
NGC2700,NGC2700,Star,8.93072,-3.1164,,
NGC2701,NGC2701,Galaxy,8.98493,53.7717,12.4,1.9
NGC2702,NGC2702,Star,8.93184,-3.0653,,
NGC2703,NGC2703,Double Star,8.92976,-3.3069,,
NGC2704,NGC2704,Galaxy,8.94658,39.3822,14.3,1.0
NGC2705,NGC2705,Star,8.93335,-3.0149,,
NGC2706,NGC2706,Galaxy,8.93675,-2.5634,13.7,1.7
NGC2707,NGC2707,Star,8.93491,-3.0664,,
NGC2708,NGC2708,Galaxy,8.93557,-3.3601,12.0,2.9
NGC2709,NGC2709,Galaxy,8.93691,-3.2432,15.0,0.8
NGC2710,NGC2710,Galaxy,8.99676,55.7064,13.1,2.0
NGC2711,NGC2711,Galaxy,8.95656,17.2880,14.7,0.6
NGC2712,NGC2712,Galaxy,8.99180,44.9139,12.2,2.9
NGC2713,NGC2713,Galaxy,8.95570,2.9213,11.8,3.4
NGC2714,NGC2714,Galaxy,8.89162,-59.2171,14.0,1.4
NGC2715,NGC2715,Galaxy,9.13506,78.0852,11.5,4.2
NGC2716,NGC2716,Galaxy,8.95997,3.0902,12.2,1.6
NGC2717,NGC2717,Galaxy,8.95031,-24.6738,12.3,2.0
NGC2718,NGC2718,Galaxy,8.98069,6.2930,14.2,1.7
NGC2719,NGC2719,Galaxy,9.00429,35.7276,14.0,1.2
NGC2719A,NGC2719A,Galaxy,9.00443,35.7201,14.5,0.5
NGC2720,NGC2720,Galaxy,8.98557,11.1492,14.2,1.3
NGC2721,NGC2721,Galaxy,8.98237,-4.9019,13.2,1.9
NGC2722,NGC2722,Galaxy,8.97949,-3.7101,13.5,1.8
NGC2723,NGC2723,Galaxy,9.00399,3.1777,14.3,1.1
NGC2724,NGC2724,Galaxy,9.01717,35.7621,14.7,1.2
NGC2725,NGC2725,Galaxy,9.01756,11.0984,14.3,0.7
NGC2726,NGC2726,Galaxy,9.08244,59.9329,13.0,1.5
NGC2728,NGC2728,Galaxy,9.02804,11.0830,15.2,1.0
NGC2729,NGC2729,Galaxy,9.02462,3.7206,14.1,1.1
NGC2730,NGC2730,Galaxy,9.03773,16.8383,13.8,1.4
NGC2731,NGC2731,Galaxy,9.03567,8.3017,14.1,0.7
NGC2732,NGC2732,Galaxy,9.22354,79.1873,11.9,1.8
NGC2734,NGC2734,Galaxy,9.05045,16.8636,15.7,0.9
NGC2735,NGC2735,Galaxy,9.04407,25.9345,13.8,1.4
NGC2735A,NGC2735A,Galaxy,9.04496,25.9384,15.2,0.3
NGC2736,Pencil Nebula,HII Region,9.00471,-45.9481,,30.0
NGC2737,NGC2737,Galaxy,9.06659,21.9066,14.6,0.9
NGC2738,NGC2738,Galaxy,9.06679,21.9676,13.8,1.4
NGC2739,NGC2739,Galaxy,9.10079,51.7447,15.5,0.9
NGC2740,NGC2740,Galaxy,9.10139,51.7353,15.0,0.7
NGC2741,NGC2741,Galaxy,9.05458,18.2611,15.5,0.7
NGC2742,NGC2742,Galaxy,9.12598,60.4793,11.5,2.9
NGC2742A,NGC2742A,Galaxy,9.16613,62.2474,13.9,1.6
NGC2743,NGC2743,Galaxy,9.08168,25.0039,14.2,1.1
NGC2744,NGC2744,Galaxy Pair,9.07747,18.4603,,1.2
NGC2745,NGC2745,Galaxy,9.07759,18.2574,15.7,0.6
NGC2746,NGC2746,Galaxy,9.09984,35.3774,14.2,1.6
NGC2747,NGC2747,Galaxy,9.08843,18.4422,15.7,0.6
NGC2748,NGC2748,Galaxy,9.22862,76.4753,11.7,2.6
NGC2749,NGC2749,Galaxy,9.08926,18.3131,11.8,1.9
NGC2750,NGC2750,Galaxy,9.09664,25.4374,12.6,2.0
NGC2751,NGC2751,Galaxy,9.09233,18.2623,15.0,0.9
NGC2752,NGC2752,Galaxy,9.09529,18.3397,14.7,1.7
NGC2753,NGC2753,Galaxy,9.11896,25.3425,14.7,0.6
NGC2754,NGC2754,Galaxy,9.08645,-19.0849,15.3,0.8
NGC2755,NGC2755,Galaxy,9.13286,41.7089,14.3,1.1
NGC2756,NGC2756,Galaxy,9.15026,53.8495,13.1,1.5
NGC2757,NGC2757,Other,9.09049,-19.0478,,
NGC2758,NGC2758,Galaxy,9.09200,-19.0428,14.0,1.9
NGC2759,NGC2759,Galaxy,9.14369,37.6216,13.0,1.3
NGC2760,NGC2760,Galaxy,9.40362,76.5313,14.9,1.2
NGC2761,NGC2761,Galaxy,9.12523,18.4348,14.9,0.8
NGC2762,NGC2762,Galaxy,9.16515,50.4183,15.9,0.5
NGC2763,NGC2763,Galaxy,9.11362,-15.4998,12.1,2.4
NGC2764,NGC2764,Galaxy,9.13819,21.4433,12.9,1.1
NGC2765,NGC2765,Galaxy,9.12684,3.3929,13.2,2.7
NGC2766,NGC2766,Galaxy,9.14654,29.8648,14.5,1.2
NGC2767,NGC2767,Galaxy,9.16997,50.4013,14.5,0.7
NGC2768,NGC2768,Galaxy,9.19375,60.0372,9.9,5.6
NGC2769,NGC2769,Galaxy,9.17560,50.4333,13.9,1.6
NGC2770,NGC2770,Galaxy,9.15936,33.1235,12.2,3.5
NGC2771,NGC2771,Galaxy,9.17768,50.3799,13.9,1.7
NGC2772,NGC2772,Galaxy,9.12830,-23.6214,14.2,1.7
NGC2773,NGC2773,Galaxy,9.16228,7.1737,14.7,0.7
NGC2774,NGC2774,Galaxy,9.17776,18.6966,14.7,1.2
NGC2775,NGC2775,Galaxy,9.17226,7.0379,10.2,4.2
NGC2776,NGC2776,Galaxy,9.20403,44.9548,11.7,2.1
NGC2777,NGC2777,Galaxy,9.17829,7.2067,14.2,0.8
NGC2778,NGC2778,Galaxy,9.20677,35.0275,12.4,1.3
NGC2779,NGC2779,Galaxy,9.20786,35.0537,15.4,0.7
NGC2780,NGC2780,Galaxy,9.21232,34.9256,14.2,1.1
NGC2781,NGC2781,Galaxy,9.19098,-14.8168,11.6,2.5
NGC2782,NGC2782,Galaxy,9.23475,40.1137,12.4,3.2
NGC2783,NGC2783,Galaxy,9.22763,29.9930,13.6,2.0
NGC2783B,NGC2783B,Galaxy,9.22588,30.0001,15.1,1.4
NGC2784,NGC2784,Galaxy,9.20542,-24.1726,10.1,4.8
NGC2785,NGC2785,Galaxy,9.25427,40.9175,13.4,1.4
NGC2786,NGC2786,Galaxy,9.22655,12.4408,13.9,0.8
NGC2787,NGC2787,Galaxy,9.32183,69.2032,11.2,3.2
NGC2788,NGC2788,Galaxy,9.15084,-67.9325,13.3,1.7
NGC2788A,NGC2788A,Galaxy,9.04429,-68.2268,14.0,2.5
NGC2788B,NGC2788B,Galaxy,9.05992,-67.9698,14.5,1.6
NGC2789,NGC2789,Galaxy,9.24991,29.7303,13.1,1.1
NGC2790,NGC2790,Galaxy,9.25077,19.6971,14.7,0.6
NGC2791,NGC2791,Galaxy,9.25055,17.5922,15.8,0.9
NGC2792,NGC2792,Planetary Nebula,9.20738,-42.4275,11.6,0.2
NGC2793,NGC2793,Galaxy,9.27981,34.4298,13.4,1.1
NGC2794,NGC2794,Galaxy,9.26716,17.5898,13.2,1.2
NGC2795,NGC2795,Galaxy,9.26776,17.6284,14.0,1.2
NGC2796,NGC2796,Galaxy,9.27829,30.9154,14.5,1.2
NGC2797,NGC2797,Galaxy,9.27269,17.7272,14.4,0.7
NGC2798,NGC2798,Galaxy,9.28966,41.9997,12.4,2.4
NGC2799,NGC2799,Galaxy,9.29195,41.9941,13.7,1.8
NGC2800,NGC2800,Galaxy,9.30978,52.5145,13.9,1.4
NGC2801,NGC2801,Galaxy,9.27894,19.9357,15.3,1.0
NGC2802,NGC2802,Galaxy,9.27818,18.9635,14.9,1.1
NGC2803,NGC2803,Galaxy,9.27885,18.9546,15.2,1.0
NGC2804,NGC2804,Galaxy,9.28056,20.1985,12.9,1.4
NGC2805,NGC2805,Galaxy,9.33900,64.1028,11.6,3.4
NGC2806,NGC2806,Star,9.28244,20.0706,,
NGC2807,NGC2807,Galaxy Pair,9.28306,20.0322,,1.5
NGC2807A,NGC2807A,Galaxy,9.28269,20.0291,15.6,0.6
NGC2807B,NGC2807B,Galaxy,9.28352,20.0365,15.1,0.8
NGC2808,NGC2808,Globular Cluster,9.20071,-64.8628,5.7,9.0
NGC2809,NGC2809,Galaxy,9.28526,20.0697,13.0,1.2
NGC2810,NGC2810,Galaxy,9.36792,71.8440,12.2,1.7
NGC2811,NGC2811,Galaxy,9.26975,-16.3127,11.4,3.0
NGC2812,NGC2812,Galaxy,9.29466,19.9189,15.9,0.8
NGC2813,NGC2813,Galaxy,9.29596,19.9066,15.1,1.0
NGC2814,NGC2814,Galaxy,9.35319,64.2532,13.8,1.1
NGC2815,NGC2815,Galaxy,9.27215,-23.6333,11.9,3.5
NGC2817,NGC2817,Galaxy,9.28626,-4.7521,13.7,1.4
NGC2818,NGC2818,Planetary Nebula,9.26708,-36.6269,11.6,0.8
NGC2818A,NGC2818A,Cluster + Nebula,9.26837,-36.6269,12.5,6.9
NGC2819,NGC2819,Galaxy,9.30258,16.1981,14.2,1.4
NGC2820,NGC2820,Galaxy,9.36266,64.2579,12.8,3.8
NGC2820A,NGC2820A,Galaxy,9.35835,64.2387,15.0,0.5
NGC2821,NGC2821,Galaxy,9.27999,-26.8163,13.9,2.1
NGC2822,NGC2822,Galaxy,9.23048,-69.6448,11.4,4.0
NGC2823,NGC2823,Galaxy,9.32152,34.0082,15.5,1.0
NGC2824,NGC2824,Galaxy,9.31729,26.2700,12.7,1.0
NGC2825,NGC2825,Galaxy,9.32290,33.7428,15.0,1.1
NGC2826,NGC2826,Galaxy,9.32338,33.6240,14.4,1.5
NGC2827,NGC2827,Galaxy,9.32195,33.8808,15.4,1.0
NGC2828,NGC2828,Galaxy,9.32634,33.8881,15.6,0.7
NGC2829,NGC2829,Galaxy Pair,9.32519,33.6483,,0.6
NGC2830,NGC2830,Galaxy,9.32817,33.7381,14.1,1.2
NGC2831,NGC2831,Galaxy,9.32930,33.7450,13.4,0.9
NGC2832,NGC2832,Galaxy,9.32968,33.7497,11.8,3.2
NGC2833,NGC2833,Galaxy,9.33274,33.9274,15.3,1.1
NGC2834,NGC2834,Galaxy,9.33403,33.7105,15.4,0.8
NGC2835,NGC2835,Galaxy,9.29803,-22.3547,10.6,6.4
NGC2836,NGC2836,Galaxy,9.22906,-69.3347,12.7,1.7
NGC2837,NGC2837,Double Star,9.30649,-16.4817,,
NGC2838,NGC2838,Galaxy,9.34529,39.3157,14.4,1.3
NGC2839,NGC2839,Galaxy,9.34342,33.6507,14.8,1.2
NGC2840,NGC2840,Galaxy,9.34798,35.3683,14.6,1.1
NGC2841,NGC2841,Galaxy,9.36740,50.9765,10.2,6.9
NGC2842,NGC2842,Galaxy,9.26012,-63.0696,12.5,2.2
NGC2843,NGC2843,Galaxy,9.34133,18.9262,16.5,0.5
NGC2844,NGC2844,Galaxy,9.36334,40.1512,12.9,1.8
NGC2845,NGC2845,Galaxy,9.31020,-38.0101,12.0,1.9
NGC2846,NGC2846,Double Star,9.32791,-14.6763,,
NGC2847,NGC2847,HII Region,9.33570,-16.5183,,
NGC2848,NGC2848,Galaxy,9.33606,-16.5261,12.1,2.7
NGC2849,NGC2849,Open Cluster,9.32302,-40.5204,12.5,2.4
NGC2850,NGC2850,Galaxy,9.34917,-4.9401,15.0,0.9
NGC2851,NGC2851,Galaxy,9.34173,-16.4953,14.3,1.4
NGC2852,NGC2852,Galaxy,9.38739,40.1638,14.1,0.9
NGC2853,NGC2853,Galaxy,9.38815,40.2001,14.4,1.7
NGC2854,NGC2854,Galaxy,9.40086,49.2041,13.8,1.3
NGC2855,NGC2855,Galaxy,9.35764,-11.9095,11.1,3.5
NGC2856,NGC2856,Galaxy,9.40445,49.2492,13.3,1.2
NGC2857,NGC2857,Galaxy,9.41048,49.3571,12.3,1.9
NGC2858,NGC2858,Galaxy,9.38195,3.1569,13.9,1.8
NGC2859,NGC2859,Galaxy,9.40515,34.5135,10.9,3.2
NGC2860,NGC2860,Galaxy,9.41478,41.0602,14.6,1.3
NGC2861,NGC2861,Galaxy,9.39347,2.1365,13.1,1.3
NGC2862,NGC2862,Galaxy,9.41531,26.7747,13.7,2.6
NGC2863,NGC2863,Galaxy,9.39349,-10.4332,13.4,1.4
NGC2864,NGC2864,Galaxy,9.40428,5.9412,14.9,0.7
NGC2865,NGC2865,Galaxy,9.39172,-23.1614,11.5,2.4
NGC2866,NGC2866,Open Cluster,9.36807,-51.1026,,2.7
NGC2867,NGC2867,Planetary Nebula,9.35694,-58.3117,9.7,0.2
NGC2868,NGC2868,Galaxy,9.39089,-10.4295,15.2,1.1
NGC2870,NGC2870,Galaxy,9.46493,57.3755,13.9,2.4
NGC2871,NGC2871,Star,9.42765,11.4443,,
NGC2872,NGC2872,Galaxy,9.42848,11.4321,11.9,1.8
NGC2873,NGC2873,Galaxy,9.43014,11.4542,16.1,0.7
NGC2874,NGC2874,Galaxy,9.42981,11.4246,12.5,2.0
NGC2875,NGC2875,Other,9.43023,11.4316,,
NGC2876,NGC2876,Galaxy,9.42049,-6.7166,14.2,1.7
NGC2877,NGC2877,Galaxy,9.42972,2.2291,14.7,0.7
NGC2878,NGC2878,Galaxy,9.42985,2.0896,15.1,1.0
NGC2879,NGC2879,Other,9.42292,-11.6515,,
NGC2880,NGC2880,Galaxy,9.49293,62.4906,11.6,2.3
NGC2881,NGC2881,Galaxy Pair,9.43172,-11.9939,,1.2
NGC2882,NGC2882,Galaxy,9.44337,7.9545,13.5,1.5
NGC2883,NGC2883,Galaxy,9.42178,-34.1033,13.7,2.0
NGC2884,NGC2884,Galaxy,9.44013,-11.5556,13.6,2.2
NGC2885,NGC2885,Galaxy,9.45514,23.0201,16.0,1.3
NGC2886,NGC2886,Other,9.44408,-21.7378,,
NGC2887,NGC2887,Galaxy,9.39001,-63.8126,11.7,2.5
NGC2888,NGC2888,Galaxy,9.43880,-28.0351,12.6,2.0
NGC2889,NGC2889,Galaxy,9.45350,-11.6434,11.8,1.9
NGC2890,NGC2890,Galaxy,9.44162,-14.5287,15.2,0.9
NGC2891,NGC2891,Galaxy,9.44906,-24.7830,12.6,1.6
NGC2892,NGC2892,Galaxy,9.54804,67.6174,14.4,1.4
NGC2893,NGC2893,Galaxy,9.50471,29.5400,13.2,1.0
NGC2894,NGC2894,Galaxy,9.49173,7.7188,13.3,1.9
NGC2895,NGC2895,Galaxy,9.54029,57.4829,14.6,0.9
NGC2896,NGC2896,Galaxy,9.50471,23.6631,14.8,1.2
NGC2897,NGC2897,Galaxy,9.49603,2.2068,15.6,0.8
NGC2898,NGC2898,Galaxy,9.49621,2.0644,14.8,1.0
NGC2899,NGC2899,Planetary Nebula,9.45082,-56.1060,11.8,1.5
NGC2900,NGC2900,Galaxy,9.50422,4.1442,14.6,1.0
NGC2901,NGC2901,Other,9.54285,31.1117,,
NGC2902,NGC2902,Galaxy,9.51469,-14.7358,13.2,1.7
NGC2903,NGC2903,Galaxy,9.53614,21.5008,8.9,11.9
NGC2904,NGC2904,Galaxy,9.50472,-30.3850,12.5,1.5
NGC2906,NGC2906,Galaxy,9.53506,8.4418,13.2,1.4
NGC2907,NGC2907,Galaxy,9.52687,-16.7347,11.6,2.8
NGC2908,NGC2908,Galaxy,9.72540,79.7013,14.2,0.7
NGC2909,NGC2909,Double Star,9.61664,65.9406,,
NGC2910,NGC2910,Open Cluster,9.50806,-52.9140,7.2,4.8
NGC2911,NGC2911,Galaxy,9.56281,10.1524,13.2,3.5
NGC2912,NGC2912,Star,9.56580,10.1922,,
NGC2913,NGC2913,Galaxy,9.56742,9.4792,14.1,1.1
NGC2914,NGC2914,Galaxy,9.56744,10.1086,13.1,0.9
NGC2915,NGC2915,Galaxy,9.43654,-76.6263,12.6,1.8
NGC2916,NGC2916,Galaxy,9.58267,21.7053,12.1,2.4
NGC2917,NGC2917,Galaxy,9.57414,-2.5042,14.4,1.3
NGC2918,NGC2918,Galaxy,9.59557,31.7055,13.5,1.6
NGC2919,NGC2919,Galaxy,9.57987,10.2837,13.6,1.5
NGC2920,NGC2920,Galaxy,9.57007,-20.8591,13.9,0.9
NGC2921,NGC2921,Galaxy,9.57544,-20.9204,13.0,2.9
NGC2922,NGC2922,Galaxy,9.61458,37.6949,13.6,1.1
NGC2923,NGC2923,Galaxy,9.60106,16.7604,15.6,0.5
NGC2924,NGC2924,Galaxy,9.58634,-16.3984,13.4,2.0
NGC2925,NGC2925,Open Cluster,9.55303,-53.3960,8.3,7.5
NGC2926,NGC2926,Galaxy,9.62528,32.8414,14.4,0.8
NGC2927,NGC2927,Galaxy,9.62089,23.5906,14.0,1.3
NGC2928,NGC2928,Galaxy,9.61947,16.9772,14.9,1.2
NGC2929,NGC2929,Galaxy,9.62495,23.1617,14.5,1.1
NGC2930,NGC2930,Galaxy,9.62572,23.2025,14.9,0.5
NGC2931,NGC2931,Galaxy,9.62713,23.2408,14.8,0.8
NGC2932,NGC2932,Star Association,9.59767,-46.9245,,4.8
NGC2933,NGC2933,Galaxy,9.63194,17.0147,15.0,1.0
NGC2934,NGC2934,Galaxy,9.63199,17.0545,17.1,0.4
NGC2935,NGC2935,Galaxy,9.61246,-21.1281,11.2,4.2
NGC2936,NGC2936,Galaxy,9.62893,2.7608,13.1,0.9
NGC2937,NGC2937,Galaxy,9.62918,2.7474,13.7,0.8
NGC2938,NGC2938,Galaxy,9.63994,76.3196,14.3,1.2
NGC2939,NGC2939,Galaxy,9.63557,9.5215,13.6,2.1
NGC2940,NGC2940,Galaxy,9.63477,9.6167,14.8,1.0
NGC2941,NGC2941,Galaxy,9.64006,17.0444,15.1,0.7
NGC2942,NGC2942,Galaxy,9.65221,34.0063,12.9,1.7
NGC2943,NGC2943,Galaxy,9.64246,17.0313,13.8,2.2
NGC2944,NGC2944,Galaxy Pair,9.65506,32.3083,,1.0
NGC2945,NGC2945,Galaxy,9.62809,-22.0351,13.3,1.7
NGC2946,NGC2946,Galaxy,9.65044,17.0253,14.8,1.1
NGC2947,NGC2947,Galaxy,9.60161,-12.4367,12.8,1.6
NGC2948,NGC2948,Galaxy,9.64977,6.9554,13.8,1.4
NGC2949,NGC2949,Galaxy Pair,9.66563,16.7874,15.5,0.4
NGC2950,NGC2950,Galaxy,9.70976,58.8513,11.0,2.6
NGC2951,NGC2951,Galaxy Pair,9.66122,-0.2353,15.1,1.3
NGC2952,NGC2952,Galaxy,9.62694,-10.1834,15.1,0.8
NGC2953,NGC2953,Other,9.67196,14.8327,,
NGC2954,NGC2954,Galaxy,9.67335,14.9226,12.4,1.4
NGC2955,NGC2955,Galaxy,9.68795,35.8823,12.9,1.6
NGC2956,NGC2956,Galaxy,9.65474,-19.1011,15.3,0.9
NGC2957,NGC2957,Galaxy Pair,9.78803,72.9850,,1.0
NGC2957A,NGC2957A,Galaxy,9.78833,72.9841,15.3,0.8
NGC2958,NGC2958,Galaxy,9.67823,11.8884,14.0,1.0
NGC2959,NGC2959,Galaxy,9.75249,68.5946,12.7,1.4
NGC2960,NGC2960,Galaxy,9.67677,3.5770,15.0,1.1
NGC2961,NGC2961,Galaxy,9.75624,68.6083,14.7,0.9
NGC2962,NGC2962,Galaxy,9.68165,5.1658,11.9,2.3
NGC2963,NGC2963,Galaxy,9.79734,72.9644,14.2,1.2
NGC2964,NGC2964,Galaxy,9.71506,31.8474,11.4,2.9
NGC2965,NGC2965,Galaxy,9.72199,36.2478,14.7,1.3
NGC2966,NGC2966,Galaxy,9.70319,4.6731,14.2,2.1
NGC2967,NGC2967,Galaxy,9.70091,0.3364,11.6,2.1
NGC2968,NGC2968,Galaxy,9.72000,31.9287,11.7,2.5
NGC2969,NGC2969,Galaxy,9.69847,-8.6030,13.7,1.3
NGC2970,NGC2970,Galaxy,9.72530,31.9770,13.6,0.8
NGC2971,NGC2971,Galaxy,9.72948,36.1794,14.8,1.1
NGC2972,NGC2972,Open Cluster,9.66987,-50.3209,9.9,3.6
NGC2973,NGC2973,Other,9.69299,-30.0484,,
NGC2974,NGC2974,Galaxy,9.70924,-3.6991,10.9,3.5
NGC2975,NGC2975,Galaxy,9.68780,-16.6744,15.8,0.8
NGC2976,NGC2976,Galaxy,9.78763,67.9164,10.2,5.8
NGC2977,NGC2977,Galaxy,9.72953,74.8602,13.3,2.1
NGC2978,NGC2978,Galaxy,9.72133,-9.7459,14.0,1.1
NGC2979,NGC2979,Galaxy,9.71907,-10.3833,14.0,2.1
NGC2980,NGC2980,Galaxy,9.71999,-9.6124,13.0,1.8
NGC2981,NGC2981,Galaxy,9.74905,31.0978,14.8,1.1
NGC2982,NGC2982,Open Cluster,9.70002,-44.0271,,4.2
NGC2983,NGC2983,Galaxy,9.72808,-20.4772,11.9,2.4
NGC2984,NGC2984,Galaxy,9.72788,11.0609,14.3,0.8
NGC2985,NGC2985,Galaxy,9.83951,72.2786,10.5,3.6
NGC2986,NGC2986,Galaxy,9.73779,-21.2780,10.6,4.8
NGC2987,NGC2987,Galaxy,9.76152,4.9418,13.9,1.3
NGC2988,NGC2988,Galaxy,9.77999,22.0121,15.3,0.9
NGC2989,NGC2989,Galaxy,9.75701,-18.3739,13.4,1.7
NGC2990,NGC2990,Galaxy,9.77143,5.7088,12.8,0.9
NGC2991,NGC2991,Galaxy,9.78059,22.0139,12.6,1.0
NGC2992,NGC2992,Galaxy,9.76168,-14.3264,13.1,2.9
NGC2993,NGC2993,Galaxy,9.76342,-14.3683,12.6,1.4
NGC2994,NGC2994,Galaxy,9.78781,22.0895,13.1,0.9
NGC2995,NGC2995,Star Association,9.73308,-54.5969,,
NGC2996,NGC2996,Galaxy,9.77505,-21.5716,13.7,1.4
NGC2997,NGC2997,Galaxy,9.76078,-31.1911,9.4,10.3
NGC2998,NGC2998,Galaxy,9.81212,44.0814,12.5,2.4
NGC3000,NGC3000,Double Star,9.81424,44.1303,,
NGC3001,NGC3001,Galaxy,9.77185,-30.4375,11.6,3.0
NGC3002,NGC3002,Star,9.81595,44.0572,,
NGC3003,NGC3003,Galaxy,9.81001,33.4215,11.8,4.7
NGC3004,NGC3004,Star,9.81735,44.1110,,
NGC3005,NGC3005,Galaxy,9.82080,44.1313,14.9,1.1
NGC3006,NGC3006,Galaxy,9.82148,44.0258,15.6,0.8
NGC3007,NGC3007,Galaxy,9.79601,-6.4382,14.4,1.6
NGC3008,NGC3008,Galaxy,9.82618,44.1027,15.2,0.8
NGC3009,NGC3009,Galaxy,9.83643,44.2951,14.3,0.8
NGC3010,NGC3010,Galaxy,9.84254,44.3144,16.2,1.0
NGC3010A,NGC3010A,Galaxy,9.84294,44.3234,14.9,0.4
NGC3010C,NGC3010C,Galaxy,9.84428,44.3310,15.6,0.7
NGC3011,NGC3011,Galaxy,9.82811,32.2211,14.3,0.8
NGC3012,NGC3012,Galaxy,9.83114,34.7141,14.7,1.2
NGC3013,NGC3013,Galaxy,9.83593,33.5693,15.6,0.8
NGC3014,NGC3014,Galaxy,9.81879,-4.7429,14.8,0.9
NGC3015,NGC3015,Galaxy,9.82303,1.1454,14.3,0.5
NGC3016,NGC3016,Galaxy,9.83074,12.6952,13.7,1.1
NGC3017,NGC3017,Galaxy,9.81751,-2.8218,14.4,1.0
NGC3018,NGC3018,Galaxy,9.82818,0.6213,13.9,1.2
NGC3019,NGC3019,Galaxy,9.83534,12.7461,15.1,0.8
NGC3020,NGC3020,Galaxy,9.83517,12.8136,13.3,2.3
NGC3021,NGC3021,Galaxy,9.84921,33.5536,12.4,1.4
NGC3022,NGC3022,Galaxy,9.82757,-5.1666,14.5,1.7
NGC3023,NGC3023,Galaxy,9.83127,0.6182,12.7,1.8
NGC3024,NGC3024,Galaxy,9.84094,12.7655,13.8,1.7
NGC3025,NGC3025,Galaxy,9.82474,-21.7423,13.9,1.6
NGC3026,NGC3026,Galaxy,9.84871,28.5511,13.8,2.2
NGC3027,NGC3027,Galaxy,9.92794,72.2036,11.8,3.4
NGC3028,NGC3028,Galaxy,9.83173,-19.1842,13.6,1.1
NGC3029,NGC3029,Galaxy,9.81501,-8.0509,14.0,1.4
NGC3030,NGC3030,Galaxy,9.83626,-12.2264,14.4,1.2
NGC3032,NGC3032,Galaxy,9.86893,29.2362,13.1,1.4
NGC3033,NGC3033,Open Cluster,9.80973,-56.4301,8.8,4.8
NGC3035,NGC3035,Galaxy,9.86529,-6.8229,13.5,1.5
NGC3036,NGC3036,Open Cluster,9.82108,-62.6756,,4.8
NGC3037,NGC3037,Galaxy,9.85667,-27.0111,13.7,1.3
NGC3038,NGC3038,Galaxy,9.85429,-32.7526,11.7,2.8
NGC3039,NGC3039,Galaxy,9.87491,2.1544,14.2,1.3
NGC3040,NGC3040,Galaxy Pair,9.88453,19.4372,,1.8
NGC3041,NGC3041,Galaxy,9.88532,16.6777,11.6,3.2
NGC3042,NGC3042,Galaxy,9.88895,0.6977,14.0,1.0
NGC3043,NGC3043,Galaxy,9.93746,59.3071,13.4,1.7
NGC3044,NGC3044,Galaxy,9.89469,1.5796,11.9,4.2
NGC3045,NGC3045,Galaxy,9.88824,-18.6451,13.8,1.4
NGC3047,NGC3047,Galaxy Pair,9.90853,-1.2897,,1.2
NGC3047A,NGC3047A,Galaxy,9.90891,-1.2909,14.5,0.6
NGC3047B,NGC3047B,Galaxy,9.90819,-1.2881,14.9,0.6
NGC3048,NGC3048,Galaxy Pair,9.91589,16.4578,,1.0
NGC3049,NGC3049,Galaxy,9.91377,9.2711,13.5,2.1
NGC3051,NGC3051,Galaxy,9.89962,-27.2863,15.0,2.2
NGC3052,NGC3052,Galaxy,9.90776,-18.6389,12.4,2.1
NGC3053,NGC3053,Galaxy,9.92600,16.4329,13.6,1.6
NGC3054,NGC3054,Galaxy,9.90794,-25.7034,11.5,3.6
NGC3055,NGC3055,Galaxy,9.92168,4.2700,12.1,2.0
NGC3056,NGC3056,Galaxy,9.90913,-28.2982,11.7,2.3
NGC3057,NGC3057,Galaxy,10.09427,80.2857,13.1,1.4
NGC3058,NGC3058,Galaxy Pair,9.89326,-12.4816,,1.4
NGC3059,NGC3059,Galaxy,9.83560,-73.9222,11.3,3.8
NGC3060,NGC3060,Galaxy,9.93867,16.8312,13.8,2.0
NGC3061,NGC3061,Galaxy,9.93667,75.8665,13.5,1.6
NGC3062,NGC3062,Galaxy,9.94327,1.4286,15.2,0.8
NGC3063,NGC3063,Double Star,10.02827,72.1178,,
NGC3064,NGC3064,Galaxy,9.92818,-6.3639,15.0,1.1
NGC3065,NGC3065,Galaxy,10.03201,72.1703,13.1,1.9
NGC3066,NGC3066,Galaxy,10.03641,72.1254,12.9,1.1
NGC3067,NGC3067,Galaxy,9.97252,32.3699,12.1,2.1
NGC3068,NGC3068,Galaxy,9.97781,28.8776,14.1,0.9
NGC3069,NGC3069,Galaxy,9.96575,10.4324,15.0,0.9
NGC3070,NGC3070,Galaxy,9.96860,10.3598,12.3,1.6
NGC3071,NGC3071,Galaxy,9.98139,31.6203,15.3,0.7
NGC3072,NGC3072,Galaxy,9.95664,-19.3550,13.8,1.8
NGC3073,NGC3073,Galaxy,10.01447,55.6188,13.4,1.2
NGC3074,NGC3074,Galaxy,9.99478,35.3928,12.8,2.0
NGC3075,NGC3075,Galaxy,9.98228,14.4205,14.4,1.5
NGC3076,NGC3076,Galaxy,9.96045,-18.1787,14.1,0.9
NGC3077,NGC3077,Galaxy,10.05530,68.7339,9.9,5.2
NGC3078,NGC3078,Galaxy,9.97350,-26.9267,11.2,3.0
NGC3079,NGC3079,Galaxy,10.03272,55.6798,10.7,8.2
NGC3080,NGC3080,Galaxy,9.99884,13.0438,15.0,0.8
NGC3081,NGC3081,Galaxy,9.99154,-22.8263,12.9,2.7
NGC3082,NGC3082,Galaxy,9.98141,-30.3577,13.6,2.1
NGC3083,NGC3083,Galaxy,9.99713,-2.8775,14.3,1.0
NGC3084,NGC3084,Galaxy,9.98512,-27.1288,13.2,1.7
NGC3085,NGC3085,Galaxy,9.99144,-19.4923,12.9,1.2
NGC3086,NGC3086,Galaxy,10.00305,-2.9762,14.7,1.2
NGC3087,NGC3087,Galaxy,9.98574,-34.2252,11.4,2.3
NGC3088,NGC3088,Galaxy Pair,10.01919,22.4036,,2.0
NGC3088A,NGC3088A,Galaxy,10.01866,22.4032,14.4,1.4
NGC3088B,NGC3088B,Galaxy,10.01936,22.4023,15.9,0.9
NGC3089,NGC3089,Galaxy,9.99352,-28.3314,13.2,1.9
NGC3090,NGC3090,Galaxy,10.00840,-2.9690,12.6,1.6
NGC3091,NGC3091,Galaxy,10.00397,-19.6370,11.0,3.7
NGC3092,NGC3092,Galaxy,10.01318,-3.0124,14.7,1.3
NGC3093,NGC3093,Galaxy,10.01489,-2.9720,15.3,0.8
NGC3094,NGC3094,Galaxy,10.02387,15.7701,13.4,1.3
NGC3095,NGC3095,Galaxy,10.00162,-31.5529,11.6,3.6
NGC3096,NGC3096,Galaxy,10.00920,-19.6620,13.1,1.2
NGC3097,NGC3097,Other,10.07113,60.1258,,
NGC3098,NGC3098,Galaxy,10.03797,24.7111,12.0,2.3
NGC3099,NGC3099,Galaxy,10.04349,32.7067,15.2,1.1
NGC3100,NGC3100,Galaxy,10.01134,-31.6645,11.4,3.6
NGC3101,NGC3101,Galaxy,10.02651,-2.9944,15.4,1.2
NGC3102,NGC3102,Galaxy,10.07549,60.1080,14.2,1.0
NGC3104,NGC3104,Galaxy,10.06593,40.7569,12.8,3.0
NGC3105,NGC3105,Open Cluster,10.01098,-54.7877,9.7,4.1
NGC3106,NGC3106,Galaxy,10.06813,31.1855,12.4,0.9
NGC3107,NGC3107,Galaxy,10.07291,13.6213,13.6,0.8
NGC3108,NGC3108,Galaxy,10.04140,-31.6774,11.5,2.5
NGC3109,NGC3109,Galaxy,10.05191,-26.1596,10.5,16.0
NGC3110,NGC3110,Galaxy,10.06725,-6.4748,13.0,1.9
NGC3111,NGC3111,Galaxy,10.10207,47.2626,14.1,1.4
NGC3112,NGC3112,Galaxy,10.06644,-20.7818,16.0,1.1
NGC3113,NGC3113,Galaxy,10.07392,-28.4440,13.3,3.4
NGC3114,NGC3114,Open Cluster,10.04155,-60.1305,4.2,12.3
NGC3115,Spindle Galaxy,Galaxy,10.08722,-7.7186,9.1,7.1
NGC3116,NGC3116,Galaxy,10.11251,31.0977,15.2,0.7
NGC3117,NGC3117,Galaxy,10.10292,2.9129,14.5,1.0
NGC3118,NGC3118,Galaxy,10.11987,33.0274,14.3,2.1
NGC3119,NGC3119,Galaxy,10.11441,14.3735,14.1,1.1
NGC3120,NGC3120,Galaxy,10.08973,-34.2199,12.8,1.7
NGC3123,NGC3123,Other,10.11718,0.0671,,
NGC3124,NGC3124,Galaxy,10.11108,-19.2216,12.2,2.7
NGC3125,NGC3125,Galaxy,10.10927,-29.9349,12.9,1.2
NGC3126,NGC3126,Galaxy,10.13907,31.8627,13.5,3.1
NGC3127,NGC3127,Galaxy,10.10690,-16.1261,14.8,1.6
NGC3128,NGC3128,Galaxy,10.10038,-16.1220,14.1,1.5
NGC3129,NGC3129,Double Star,10.13868,18.4306,,
NGC3130,NGC3130,Galaxy,10.13676,9.9770,14.3,1.1
NGC3131,NGC3131,Galaxy,10.14345,18.2312,13.9,2.2
NGC3132,Eight-Burst Nebula,Planetary Nebula,10.11715,-40.4366,9.2,0.5
NGC3133,NGC3133,Galaxy,10.12023,-11.9653,15.7,0.7
NGC3134,NGC3134,Galaxy,10.20814,12.3773,14.7,1.5
NGC3135,NGC3135,Galaxy,10.18177,45.9504,14.3,1.0
NGC3136,NGC3136,Galaxy,10.09671,-67.3780,10.7,4.2
NGC3136A,NGC3136A,Galaxy,10.05905,-67.4485,15.5,1.6
NGC3136B,NGC3136B,Galaxy,10.17026,-67.0051,11.8,1.8
NGC3137,NGC3137,Galaxy,10.15208,-29.0643,11.6,5.6
NGC3138,NGC3138,Galaxy,10.15463,-11.9567,15.6,1.1
NGC3139,NGC3139,Galaxy,10.16811,-11.7783,14.6,1.2
NGC3140,NGC3140,Galaxy,10.15773,-16.6282,14.1,1.0
NGC3141,NGC3141,Galaxy,10.15553,-16.6534,16.1,0.8
NGC3142,NGC3142,Galaxy,10.16844,-8.4797,14.5,0.9
NGC3143,NGC3143,Galaxy,10.16777,-12.5814,14.3,0.8
NGC3144,NGC3144,Galaxy,10.25894,74.2203,14.2,1.1
NGC3145,NGC3145,Galaxy,10.16941,-12.4338,12.0,2.9
NGC3146,NGC3146,Galaxy,10.18608,-20.8707,14.0,1.0
NGC3147,NGC3147,Galaxy,10.28157,73.4008,11.9,4.1
NGC3148,NGC3148,Star,10.22884,50.4965,6.6,
NGC3149,NGC3149,Galaxy,10.06225,-80.4217,13.5,1.1
NGC3150,NGC3150,Galaxy,10.22398,38.6577,15.3,1.0
NGC3151,NGC3151,Galaxy,10.22475,38.6198,15.0,0.9
NGC3152,NGC3152,Galaxy,10.22614,38.8432,15.3,0.7
NGC3153,NGC3153,Galaxy,10.21403,12.6667,12.8,1.7
NGC3154,NGC3154,Galaxy,10.21702,17.0342,14.3,0.8
NGC3155,NGC3155,Galaxy,10.29440,74.3474,13.8,1.2
NGC3156,NGC3156,Galaxy,10.21146,3.1294,12.3,1.9
NGC3157,NGC3157,Galaxy,10.19512,-31.6429,13.9,1.7
NGC3158,NGC3158,Galaxy,10.23070,38.7649,11.9,2.3
NGC3159,NGC3159,Galaxy,10.23134,38.6545,13.6,1.0
NGC3160,NGC3160,Galaxy,10.23196,38.8428,15.0,1.2
NGC3161,NGC3161,Galaxy,10.23311,38.6571,15.3,0.5
NGC3162,NGC3162,Galaxy,10.22544,22.7376,11.7,2.1
NGC3163,NGC3163,Galaxy,10.23531,38.6526,13.3,1.1
NGC3164,NGC3164,Galaxy,10.25317,56.6721,14.5,0.8
NGC3165,NGC3165,Galaxy,10.22536,3.3750,13.9,1.2
NGC3166,NGC3166,Galaxy,10.22933,3.4247,10.6,4.5
NGC3167,NGC3167,Other,10.24330,29.5963,,
NGC3168,NGC3168,Galaxy,10.27306,60.2349,14.5,0.9
NGC3169,NGC3169,Galaxy,10.23751,3.4661,10.9,4.3
NGC3170,NGC3170,Double Star,10.27070,46.6124,,
NGC3171,NGC3171,Galaxy,10.26023,-20.6474,14.1,1.9
NGC3172,Polarissima Borealis,Galaxy,11.78722,89.0931,15.0,1.1
NGC3173,NGC3173,Galaxy,10.24302,-27.6928,13.7,1.9
NGC3175,NGC3175,Galaxy,10.24503,-28.8721,11.3,5.2
NGC3176,NGC3176,Other,10.25487,-19.0326,,
NGC3177,NGC3177,Galaxy,10.27615,21.1231,12.4,1.4
NGC3178,NGC3178,Galaxy,10.26921,-15.7913,13.7,1.5
NGC3179,NGC3179,Galaxy,10.29922,41.1143,14.1,1.9
NGC3180,NGC3180,HII Region,10.30269,41.4450,,
NGC3181,NGC3181,HII Region,10.30320,41.4127,15.8,2.8
NGC3182,NGC3182,Galaxy,10.32584,58.2057,12.9,1.9
NGC3183,NGC3183,Galaxy,10.36361,74.1769,12.7,2.2
NGC3184,NGC3184,Galaxy,10.30468,41.4241,9.8,7.4
NGC3185,NGC3185,Galaxy,10.29405,21.6883,12.2,2.1
NGC3186,NGC3186,Galaxy,10.26483,6.9638,15.0,1.1
NGC3187,NGC3187,Galaxy,10.29663,21.8733,13.3,2.2
NGC3188,NGC3188,Galaxy,10.32856,57.4235,15.0,0.8
NGC3188A,NGC3188A,Galaxy,10.32730,57.4186,16.9,0.4
NGC3189,NGC3189,Galaxy,10.30156,21.8323,11.1,3.6
NGC3191,NGC3191,Galaxy,10.31809,46.4541,14.0,0.7
NGC3193,NGC3193,Galaxy,10.30692,21.8940,11.0,2.4
NGC3195,NGC3195,Planetary Nebula,10.15583,-80.8586,11.6,0.7
NGC3196,NGC3196,Galaxy,10.31362,27.6689,16.1,0.5
NGC3197,NGC3197,Galaxy,10.24102,77.8203,14.4,1.1
NGC3198,NGC3198,Galaxy,10.33193,45.5496,10.4,6.5
NGC3199,NGC3199,Nebula,10.29012,-57.9222,,20.0
NGC3200,NGC3200,Galaxy,10.31015,-17.9825,12.1,4.1
NGC3201,NGC3201,Globular Cluster,10.29354,-46.4112,8.2,9.6
NGC3202,NGC3202,Galaxy,10.34215,43.0216,14.1,1.3
NGC3203,NGC3203,Galaxy,10.32606,-26.6989,12.1,3.2
NGC3204,NGC3204,Galaxy,10.33641,27.8171,14.6,1.2
NGC3205,NGC3205,Galaxy,10.34721,42.9721,14.3,1.3
NGC3206,NGC3206,Galaxy,10.36322,56.9304,13.3,2.3
NGC3207,NGC3207,Galaxy,10.35015,42.9853,14.3,1.2
NGC3208,NGC3208,Galaxy,10.32814,-25.8148,12.9,1.8
NGC3209,NGC3209,Galaxy,10.34401,25.5050,13.8,1.6
NGC3210,NGC3210,Double Star,10.46644,79.8325,,
NGC3211,NGC3211,Planetary Nebula,10.29736,-62.6701,10.7,0.3
NGC3212,NGC3212,Galaxy,10.47124,79.8234,14.3,0.8
NGC3213,NGC3213,Galaxy,10.35482,19.6518,14.2,1.1
NGC3214,NGC3214,Galaxy,10.38577,57.0391,15.0,1.1
NGC3215,NGC3215,Galaxy,10.47794,79.8131,13.9,0.9
NGC3216,NGC3216,Galaxy,10.36145,23.9231,14.5,1.7
NGC3217,NGC3217,Galaxy,10.39239,10.9597,15.2,0.5
NGC3219,NGC3219,Galaxy,10.37707,38.5792,14.2,1.1
NGC3220,NGC3220,Galaxy,10.39574,57.0269,13.9,1.2
NGC3221,NGC3221,Galaxy,10.37222,21.5696,14.1,1.7
NGC3222,NGC3222,Galaxy,10.37625,19.8870,12.8,1.1
NGC3223,NGC3223,Galaxy,10.35974,-34.2668,11.0,4.3
NGC3224,NGC3224,Galaxy,10.36144,-34.6968,12.2,1.7
NGC3225,NGC3225,Galaxy,10.41942,58.1500,13.7,1.6
NGC3226,NGC3226,Galaxy,10.39084,19.8985,12.9,3.1
NGC3227,NGC3227,Galaxy,10.39183,19.8651,11.7,4.0
NGC3228,NGC3228,Open Cluster,10.35618,-51.7226,6.0,6.6
NGC3229,NGC3229,Other,10.39010,0.0648,,
NGC3230,NGC3230,Galaxy,10.39554,12.5678,14.8,2.0
NGC3231,NGC3231,Open Cluster,10.44940,66.8152,,
NGC3232,NGC3232,Galaxy,10.40673,28.0261,15.5,0.8
NGC3233,NGC3233,Galaxy,10.36596,-22.2677,13.5,1.5
NGC3234,NGC3234,Galaxy,10.41648,28.0239,14.5,1.3
NGC3236,NGC3236,Galaxy,10.44681,61.2729,15.1,0.9
NGC3237,NGC3237,Galaxy,10.42869,39.6464,14.1,1.1
NGC3238,NGC3238,Galaxy,10.44528,57.2263,14.0,1.1
NGC3239,NGC3239,Galaxy,10.41803,17.1636,11.4,3.6
NGC3240,NGC3240,Galaxy,10.40851,-21.7910,13.9,1.2
NGC3241,NGC3241,Galaxy,10.40471,-32.4826,13.0,2.3
NGC3242,Jupiter's Ghost Nebula,Planetary Nebula,10.41280,-18.6422,7.7,0.4
NGC3243,NGC3243,Galaxy,10.43930,-2.6222,14.5,1.7
NGC3244,NGC3244,Galaxy,10.42468,-39.8276,12.3,2.2
NGC3245,NGC3245,Galaxy,10.45511,28.5074,10.8,3.6
NGC3245A,NGC3245A,Galaxy,10.45031,28.6393,15.2,2.3
NGC3246,NGC3246,Galaxy,10.44495,3.8619,13.7,1.9
NGC3247,NGC3247,HII Region,10.40389,-57.7633,7.6,5.0
NGC3248,NGC3248,Galaxy,10.46262,22.8472,13.8,1.7
NGC3249,NGC3249,Galaxy,10.43950,-34.9637,13.9,1.6
NGC3250,NGC3250,Galaxy,10.44230,-39.9439,11.0,3.0
NGC3250A,NGC3250A,Galaxy,10.46492,-40.0813,15.7,1.6
NGC3250B,NGC3250B,Galaxy,10.46244,-40.4350,12.6,2.8
NGC3250C,NGC3250C,Galaxy,10.46180,-40.0026,14.2,1.9
NGC3250D,NGC3250D,Galaxy,10.46609,-39.8148,14.4,1.9
NGC3250E,NGC3250E,Galaxy,10.48353,-40.0828,13.3,1.8
NGC3251,NGC3251,Galaxy,10.48801,26.0992,14.1,2.1
NGC3252,NGC3252,Galaxy,10.57309,73.7650,14.1,1.9
NGC3253,NGC3253,Galaxy,10.47426,12.7041,13.6,1.1
NGC3254,NGC3254,Galaxy,10.48887,29.4918,11.7,2.3
NGC3255,NGC3255,Open Cluster,10.44204,-60.6752,11.0,4.8
NGC3256,NGC3256,Galaxy,10.46424,-43.9037,11.6,3.3
NGC3256A,NGC3256A,Galaxy,10.43084,-43.7481,15.1,1.3
NGC3256B,NGC3256B,Galaxy,10.48363,-44.4029,13.8,2.1
NGC3256C,NGC3256C,Galaxy,10.48493,-43.8493,13.3,1.9
NGC3257,NGC3257,Galaxy,10.47976,-35.6581,13.1,1.1
NGC3258,NGC3258,Galaxy,10.48155,-35.6055,11.4,2.9
NGC3258A,NGC3258A,Galaxy,10.47199,-35.4545,13.2,1.2
NGC3258B,NGC3258B,Galaxy,10.50703,-35.5636,15.5,1.1
NGC3258C,NGC3258C,Galaxy,10.52338,-35.2205,14.6,1.1
NGC3258D,NGC3258D,Galaxy,10.53215,-35.4098,14.0,2.0
NGC3258E,NGC3258E,Galaxy,10.54025,-34.9984,15.4,1.6
NGC3259,NGC3259,Galaxy,10.54301,65.0411,12.7,1.7
NGC3260,NGC3260,Galaxy,10.48511,-35.5952,12.7,1.4
NGC3261,NGC3261,Galaxy,10.48374,-44.6568,11.4,3.6
NGC3262,NGC3262,Galaxy,10.48506,-44.1597,13.1,1.2
NGC3263,NGC3263,Galaxy,10.48704,-44.1229,12.2,7.8
NGC3264,NGC3264,Galaxy,10.53881,56.0853,13.2,2.1
NGC3265,NGC3265,Galaxy,10.51855,28.7967,13.5,1.0
NGC3266,NGC3266,Galaxy,10.55489,64.7494,13.5,1.4
NGC3267,NGC3267,Galaxy,10.49683,-35.3224,13.3,1.6
NGC3268,NGC3268,Galaxy,10.50018,-35.3255,11.4,3.5
NGC3269,NGC3269,Galaxy,10.49918,-35.2244,12.3,2.5
NGC3270,NGC3270,Galaxy,10.52499,24.8694,13.1,2.3
NGC3271,NGC3271,Galaxy,10.50736,-35.3595,11.7,3.0
NGC3272,NGC3272,Double Star,10.53004,28.4688,,
NGC3273,NGC3273,Galaxy,10.50810,-35.6106,12.5,1.9
NGC3274,NGC3274,Galaxy,10.53813,27.6688,12.8,1.6
NGC3275,NGC3275,Galaxy,10.51439,-36.7370,11.7,2.8
NGC3276,NGC3276,Galaxy,10.51922,-39.9447,14.5,1.3
NGC3277,NGC3277,Galaxy,10.54874,28.5117,11.7,2.1
NGC3278,NGC3278,Galaxy,10.52650,-39.9546,13.1,1.4
NGC3279,NGC3279,Galaxy,10.57856,11.1973,13.9,2.5
NGC3280,NGC3280,Galaxy Triplet,10.54591,-12.6362,,1.4
NGC3280A,NGC3280A,Galaxy,10.54622,-12.6346,15.9,0.7
NGC3280B,NGC3280B,Galaxy,10.54550,-12.6373,15.1,1.0
NGC3280C,NGC3280C,Galaxy,10.54599,-12.6372,16.0,1.2
NGC3281,NGC3281,Galaxy,10.53114,-34.8537,11.9,3.1
NGC3281A,NGC3281A,Galaxy,10.53286,-35.1985,14.4,1.2
NGC3281B,NGC3281B,Galaxy,10.53116,-35.2049,15.1,1.3
NGC3281C,NGC3281C,Galaxy,10.54988,-34.8862,14.4,1.1
NGC3281D,NGC3281D,Galaxy,10.57195,-34.4034,14.7,2.1
NGC3282,NGC3282,Galaxy,10.53942,-22.3023,14.1,1.8
NGC3283,NGC3283,Galaxy,10.51989,-46.2513,11.7,2.9
NGC3284,NGC3284,Galaxy,10.60590,58.6202,13.7,1.4
NGC3285,NGC3285,Galaxy,10.55996,-27.4544,12.0,3.0
NGC3285A,NGC3285A,Galaxy,10.54688,-27.5224,13.8,1.2
NGC3285B,NGC3285B,Galaxy,10.57691,-27.6529,13.2,1.6
NGC3287,NGC3287,Galaxy,10.57981,21.6483,12.8,1.8
NGC3288,NGC3288,Galaxy,10.60713,58.5562,14.0,0.9
NGC3289,NGC3289,Galaxy,10.56873,-35.3234,12.6,2.0
NGC3290,NGC3290,Galaxy,10.58818,-17.2768,14.4,1.1
NGC3291,NGC3291,Star,10.60180,37.2744,,
NGC3292,NGC3292,Galaxy,10.59290,-6.1796,14.8,1.1
NGC3293,NGC3293,Open Cluster,10.59688,-58.2245,4.7,5.1
NGC3294,NGC3294,Galaxy,10.60451,37.3247,11.7,3.1
NGC3296,NGC3296,Galaxy,10.54594,-12.7174,14.9,1.1
NGC3297,NGC3297,Galaxy,10.55328,-12.6718,15.6,0.9
NGC3298,NGC3298,Galaxy,10.62008,50.1206,14.8,1.1
NGC3299,NGC3299,Galaxy,10.60661,12.7074,14.0,1.8
NGC3300,NGC3300,Galaxy,10.61068,14.1711,13.3,1.5
NGC3301,NGC3301,Galaxy,10.61557,21.8821,11.4,3.6
NGC3302,NGC3302,Galaxy,10.59651,-32.3585,13.6,1.9
NGC3303,NGC3303,Galaxy Pair,10.61661,18.1367,,1.2
NGC3304,NGC3304,Galaxy,10.62720,37.4556,14.3,1.6
NGC3305,NGC3305,Galaxy,10.60326,-27.1622,12.7,1.2
NGC3306,NGC3306,Galaxy,10.61951,12.6525,13.8,1.0
NGC3307,NGC3307,Galaxy,10.60477,-27.5297,14.4,0.9
NGC3308,NGC3308,Galaxy,10.60622,-27.4381,12.3,1.2
NGC3309,NGC3309,Galaxy,10.60992,-27.5184,11.7,1.8
NGC3310,NGC3310,Galaxy,10.64607,53.5034,11.6,1.8
NGC3311,NGC3311,Galaxy,10.61189,-27.5283,11.3,2.6
NGC3312,NGC3312,Galaxy,10.61737,-27.5651,12.9,3.3
NGC3313,NGC3313,Galaxy,10.62374,-25.3194,11.7,3.0
NGC3314,NGC3314,Galaxy Pair,10.62033,-27.6844,,1.2
NGC3314A,NGC3314A,Galaxy,10.62024,-27.6839,13.1,1.2
NGC3314B,NGC3314B,Galaxy,10.62035,-27.6850,13.5,0.6
NGC3315,NGC3315,Galaxy,10.62201,-27.1923,13.1,1.2
NGC3316,NGC3316,Galaxy,10.62703,-27.5943,12.6,1.0
NGC3317,NGC3317,Other,10.62864,-27.5196,,
NGC3318,NGC3318,Galaxy,10.62097,-41.6276,11.5,2.5
NGC3318A,NGC3318A,Galaxy,10.59225,-41.7409,15.8,1.3
NGC3318B,NGC3318B,Galaxy,10.62607,-41.4654,13.9,1.5
NGC3319,NGC3319,Galaxy,10.65263,41.6867,11.4,3.6
NGC3320,NGC3320,Galaxy,10.66015,47.3979,13.0,1.9
NGC3321,NGC3321,Galaxy,10.64738,-11.6489,13.7,2.3
NGC3323,NGC3323,Galaxy,10.66084,25.3227,14.3,0.9
NGC3324,NGC3324,Cluster + Nebula,10.62117,-58.6196,6.7,4.8
NGC3325,NGC3325,Galaxy,10.65568,-0.2003,13.0,1.3
NGC3326,NGC3326,Galaxy,10.65885,5.1076,14.2,1.0
NGC3327,NGC3327,Galaxy,10.66609,24.0912,14.0,1.3
NGC3328,NGC3328,Star,10.66507,9.3001,,
NGC3329,NGC3329,Galaxy,10.74427,76.8094,12.8,1.9
NGC3330,NGC3330,Open Cluster,10.64595,-54.1307,7.4,5.1
NGC3331,NGC3331,Galaxy,10.66915,-23.8204,14.0,1.2
NGC3332,NGC3332,Galaxy,10.67455,9.1826,13.6,1.4
NGC3333,NGC3333,Galaxy,10.66384,-36.0362,13.1,1.4
NGC3334,NGC3334,Galaxy,10.69200,37.3129,12.8,1.2
NGC3335,NGC3335,Galaxy,10.65946,-23.9227,14.1,1.1
NGC3336,NGC3336,Galaxy,10.67139,-27.7771,12.3,2.0
NGC3337,NGC3337,Galaxy,10.69655,4.9884,15.1,1.2
NGC3338,NGC3338,Galaxy,10.70209,13.7470,10.9,1.2
NGC3339,NGC3339,Star,10.70279,-0.3692,15.4,
NGC3340,NGC3340,Galaxy,10.70500,-0.3769,13.2,1.3
NGC3341,NGC3341,Galaxy,10.70874,5.0438,14.8,1.1
NGC3343,NGC3343,Galaxy,10.76957,73.3531,14.6,1.3
NGC3344,NGC3344,Galaxy,10.72532,24.9222,10.0,6.7
NGC3345,NGC3345,Double Star,10.72556,11.9853,,
NGC3346,NGC3346,Galaxy,10.72748,14.8719,12.6,2.6
NGC3347,NGC3347,Galaxy,10.71293,-36.3527,11.5,4.0
NGC3347A,NGC3347A,Galaxy,10.67239,-36.4111,13.5,2.2
NGC3347B,NGC3347B,Galaxy,10.69995,-36.9353,13.7,3.0
NGC3347C,NGC3347C,Galaxy,10.68158,-36.2879,14.9,1.4
NGC3348,NGC3348,Galaxy,10.78611,72.8397,10.9,2.1
NGC3349,NGC3349,Galaxy,10.73071,6.7630,15.1,0.7
NGC3350,NGC3350,Galaxy,10.73971,30.7249,15.3,0.7
NGC3352,NGC3352,Galaxy,10.73748,22.3712,12.6,1.4
NGC3353,NGC3353,Galaxy,10.75623,55.9604,12.7,1.4
NGC3354,NGC3354,Galaxy,10.71748,-36.3624,13.2,1.0
NGC3355,NGC3355,Galaxy,10.69055,-23.3842,13.7,1.2
NGC3356,NGC3356,Galaxy,10.73673,6.7588,13.3,1.7
NGC3357,NGC3357,Galaxy,10.73909,14.0845,14.1,1.0
NGC3358,NGC3358,Galaxy,10.72584,-36.4107,11.6,3.6
NGC3359,NGC3359,Galaxy,10.77691,63.2242,10.6,4.1
NGC3360,NGC3360,Galaxy,10.73783,-11.2426,13.7,1.0
NGC3361,NGC3361,Galaxy,10.74144,-11.2079,12.8,2.2
NGC3362,NGC3362,Galaxy,10.74770,6.5967,15.0,1.3
NGC3363,NGC3363,Galaxy,10.75263,22.0785,14.5,0.9
NGC3364,NGC3364,Galaxy,10.80828,72.4250,13.5,1.4
NGC3365,NGC3365,Galaxy,10.77016,1.8133,12.6,4.0
NGC3366,NGC3366,Galaxy,10.58563,-43.6918,11.7,2.7
NGC3367,NGC3367,Galaxy,10.77638,13.7509,11.7,2.9
NGC3369,NGC3369,Galaxy,10.77907,-25.2444,13.6,0.7
NGC3370,NGC3370,Galaxy,10.78446,17.2736,12.2,2.4
NGC3372,Carina Nebula,HII Region,10.75237,-59.8667,3.0,120.0
NGC3374,NGC3374,Galaxy,10.80029,43.1866,14.5,1.2
NGC3375,NGC3375,Galaxy,10.78355,-9.9413,12.6,1.5
NGC3376,NGC3376,Galaxy,10.79071,6.0481,14.2,1.1
NGC3377,NGC3377,Galaxy,10.79509,13.9859,10.3,3.9
NGC3377A,NGC3377A,Galaxy,10.78953,14.0694,13.7,1.4
NGC3378,NGC3378,Galaxy,10.77869,-40.0160,13.5,1.5
NGC3380,NGC3380,Galaxy,10.80338,28.6018,13.4,1.6
NGC3381,NGC3381,Galaxy,10.80689,34.7114,12.9,2.0
NGC3382,NGC3382,Double Star,10.80695,36.7254,,
NGC3383,NGC3383,Galaxy,10.78867,-24.4382,13.6,1.4
NGC3384,NGC3384,Galaxy,10.80469,12.6293,10.0,5.2
NGC3385,NGC3385,Galaxy,10.80323,4.9278,13.6,1.6
NGC3386,NGC3386,Galaxy,10.80331,4.9986,14.6,1.1
NGC3387,NGC3387,Other,10.80465,4.9666,,
NGC3389,NGC3389,Galaxy,10.80775,12.5332,12.0,2.7
NGC3390,NGC3390,Galaxy,10.80121,-31.5334,12.2,3.1
NGC3391,NGC3391,Galaxy,10.81566,14.2198,13.3,0.9
NGC3392,NGC3392,Galaxy,10.85083,65.7816,16.1,0.9
NGC3393,NGC3393,Galaxy,10.80652,-25.1621,13.1,1.9
NGC3394,NGC3394,Galaxy,10.84440,65.7272,13.2,1.8
NGC3395,NGC3395,Galaxy,10.83059,32.9829,12.1,1.6
NGC3396,NGC3396,Galaxy,10.83196,32.9908,12.5,3.1
NGC3398,NGC3398,Galaxy,10.85873,55.3910,14.4,0.9
NGC3399,NGC3399,Galaxy,10.82433,16.2186,14.5,1.5
NGC3400,NGC3400,Galaxy,10.84596,28.4691,14.1,1.5
NGC3401,NGC3401,Other,10.83885,5.8115,,
NGC3402,NGC3402,Galaxy,10.84069,-12.8446,11.9,1.9
NGC3403,NGC3403,Galaxy,10.89857,73.6904,13.0,2.8
NGC3404,NGC3404,Galaxy,10.83833,-12.1087,14.1,2.1
NGC3405,NGC3405,Galaxy Pair,10.82883,16.2403,,1.2
NGC3406,NGC3406,Galaxy Pair,10.86228,51.0239,,1.2
NGC3407,NGC3407,Galaxy,10.87161,61.3796,14.6,1.4
NGC3408,NGC3408,Galaxy,10.86991,58.4381,14.2,0.8
NGC3409,NGC3409,Galaxy,10.83899,-17.0436,15.8,1.4
NGC3410,NGC3410,Galaxy,10.86492,51.0065,14.9,0.9
NGC3412,NGC3412,Galaxy,10.84813,13.4121,10.5,4.0
NGC3413,NGC3413,Galaxy,10.85576,32.7664,13.1,2.0
NGC3414,NGC3414,Galaxy,10.85450,27.9751,11.1,2.7
NGC3415,NGC3415,Galaxy,10.86183,43.7126,12.6,1.4
NGC3416,NGC3416,Galaxy,10.86342,43.7641,15.5,0.6
NGC3417,NGC3417,Galaxy,10.85048,8.4735,15.2,0.8
NGC3418,NGC3418,Galaxy,10.85665,28.1120,14.3,1.1
NGC3419,NGC3419,Galaxy,10.85493,13.9460,13.8,0.8
NGC3419A,NGC3419A,Galaxy,10.85554,14.0234,14.8,1.7
NGC3420,NGC3420,Galaxy,10.83602,-17.2425,15.0,1.2
NGC3421,NGC3421,Galaxy,10.84934,-12.4485,14.6,1.6
NGC3422,NGC3422,Galaxy,10.85482,-12.4024,14.7,1.3
NGC3423,NGC3423,Galaxy,10.85398,5.8400,11.2,3.6
NGC3424,NGC3424,Galaxy,10.86287,32.9007,13.1,2.5
NGC3425,NGC3425,Galaxy,10.85709,8.5671,14.4,1.2
NGC3426,NGC3426,Galaxy,10.86160,18.4808,13.8,1.7
NGC3427,NGC3427,Galaxy,10.85731,8.2987,13.9,1.3
NGC3428,NGC3428,Galaxy,10.85820,9.2795,14.0,1.4
NGC3430,NGC3430,Galaxy,10.86983,32.9504,11.8,4.0
NGC3431,NGC3431,Galaxy,10.85418,-17.0080,14.5,1.5
NGC3432,NGC3432,Galaxy,10.87531,36.6188,11.3,7.4
NGC3433,NGC3433,Galaxy,10.86774,10.1483,13.3,2.5
NGC3434,NGC3434,Galaxy,10.86612,3.7921,13.5,1.4
NGC3435,NGC3435,Galaxy,10.91343,61.2899,14.1,1.8
NGC3436,NGC3436,Galaxy,10.87430,8.0940,14.9,0.9
NGC3437,NGC3437,Galaxy,10.87660,22.9341,12.2,2.4
NGC3438,NGC3438,Galaxy,10.87388,10.5473,14.2,0.9
NGC3439,NGC3439,Galaxy,10.87381,8.5576,15.2,0.4
NGC3440,NGC3440,Galaxy,10.89708,57.1187,14.1,2.0
NGC3441,NGC3441,Galaxy,10.87531,7.2249,14.0,0.8
NGC3442,NGC3442,Galaxy,10.88559,33.9104,13.4,0.5
NGC3443,NGC3443,Galaxy,10.88337,17.5736,14.6,1.8
NGC3444,NGC3444,Galaxy,10.88316,10.2106,15.5,1.4
NGC3445,NGC3445,Galaxy,10.90986,56.9907,12.7,1.4
NGC3446,NGC3446,Open Cluster,10.86859,-45.1392,,7.5
NGC3447,NGC3447,Galaxy Pair,10.87411,16.7789,,3.6
NGC3447A,NGC3447A,Galaxy,10.88999,16.7724,14.5,3.4
NGC3447B,NGC3447B,Galaxy,10.89157,16.7860,15.3,1.5
NGC3448,NGC3448,Galaxy,10.91089,54.3049,12.0,3.0
NGC3449,NGC3449,Galaxy,10.88157,-32.9276,13.0,3.7
NGC3450,NGC3450,Galaxy,10.80101,-20.8492,11.8,2.6
NGC3451,NGC3451,Galaxy,10.90580,27.2398,13.5,1.7
NGC3452,NGC3452,Galaxy,10.90391,-11.4051,14.8,1.2
NGC3453,NGC3453,Galaxy,10.89458,-21.7928,13.9,1.1
NGC3454,NGC3454,Galaxy,10.90820,17.3440,13.7,2.4
NGC3455,NGC3455,Galaxy,10.90864,17.2848,12.7,2.3
NGC3456,NGC3456,Galaxy,10.90092,-16.0277,13.3,1.8
NGC3457,NGC3457,Galaxy,10.91351,17.6212,13.0,1.0
NGC3458,NGC3458,Galaxy,10.93374,57.1170,13.1,1.4
NGC3459,NGC3459,Galaxy,10.91230,-17.0420,14.5,1.4
NGC3461,NGC3461,Galaxy,10.91536,17.7081,16.0,0.5
NGC3462,NGC3462,Galaxy,10.92252,7.6968,13.4,1.8
NGC3463,NGC3463,Galaxy,10.92038,-26.1408,13.8,1.5
NGC3464,NGC3464,Galaxy,10.91111,-21.0666,12.6,2.4
NGC3465,NGC3465,Galaxy,10.99202,75.1913,14.6,0.9
NGC3466,NGC3466,Galaxy,10.93763,9.7544,14.6,1.0
NGC3467,NGC3467,Galaxy,10.94558,9.7589,13.4,0.9
NGC3468,NGC3468,Galaxy,10.95866,40.9461,14.0,1.5
NGC3469,NGC3469,Galaxy,10.94936,-14.3008,14.3,1.6
NGC3470,NGC3470,Galaxy,10.97914,59.5107,14.2,1.4
NGC3471,NGC3471,Galaxy,10.98584,61.5307,12.8,1.8
NGC3472,NGC3472,Other,10.95618,-19.6377,,
NGC3473,NGC3473,Galaxy,10.96810,17.1244,14.6,1.1
NGC3474,NGC3474,Galaxy,10.96910,17.0957,15.0,1.1
NGC3475,NGC3475,Galaxy,10.97367,24.2263,14.5,1.1
NGC3476,NGC3476,Galaxy,10.96878,9.2761,14.9,1.0
NGC3477,NGC3477,Galaxy,10.97016,9.2178,15.6,1.4
NGC3478,NGC3478,Galaxy,10.99093,46.1224,12.9,2.0
NGC3479,NGC3479,Galaxy,10.98208,-14.9614,13.9,1.5
NGC3481,NGC3481,Galaxy,10.99060,-7.5436,13.8,0.8
NGC3482,NGC3482,Galaxy,10.97619,-46.5839,12.6,1.9
NGC3483,NGC3483,Galaxy,10.98338,-28.4770,13.2,1.8
NGC3484,NGC3484,Other,10.95668,-19.6333,,
NGC3485,NGC3485,Galaxy,11.00066,14.8416,12.2,2.2
NGC3486,NGC3486,Galaxy,11.00663,28.9751,10.6,5.8
NGC3487,NGC3487,Galaxy,11.01293,17.5876,14.6,0.9
NGC3488,NGC3488,Galaxy,11.02323,57.6777,13.7,1.5
NGC3489,NGC3489,Galaxy,11.00516,13.9012,10.2,3.4
NGC3490,NGC3490,Galaxy,10.99845,9.3619,15.2,0.9
NGC3491,NGC3491,Galaxy,11.00983,12.1616,13.2,0.9
NGC3492,NGC3492,Galaxy Pair,11.01583,10.5050,,1.0
NGC3493,NGC3493,Galaxy,11.02440,27.7196,15.1,1.0
NGC3494,NGC3494,Double Star,11.01970,3.7743,,
NGC3495,NGC3495,Galaxy,11.02118,3.6279,12.4,4.7
NGC3496,NGC3496,Open Cluster,10.99272,-60.3369,8.2,6.0
NGC3497,NGC3497,Galaxy,11.12169,-19.4716,13.0,2.6
NGC3498,NGC3498,Other,11.02839,14.3507,,
NGC3499,NGC3499,Galaxy,11.05306,56.2217,14.2,0.8
NGC3500,NGC3500,Galaxy,11.03096,75.2014,14.8,0.9
NGC3501,NGC3501,Galaxy,11.04646,17.9893,13.6,4.3
NGC3503,NGC3503,Reflection Nebula,11.02146,-59.8458,,3.0
NGC3504,NGC3504,Galaxy,11.05311,27.9725,12.2,2.5
NGC3506,NGC3506,Galaxy,11.05360,11.0767,13.2,1.2
NGC3507,NGC3507,Galaxy,11.05704,18.1354,12.1,2.9
NGC3508,NGC3508,Galaxy,11.04991,-16.2894,13.4,1.0
NGC3509,NGC3509,Galaxy,11.07321,4.8286,14.1,1.9
NGC3510,NGC3510,Galaxy,11.06205,28.8872,13.5,1.6
NGC3511,NGC3511,Galaxy,11.05660,-23.0868,11.0,6.0
NGC3512,NGC3512,Galaxy,11.06748,28.0368,12.3,1.6
NGC3513,NGC3513,Galaxy,11.06280,-23.2455,11.7,2.8
NGC3514,NGC3514,Galaxy,11.06664,-18.7806,13.8,1.2
NGC3515,NGC3515,Galaxy,11.07701,28.2280,14.7,1.0
NGC3516,NGC3516,Galaxy,11.11319,72.5686,12.1,1.9
NGC3517,NGC3517,Galaxy,11.09356,56.5249,13.8,0.9
NGC3519,NGC3519,Open Cluster,11.06744,-61.3683,7.7,4.8
NGC3520,NGC3520,Galaxy,11.11923,-18.0237,14.9,0.9
NGC3521,NGC3521,Galaxy,11.09683,-0.0359,9.1,8.3
NGC3522,NGC3522,Galaxy,11.11124,20.0856,14.1,1.2
NGC3523,NGC3523,Galaxy,11.05176,75.1157,13.7,1.1
NGC3524,NGC3524,Galaxy,11.10892,11.3854,13.3,1.5
NGC3526,NGC3526,Galaxy,11.11573,7.1739,13.6,2.4
NGC3527,NGC3527,Galaxy,11.12172,28.5278,14.9,1.2
NGC3529,NGC3529,Galaxy,11.12198,-19.5556,14.1,1.1
NGC3530,NGC3530,Galaxy,11.14455,57.2302,14.3,0.8
NGC3532,Wishing Well Cluster,Open Cluster,11.09662,-58.7705,3.0,12.0
NGC3533,NGC3533,Galaxy,11.11876,-37.1726,13.8,2.9
NGC3534,NGC3534,Galaxy,11.14879,26.6105,14.0,1.4
NGC3534B,NGC3534B,Galaxy,11.14921,26.5961,14.9,0.9
NGC3535,NGC3535,Galaxy,11.14276,4.8319,14.2,1.2
NGC3536,NGC3536,Galaxy,11.14756,28.4757,15.1,0.8
NGC3537,NGC3537,Galaxy Pair,11.14075,-10.2578,,1.4
NGC3538,NGC3538,Double Star,11.19287,75.5697,,
NGC3539,NGC3539,Galaxy,11.15246,28.6725,15.2,1.3
NGC3540,NGC3540,Galaxy,11.15447,36.0211,14.5,1.3
NGC3541,NGC3541,Galaxy,11.14228,-10.4918,15.4,1.3
NGC3542,NGC3542,Galaxy,11.16541,36.9465,14.9,0.8
NGC3543,NGC3543,Galaxy,11.18235,61.3470,14.1,1.2
NGC3544,NGC3544,Galaxy,11.19180,-18.2895,13.1,3.1
NGC3545,NGC3545,Galaxy Pair,11.17019,36.9656,,1.3
NGC3545A,NGC3545A,Galaxy,11.17007,36.9648,15.0,1.2
NGC3545B,NGC3545B,Galaxy,11.17035,36.9666,15.2,0.4
NGC3546,NGC3546,Galaxy,11.16300,-13.3809,14.5,1.9
NGC3547,NGC3547,Galaxy,11.16554,10.7208,12.9,1.7
NGC3549,NGC3549,Galaxy,11.18246,53.3878,12.1,2.6
NGC3550,NGC3550,Galaxy Pair,11.17742,28.7683,,1.2
NGC3551,NGC3551,Galaxy,11.16234,21.7589,14.7,1.4
NGC3552,NGC3552,Galaxy,11.17857,28.6932,15.0,0.8
NGC3553,NGC3553,Galaxy,11.17791,28.6848,16.0,0.5
NGC3554,NGC3554,Galaxy,11.17995,28.6603,15.2,0.7
NGC3555,NGC3555,Galaxy,11.16398,21.8102,15.6,0.6
NGC3557,NGC3557,Galaxy,11.16601,-37.5392,10.4,4.4
NGC3557B,NGC3557B,Galaxy,11.15892,-37.3496,12.6,1.8
NGC3558,NGC3558,Galaxy,11.18219,28.5438,14.6,1.0
NGC3559,NGC3559,Galaxy,11.17922,12.0161,13.8,1.5
NGC3561,the Guitar,Galaxy,11.18700,28.6965,14.7,1.7
NGC3562,NGC3562,Galaxy,11.21630,72.8793,12.2,1.7
NGC3563,NGC3563,Galaxy Pair,11.19014,26.9625,,1.4
NGC3563A,NGC3563A,Galaxy,11.18993,26.9619,15.6,0.6
NGC3563B,NGC3563B,Galaxy,11.19033,26.9636,14.8,1.1
NGC3564,NGC3564,Galaxy,11.17677,-37.5476,12.2,1.9
NGC3565,NGC3565,Galaxy,11.12990,-20.0216,15.4,0.7
NGC3567,NGC3567,Galaxy,11.18852,5.8363,14.4,1.2
NGC3568,NGC3568,Galaxy,11.18016,-37.4479,12.4,2.7
NGC3569,NGC3569,Galaxy,11.20225,35.4521,14.4,1.1
NGC3570,NGC3570,Galaxy,11.20093,27.5898,14.9,1.1
NGC3572,NGC3572,Open Cluster,11.17200,-60.2484,6.6,4.1
NGC3573,NGC3573,Galaxy,11.18849,-36.8755,12.3,2.5
NGC3574,NGC3574,Galaxy,11.20337,27.6248,15.7,0.7
NGC3576,NGC3576,HII Region,11.19213,-61.3630,,3.0
NGC3577,NGC3577,Galaxy,11.22914,48.2727,14.7,1.2
NGC3578,NGC3578,Other,11.21466,-15.9573,,
NGC3579,NGC3579,Nebula,11.19989,-61.2432,,20.0
NGC3580,NGC3580,Galaxy,11.22109,3.6573,14.7,0.8
NGC3581,NGC3581,HII Region,11.20054,-61.3019,,
NGC3582,NGC3582,Nebula,11.20332,-61.2736,,
NGC3583,NGC3583,Galaxy,11.23636,48.3185,12.2,2.2
NGC3584,NGC3584,Nebula,11.20550,-61.2286,,
NGC3585,NGC3585,Galaxy,11.22141,-26.7548,9.7,6.6
NGC3586,NGC3586,Nebula,11.20832,-61.3522,,
NGC3588,NGC3588,Galaxy Pair,11.23408,20.3886,15.3,0.6
NGC3589,NGC3589,Galaxy,11.25370,60.6999,14.5,1.5
NGC3590,NGC3590,Open Cluster,11.21638,-60.7890,8.2,5.1
NGC3591,NGC3591,Galaxy,11.23425,-14.0873,14.5,1.2
NGC3592,NGC3592,Galaxy,11.24094,17.2600,14.6,2.1
NGC3593,NGC3593,Galaxy,11.24361,12.8177,10.9,4.7
NGC3594,NGC3594,Galaxy,11.27055,55.7043,15.0,1.2
NGC3595,NGC3595,Galaxy,11.25710,47.4470,12.9,1.5
NGC3596,NGC3596,Galaxy,11.25173,14.7870,11.5,3.5
NGC3597,NGC3597,Galaxy,11.24499,-23.7277,13.1,1.5
NGC3598,NGC3598,Galaxy,11.25324,17.2627,13.5,1.6
NGC3599,NGC3599,Galaxy,11.25749,18.1104,12.0,2.4
NGC3600,NGC3600,Galaxy,11.26445,41.5910,13.0,1.9
NGC3601,NGC3601,Galaxy,11.25925,5.1154,14.2,0.5
NGC3602,NGC3602,Galaxy,11.26342,17.4161,15.6,1.0
NGC3603,NGC3603,Cluster + Nebula,11.25183,-61.2612,,3.3
NGC3604,NGC3604,Galaxy,11.29171,4.5556,12.2,1.4
NGC3605,NGC3605,Galaxy,11.27961,18.0172,12.3,1.2
NGC3606,NGC3606,Galaxy,11.27101,-33.8274,13.4,1.6
NGC3607,NGC3607,Galaxy,11.28184,18.0518,10.0,4.6
NGC3608,NGC3608,Galaxy,11.28304,18.1487,10.6,3.2
NGC3609,NGC3609,Galaxy,11.29739,26.6258,14.0,1.2
NGC3610,NGC3610,Galaxy,11.30702,58.7863,10.8,2.4
NGC3612,NGC3612,Galaxy,11.30409,26.6206,14.9,0.9
NGC3613,NGC3613,Galaxy,11.31003,58.0000,10.8,3.5
NGC3614,NGC3614,Galaxy,11.30592,45.7482,12.2,2.5
NGC3614A,NGC3614A,Galaxy,11.30330,45.7169,16.0,0.7
NGC3615,NGC3615,Galaxy,11.30185,23.3973,13.9,1.5
NGC3616,NGC3616,Star,11.30246,14.7652,,
NGC3617,NGC3617,Galaxy,11.29746,-26.1344,12.8,1.8
NGC3618,NGC3618,Galaxy,11.30904,23.4691,14.3,0.9
NGC3619,NGC3619,Galaxy,11.32266,57.7578,12.5,3.9
NGC3620,NGC3620,Galaxy,11.26797,-76.2163,13.9,3.2
NGC3621,NGC3621,Galaxy,11.30459,-32.8141,9.6,9.8
NGC3622,NGC3622,Galaxy,11.33677,67.2416,13.1,1.2
NGC3624,NGC3624,Galaxy,11.31416,7.5214,14.8,0.9
NGC3625,NGC3625,Galaxy,11.34204,57.7814,13.9,1.9
NGC3626,NGC3626,Galaxy,11.33439,18.3568,11.0,2.9
NGC3628,NGC3628,Galaxy,11.33805,13.5897,9.4,11.0
NGC3629,NGC3629,Galaxy,11.34217,26.9634,12.9,1.8
NGC3630,NGC3630,Galaxy,11.33805,2.9644,12.8,1.9
NGC3631,NGC3631,Galaxy,11.35080,53.1696,10.4,3.7
NGC3633,NGC3633,Galaxy,11.34062,3.5856,14.3,1.2
NGC3634,NGC3634,Galaxy,11.34175,-9.0137,15.5,0.3
NGC3635,NGC3635,Galaxy,11.34205,-9.0136,14.6,1.4
NGC3636,NGC3636,Galaxy,11.34029,-10.2818,12.4,2.5
NGC3637,NGC3637,Galaxy,11.34433,-10.2574,12.6,2.5
NGC3638,NGC3638,Galaxy,11.33612,-8.1057,14.2,1.6
NGC3639,NGC3639,Galaxy,11.35991,18.4586,14.1,1.1
NGC3640,NGC3640,Galaxy,11.35190,3.2348,10.4,4.3
NGC3641,NGC3641,Galaxy,11.35245,3.1946,13.2,1.0
NGC3642,NGC3642,Galaxy,11.37164,59.0745,12.2,4.3
NGC3643,NGC3643,Galaxy,11.35694,3.0139,14.7,0.9
NGC3644,NGC3644,Galaxy,11.35913,2.8104,15.0,1.4
NGC3646,NGC3646,Galaxy,11.36197,20.1696,11.2,3.1
NGC3647,NGC3647,Galaxy,11.36072,2.8917,15.7,0.4
NGC3648,NGC3648,Galaxy,11.37542,39.8769,12.6,1.2
NGC3649,NGC3649,Galaxy,11.37076,20.2085,14.7,0.8
NGC3650,NGC3650,Galaxy,11.37650,20.7039,14.5,1.9
NGC3651,NGC3651,Galaxy Pair,11.37397,24.2972,,1.0
NGC3652,NGC3652,Galaxy,11.37751,37.7651,12.7,2.5
NGC3653,NGC3653,Galaxy,11.37502,24.2793,14.6,1.2
NGC3654,NGC3654,Galaxy,11.40298,69.4131,13.3,1.5
NGC3655,NGC3655,Galaxy,11.38184,16.5900,11.7,1.4
NGC3656,NGC3656,Galaxy,11.39407,53.8421,12.8,1.5
NGC3657,NGC3657,Galaxy,11.39877,52.9210,13.2,1.0
NGC3658,NGC3658,Galaxy,11.39952,38.5623,12.2,1.7
NGC3659,NGC3659,Galaxy,11.39598,17.8187,12.8,2.0
NGC3660,NGC3660,Galaxy,11.39230,-8.6586,12.7,2.6
NGC3661,NGC3661,Galaxy,11.39401,-13.8311,14.3,1.8
NGC3662,NGC3662,Galaxy,11.39624,-1.1049,13.8,1.3
NGC3663,NGC3663,Galaxy,11.39997,-12.2964,13.2,2.0
NGC3664,NGC3664,Galaxy,11.40674,3.3250,12.7,1.4
NGC3664A,NGC3664A,Galaxy,11.40697,3.2225,15.8,0.6
NGC3665,NGC3665,Galaxy,11.41213,38.7629,10.8,4.1
NGC3666,NGC3666,Galaxy,11.40724,11.3422,12.7,3.4
NGC3667,NGC3667,Galaxy,11.40473,-13.8573,14.0,2.1
NGC3667A,NGC3667A,Galaxy,11.40597,-13.8558,14.8,0.9
NGC3668,NGC3668,Galaxy,11.42512,63.4463,13.1,1.8
NGC3669,NGC3669,Galaxy,11.42410,57.7213,13.3,1.8
NGC3670,NGC3670,Galaxy,11.41379,23.9452,14.3,1.1
NGC3671,NGC3671,Galaxy,11.43126,60.4796,15.6,0.8
NGC3672,NGC3672,Galaxy,11.41735,-9.7954,11.3,2.9
NGC3673,NGC3673,Galaxy,11.42024,-26.7367,11.6,3.5
NGC3674,NGC3674,Galaxy,11.44073,57.0484,13.0,1.6
NGC3675,NGC3675,Galaxy,11.43572,43.5859,10.1,5.9
NGC3676,NGC3676,Galaxy,11.42708,-11.1397,14.7,1.0
NGC3677,NGC3677,Galaxy,11.43827,46.9741,13.8,1.5
NGC3678,NGC3678,Galaxy,11.43771,27.8671,14.1,0.7
NGC3679,NGC3679,Galaxy,11.36335,-5.7577,14.8,1.2
NGC3680,NGC3680,Open Cluster,11.42697,-43.2501,7.6,5.7
NGC3681,NGC3681,Galaxy,11.44161,16.8632,11.9,1.7
NGC3682,NGC3682,Galaxy,11.46144,66.5898,12.5,2.2
NGC3683,NGC3683,Galaxy,11.45885,56.8771,13.0,1.7
NGC3683A,NGC3683A,Galaxy,11.48660,57.1323,12.7,2.0
NGC3684,NGC3684,Galaxy,11.45311,17.0302,11.8,2.3
NGC3685,NGC3685,Galaxy,11.47117,4.3273,15.5,0.8
NGC3686,NGC3686,Galaxy,11.46221,17.2242,11.4,2.9
NGC3687,NGC3687,Galaxy,11.46684,29.5111,12.6,1.4
NGC3688,NGC3688,Galaxy,11.46235,-9.1656,15.4,1.1
NGC3689,NGC3689,Galaxy,11.46973,25.6612,12.3,1.5
NGC3690,NGC3690,Galaxy Pair,11.47564,58.5619,,2.1
NGC3690A,NGC3690A,Galaxy,11.47528,58.5613,12.9,0.2
NGC3690B,NGC3690B,Galaxy,11.47601,58.5629,11.7,2.4
NGC3691,NGC3691,Galaxy,11.46928,16.9205,12.6,1.5
NGC3692,NGC3692,Galaxy,11.47334,9.4076,12.9,3.2
NGC3693,NGC3693,Galaxy,11.46988,-13.1949,14.0,2.3
NGC3694,NGC3694,Galaxy,11.48170,35.4140,13.6,1.0
NGC3695,NGC3695,Galaxy,11.48808,35.5757,14.8,1.0
NGC3696,NGC3696,Galaxy,11.47886,-11.2828,15.0,0.9
NGC3697,NGC3697,Galaxy,11.48066,20.7950,13.1,2.1
NGC3699,NGC3699,Planetary Nebula,11.46587,-59.9581,11.3,0.8
NGC3700,NGC3700,Galaxy,11.49406,35.5146,14.9,1.0
NGC3701,NGC3701,Galaxy,11.49137,24.0934,13.0,1.6
NGC3702,NGC3702,Galaxy,11.50374,-8.8629,14.7,1.3
NGC3703,NGC3703,Galaxy,11.48593,-8.4464,15.7,0.6
NGC3704,NGC3704,Galaxy,11.50129,-11.5463,13.9,1.6
NGC3705,NGC3705,Galaxy,11.50207,9.2766,11.0,4.3
NGC3705A,NGC3705A,Galaxy,11.50826,9.3879,15.7,0.9
NGC3705B,NGC3705B,Galaxy,11.49547,9.2058,16.6,0.6
NGC3706,NGC3706,Galaxy,11.49567,-36.3913,11.3,3.1
NGC3707,NGC3707,Galaxy,11.50321,-11.5435,15.8,0.7
NGC3708,NGC3708,Other,11.51091,-3.2226,,
NGC3709,NGC3709,Other,11.51091,-3.2559,,
NGC3710,NGC3710,Galaxy,11.51859,22.7681,13.1,1.2
NGC3711,NGC3711,Galaxy,11.49042,-11.0791,14.7,0.9
NGC3712,NGC3712,Galaxy,11.51921,28.5679,15.6,2.0
NGC3713,NGC3713,Galaxy,11.52834,28.1536,14.2,1.2
NGC3714,NGC3714,Galaxy,11.53156,28.3585,14.3,1.2
NGC3715,NGC3715,Galaxy,11.52565,-14.2314,13.4,1.2
NGC3716,NGC3716,Galaxy,11.52809,3.4880,14.2,0.9
NGC3717,NGC3717,Galaxy,11.52555,-30.3078,11.2,6.5
NGC3718,NGC3718,Galaxy,11.54301,53.0679,10.7,4.7
NGC3719,NGC3719,Galaxy,11.53707,0.8193,13.1,1.7
NGC3720,NGC3720,Galaxy,11.53933,0.8040,13.0,1.1
NGC3721,NGC3721,Galaxy,11.56884,-9.4671,15.5,0.9
NGC3722,NGC3722,Galaxy,11.57314,-9.6801,15.4,1.1
NGC3723,NGC3723,Galaxy,11.54182,-9.9695,14.4,1.3
NGC3724,NGC3724,Galaxy,11.57463,-9.6602,15.0,1.5
NGC3725,NGC3725,Galaxy,11.56126,61.8880,13.2,1.5
NGC3726,NGC3726,Galaxy,11.55587,47.0292,10.5,5.3
NGC3727,NGC3727,Galaxy,11.56137,-13.8789,15.1,0.9
NGC3728,NGC3728,Galaxy,11.55438,24.4469,14.5,1.6
NGC3729,NGC3729,Galaxy,11.56370,53.1256,11.6,2.9
NGC3730,NGC3730,Galaxy,11.57136,-9.5761,14.7,1.4
NGC3731,NGC3731,Galaxy,11.56991,12.5123,14.4,1.0
NGC3732,NGC3732,Galaxy,11.57054,-9.8457,12.4,1.3
NGC3733,NGC3733,Galaxy,11.58378,54.8505,12.4,3.4
NGC3734,NGC3734,Galaxy,11.57797,-14.0818,14.8,1.1
NGC3735,NGC3735,Galaxy,11.59925,70.5356,12.5,3.5
NGC3736,NGC3736,Galaxy,11.59492,73.4518,15.8,1.1
NGC3737,NGC3737,Galaxy,11.59344,54.9486,13.9,1.1
NGC3738,NGC3738,Galaxy,11.59689,54.5239,11.4,2.3
NGC3739,NGC3739,Galaxy,11.59378,25.0886,15.2,1.2
NGC3740,NGC3740,Galaxy,11.60341,59.9765,14.8,1.3
NGC3741,NGC3741,Galaxy,11.60172,45.2836,14.0,0.9
NGC3742,NGC3742,Galaxy,11.59236,-37.9564,12.1,2.6
NGC3743,NGC3743,Galaxy,11.59927,21.7226,15.7,0.6
NGC3744,NGC3744,Galaxy,11.59941,23.0116,15.5,0.7
NGC3745,NGC3745,Galaxy,11.62901,22.0213,16.2,0.6
NGC3746,NGC3746,Galaxy,11.62878,22.0098,15.0,1.1
NGC3747,NGC3747,Galaxy,11.54196,74.3784,16.3,0.5
NGC3748,NGC3748,Galaxy,11.63029,22.0261,15.8,0.8
NGC3749,NGC3749,Galaxy,11.59811,-37.9974,12.8,2.8
NGC3750,NGC3750,Galaxy,11.63101,21.9742,14.9,1.1
NGC3751,NGC3751,Galaxy,11.63163,21.9365,15.0,0.9
NGC3752,NGC3752,Galaxy,11.54228,74.6275,13.8,1.6
NGC3753,NGC3753,Galaxy,11.63164,21.9814,14.5,1.6
NGC3754,NGC3754,Galaxy,11.63192,21.9855,15.0,0.6
NGC3755,NGC3755,Galaxy,11.60927,36.4103,12.8,2.9
NGC3756,NGC3756,Galaxy,11.61334,54.2936,11.5,1.9
NGC3757,NGC3757,Galaxy,11.61746,58.4155,13.4,1.1
NGC3758,NGC3758,Galaxy,11.60808,21.5961,14.1,0.7
NGC3759,NGC3759,Galaxy,11.61502,54.8233,13.3,1.0
NGC3759A,NGC3759A,Galaxy,11.61612,55.1621,14.4,1.1
NGC3761,NGC3761,Galaxy,11.61226,22.9920,15.0,1.1
NGC3762,NGC3762,Galaxy,11.62329,61.7594,13.2,1.8
NGC3763,NGC3763,Galaxy,11.60839,-9.8467,13.2,1.1
NGC3764,NGC3764,Galaxy Pair,11.61503,17.8894,,0.8
NGC3765,NGC3765,Galaxy,11.61783,24.0962,14.9,0.8
NGC3766,Pearl Cluster,Open Cluster,11.60400,-61.6052,5.3,6.9
NGC3767,NGC3767,Galaxy,11.62099,16.8772,13.4,1.0
NGC3768,NGC3768,Galaxy,11.62069,17.8399,13.7,1.4
NGC3769,NGC3769,Galaxy,11.62892,47.8931,12.5,2.8
NGC3769A,NGC3769A,Galaxy,11.63093,47.8813,14.7,0.9
NGC3770,NGC3770,Galaxy,11.63298,59.6169,13.6,0.9
NGC3771,NGC3771,Galaxy,11.65167,-9.3482,12.6,1.5
NGC3772,NGC3772,Galaxy,11.63013,22.6913,14.3,1.3
NGC3773,NGC3773,Galaxy,11.63691,12.1121,13.3,1.2
NGC3774,NGC3774,Galaxy,11.64174,-8.9761,14.7,1.1
NGC3775,NGC3775,Galaxy,11.64075,-10.6388,14.7,1.3
NGC3776,NGC3776,Galaxy,11.63833,-3.3544,16.1,0.5
NGC3777,NGC3777,Galaxy,11.60190,-12.5691,14.4,1.2
NGC3778,NGC3778,Galaxy,11.63928,-50.7154,14.2,1.2
NGC3779,NGC3779,Galaxy,11.64751,-10.5838,14.4,1.6
NGC3780,NGC3780,Galaxy,11.65621,56.2707,12.1,2.6
NGC3781,NGC3781,Galaxy,11.65104,26.3618,14.7,0.7
NGC3782,NGC3782,Galaxy,11.65577,46.5138,13.1,1.2
NGC3783,NGC3783,Galaxy,11.65049,-37.7387,12.7,2.1
NGC3784,NGC3784,Galaxy,11.65828,26.3091,15.1,0.9
NGC3785,NGC3785,Galaxy,11.65914,26.3023,15.1,1.1
NGC3786,NGC3786,Galaxy,11.66182,31.9093,13.7,2.0
NGC3787,NGC3787,Galaxy,11.66054,20.4547,14.6,0.8
NGC3788,NGC3788,Galaxy,11.66240,31.9312,12.5,2.0
NGC3789,NGC3789,Galaxy,11.63585,-9.6071,14.3,1.8
NGC3790,NGC3790,Galaxy,11.66313,17.7123,14.4,1.0
NGC3791,NGC3791,Galaxy,11.66158,-9.3673,14.4,1.3
NGC3792,NGC3792,Double Star,11.66070,5.0995,,
NGC3793,NGC3793,Star,11.66722,31.8777,14.4,
NGC3794,NGC3794,Galaxy,11.68151,56.2020,13.0,2.0
NGC3795,NGC3795,Galaxy,11.66852,58.6131,14.0,2.1
NGC3795A,NGC3795A,Galaxy,11.65592,58.2687,14.3,2.0
NGC3796,NGC3796,Galaxy,11.67531,60.2989,12.9,1.5
NGC3797,NGC3797,Star,11.67036,31.9066,14.9,
NGC3798,NGC3798,Galaxy,11.67054,24.6971,13.1,2.1
NGC3799,NGC3799,Galaxy,11.66927,15.3273,14.5,0.7
NGC3800,NGC3800,Galaxy,11.67042,15.3424,13.0,1.7
NGC3801,NGC3801,Galaxy,11.67137,17.7281,12.3,2.3
NGC3802,NGC3802,Galaxy,11.67188,17.7653,13.6,1.0
NGC3803,NGC3803,Galaxy,11.67146,17.8012,16.4,0.6
NGC3805,NGC3805,Galaxy,11.67824,20.3429,13.7,1.5
NGC3806,NGC3806,Galaxy,11.67962,17.7963,13.6,1.1
NGC3807,NGC3807,Star,11.69852,17.8189,,
NGC3808,NGC3808,Galaxy Pair,11.67900,22.4378,,2.2
NGC3808A,NGC3808A,Galaxy,11.67896,22.4294,13.6,0.9
NGC3808B,NGC3808B,Galaxy,11.67907,22.4469,12.0,0.8
NGC3809,NGC3809,Galaxy,11.68779,59.8858,13.5,1.2
NGC3810,NGC3810,Galaxy,11.68299,11.4711,10.8,3.4
NGC3811,NGC3811,Galaxy,11.68795,47.6908,12.3,2.0
NGC3812,NGC3812,Galaxy,11.68548,24.8217,13.8,1.7
NGC3813,NGC3813,Galaxy,11.68852,36.5468,11.7,2.1
NGC3814,NGC3814,Galaxy,11.69102,24.8054,15.5,0.8
NGC3815,NGC3815,Galaxy,11.69425,24.8005,14.1,1.4
NGC3816,NGC3816,Galaxy,11.69668,20.1036,12.5,1.7
NGC3817,NGC3817,Galaxy,11.69804,10.3044,13.3,1.1
NGC3818,NGC3818,Galaxy,11.69927,-6.1557,11.8,2.4
NGC3819,NGC3819,Galaxy,11.70163,10.3511,14.8,0.9
NGC3820,NGC3820,Galaxy,11.70136,10.3842,15.4,0.7
NGC3821,NGC3821,Galaxy,11.70253,20.3157,12.8,1.4
NGC3822,NGC3822,Galaxy,11.70309,10.2778,13.7,1.4
NGC3823,NGC3823,Galaxy,11.70419,-13.8669,13.8,1.9
NGC3824,NGC3824,Galaxy,11.71246,52.7796,14.5,1.2
NGC3825,NGC3825,Galaxy,11.70659,10.2641,13.0,1.4
NGC3826,NGC3826,Galaxy,11.70912,26.4889,14.2,1.1
NGC3827,NGC3827,Galaxy,11.71007,18.8454,13.3,1.0
NGC3828,NGC3828,Galaxy,11.71623,16.4876,15.4,0.8
NGC3829,NGC3829,Galaxy,11.72424,52.7111,15.0,1.0
NGC3831,NGC3831,Galaxy,11.72183,-12.8784,13.9,2.3
NGC3832,NGC3832,Galaxy,11.72540,22.7254,12.9,1.9
NGC3833,NGC3833,Galaxy,11.72472,10.1619,14.6,1.3
NGC3834,NGC3834,Galaxy,11.72715,19.0905,14.9,0.9
NGC3835,NGC3835,Galaxy,11.73469,60.1198,13.1,1.9
NGC3835A,NGC3835A,Galaxy,11.78969,60.3004,13.9,1.1
NGC3836,NGC3836,Galaxy Pair,11.72494,-16.7956,,1.5
NGC3837,NGC3837,Galaxy,11.73234,19.8946,13.2,0.9
NGC3838,NGC3838,Galaxy,11.73716,57.9482,12.3,1.4
NGC3839,NGC3839,Galaxy,11.73176,10.7847,13.7,1.0
NGC3840,NGC3840,Galaxy,11.73304,20.0770,13.9,0.8
NGC3841,NGC3841,Galaxy,11.73393,19.9719,13.6,1.0
NGC3842,NGC3842,Galaxy,11.73393,19.9498,11.8,2.1
NGC3843,NGC3843,Galaxy,11.73184,7.9257,14.1,1.0
NGC3844,NGC3844,Galaxy,11.73355,20.0293,13.9,1.2
NGC3845,NGC3845,Galaxy,11.73485,19.9961,14.0,0.9
NGC3846,NGC3846,Galaxy,11.74141,55.6522,13.6,1.0
NGC3846A,NGC3846A,Galaxy,11.73745,55.0350,14.1,1.9
NGC3847,NGC3847,Galaxy,11.73721,33.5145,14.4,1.5
NGC3849,NGC3849,Galaxy,11.75979,3.2318,14.8,0.7
NGC3850,NGC3850,Galaxy,11.75988,55.8869,14.5,1.7
NGC3851,NGC3851,Galaxy,11.73901,19.9809,15.2,0.6
NGC3853,NGC3853,Galaxy,11.74120,16.5581,12.4,1.4
NGC3854,NGC3854,Galaxy,11.74779,-9.2333,13.0,1.9
NGC3855,NGC3855,Galaxy,11.74049,33.3551,14.8,1.2
NGC3857,NGC3857,Galaxy,11.74726,19.5329,14.1,0.9
NGC3858,NGC3858,Galaxy,11.75324,-9.3140,14.2,1.4
NGC3859,NGC3859,Galaxy,11.74784,19.4542,14.1,1.1
NGC3860,NGC3860,Galaxy,11.74699,19.7950,13.4,1.3
NGC3861,NGC3861,Galaxy,11.75108,19.9737,12.8,2.0
NGC3862,NGC3862,Galaxy,11.75139,19.6063,13.3,1.1
NGC3863,NGC3863,Galaxy,11.75153,8.4695,13.9,2.5
NGC3864,NGC3864,Galaxy,11.75436,19.3921,15.6,0.8
NGC3867,NGC3867,Galaxy,11.75823,19.4002,13.2,1.4
NGC3868,NGC3868,Galaxy,11.75832,19.4447,14.8,0.8
NGC3869,NGC3869,Galaxy,11.76266,10.8246,13.5,1.7
NGC3870,NGC3870,Galaxy,11.76572,50.1997,13.0,1.0
NGC3871,NGC3871,Galaxy,11.76948,33.1088,15.2,0.9
NGC3872,NGC3872,Galaxy,11.76363,13.7667,11.7,2.4
NGC3873,NGC3873,Galaxy,11.76281,19.7739,12.8,1.1
NGC3874,NGC3874,Double Star,11.76049,8.5739,,
NGC3875,NGC3875,Galaxy,11.76374,19.7674,14.5,1.6
NGC3876,NGC3876,Galaxy,11.75741,9.1607,13.8,1.1
NGC3877,NGC3877,Galaxy,11.76881,47.4943,11.0,5.4
NGC3878,NGC3878,Galaxy,11.77161,33.2045,14.0,0.6
NGC3879,NGC3879,Galaxy,11.78039,69.3837,13.4,2.0
NGC3880,NGC3880,Galaxy,11.77284,33.1618,14.7,0.9
NGC3881,NGC3881,Galaxy,11.77623,33.1064,14.9,1.2
NGC3882,NGC3882,Galaxy,11.76849,-56.3881,11.8,3.3
NGC3883,NGC3883,Galaxy,11.77977,20.6754,13.1,1.8
NGC3884,NGC3884,Galaxy,11.77005,20.3916,12.6,1.9
NGC3885,NGC3885,Galaxy,11.77958,-27.9222,11.9,2.7
NGC3886,NGC3886,Galaxy,11.78489,19.8372,14.1,1.4
NGC3887,NGC3887,Galaxy,11.78460,-16.8546,10.9,3.3
NGC3888,NGC3888,Galaxy,11.79288,55.9672,12.1,1.6
NGC3889,NGC3889,Galaxy,11.79670,56.0183,15.6,0.7
NGC3890,NGC3890,Galaxy,11.82218,74.3022,14.1,0.9
NGC3891,NGC3891,Galaxy,11.80093,30.3593,12.8,1.7
NGC3892,NGC3892,Galaxy,11.80028,-10.9621,11.2,3.1
NGC3893,NGC3893,Galaxy,11.81061,48.7108,10.6,2.7
NGC3894,NGC3894,Galaxy,11.81399,59.4157,11.6,2.7
NGC3895,NGC3895,Galaxy,11.81779,59.4327,13.0,1.2
NGC3896,NGC3896,Galaxy,11.81566,48.6747,12.6,1.4
NGC3897,NGC3897,Galaxy,11.81652,35.0161,13.0,1.5
NGC3898,NGC3898,Galaxy,11.82094,56.0844,10.7,3.5
NGC3899,NGC3899,Galaxy,11.83457,26.4792,13.2,1.5
NGC3900,NGC3900,Galaxy,11.81929,27.0220,11.4,2.5
NGC3901,NGC3901,Galaxy,11.71381,77.3727,14.5,1.4
NGC3902,NGC3902,Galaxy,11.82188,26.1216,14.0,1.3
NGC3903,NGC3903,Galaxy,11.81765,-37.5171,13.5,1.3
NGC3904,NGC3904,Galaxy,11.82034,-29.2767,10.8,3.5
NGC3905,NGC3905,Galaxy,11.81803,-9.7298,12.8,1.9
NGC3906,NGC3906,Galaxy,11.82792,48.4260,13.5,1.4
NGC3907,NGC3907,Galaxy,11.82504,-1.0865,13.6,1.1
NGC3907B,NGC3907B,Galaxy,11.82321,-1.0838,13.9,1.5
NGC3908,NGC3908,Galaxy,11.83130,12.1859,16.3,0.7
NGC3909,NGC3909,Open Cluster,11.83559,-48.2381,,6.6
NGC3910,NGC3910,Galaxy,11.83314,21.3336,14.3,1.4
NGC3911,NGC3911,Galaxy,11.82280,24.9385,15.3,0.9
NGC3913,NGC3913,Galaxy,11.84415,55.3539,12.5,1.6
NGC3914,NGC3914,Galaxy,11.84240,6.5676,13.9,0.8
NGC3915,NGC3915,Galaxy,11.82348,-5.1184,14.6,1.9
NGC3916,NGC3916,Galaxy,11.84751,55.1436,14.6,1.2
NGC3917,NGC3917,Galaxy,11.84595,51.8247,11.8,4.6
NGC3918,Blue Planetary,Planetary Nebula,11.83832,-57.1823,8.1,0.3
NGC3919,NGC3919,Galaxy,11.84487,20.0152,14.4,0.9
NGC3920,NGC3920,Galaxy,11.83498,24.9200,14.1,1.1
NGC3921,NGC3921,Galaxy,11.85191,55.0788,12.5,2.0
NGC3922,NGC3922,Galaxy,11.85373,50.1569,13.6,1.9
NGC3923,NGC3923,Galaxy,11.85047,-28.8060,9.6,6.9
NGC3925,NGC3925,Galaxy,11.85582,21.8891,15.1,1.2
NGC3926,NGC3926,Galaxy Pair,11.85761,22.0269,,1.2
NGC3926A,NGC3926A,Galaxy,11.85738,22.0280,15.7,0.6
NGC3926B,NGC3926B,Galaxy,11.85784,22.0260,15.2,0.8
NGC3928,Miniature Spiral,Galaxy,11.86323,48.6831,12.5,1.4
NGC3929,NGC3929,Galaxy,11.86181,21.0027,14.7,0.6
NGC3930,NGC3930,Galaxy,11.86278,38.0151,13.5,2.7
NGC3931,NGC3931,Galaxy,11.85374,52.0009,14.4,1.1
NGC3932,NGC3932,Star,11.86968,48.6204,,
NGC3933,NGC3933,Galaxy,11.86724,16.8097,13.6,1.0
NGC3934,NGC3934,Galaxy,11.87016,16.8514,14.8,0.9
NGC3935,NGC3935,Galaxy,11.87335,32.4038,13.9,1.0
NGC3936,NGC3936,Galaxy,11.87239,-26.9059,12.3,4.5
NGC3937,NGC3937,Galaxy,11.87851,20.6313,12.5,1.8
NGC3938,NGC3938,Galaxy,11.88040,44.1207,10.4,3.5
NGC3940,NGC3940,Galaxy,11.87957,20.9893,12.8,1.2
NGC3941,NGC3941,Galaxy,11.88204,36.9863,10.4,3.5
NGC3942,NGC3942,Galaxy,11.85837,-11.4247,13.8,1.3
NGC3943,NGC3943,Galaxy,11.88238,20.4791,14.5,1.0
NGC3944,NGC3944,Galaxy,11.88474,26.2069,14.1,1.1
NGC3945,NGC3945,Galaxy,11.88715,60.6756,10.8,5.5
NGC3946,NGC3946,Galaxy,11.88906,21.0215,14.4,0.7
NGC3947,NGC3947,Galaxy,11.88898,20.7517,13.2,1.4
NGC3948,NGC3948,Star,11.89351,20.9508,,
NGC3949,NGC3949,Galaxy,11.89492,47.8587,10.9,2.3
NGC3950,NGC3950,Galaxy,11.89484,47.8846,16.2,0.4
NGC3951,NGC3951,Galaxy,11.89479,23.3822,13.6,1.0
NGC3952,NGC3952,Galaxy,11.89462,-3.9965,13.0,1.6
NGC3953,NGC3953,Galaxy,11.89692,52.3268,10.1,6.1
NGC3954,NGC3954,Galaxy,11.89491,20.8825,14.3,0.9
NGC3955,NGC3955,Galaxy,11.89921,-23.1642,11.8,4.2
NGC3956,NGC3956,Galaxy,11.90019,-20.5673,12.5,3.5
NGC3957,NGC3957,Galaxy,11.90042,-19.5689,12.9,3.2
NGC3958,NGC3958,Galaxy,11.90936,58.3670,13.0,1.3
NGC3959,NGC3959,Galaxy,11.91046,-7.7565,14.0,0.9
NGC3960,NGC3960,Open Cluster,11.84256,-55.6698,8.3,6.0
NGC3961,NGC3961,Galaxy,11.91601,69.3301,14.6,1.3
NGC3962,NGC3962,Galaxy,11.91114,-13.9750,10.7,4.2
NGC3963,NGC3963,Galaxy,11.91631,58.4936,12.0,2.5
NGC3964,NGC3964,Galaxy,11.91486,28.2624,14.9,0.9
NGC3965,NGC3965,Galaxy,11.90642,-10.8669,16.3,0.6
NGC3966,NGC3966,Galaxy,11.94561,32.0218,13.8,2.5
NGC3967,NGC3967,Galaxy,11.91956,-7.8438,14.4,1.3
NGC3968,NGC3968,Galaxy,11.92464,11.9684,13.2,1.9
NGC3969,NGC3969,Galaxy,11.91923,-18.9274,14.0,1.3
NGC3970,NGC3970,Galaxy,11.92446,-12.0613,14.4,1.2
NGC3971,NGC3971,Galaxy,11.92677,29.9959,13.1,1.1
NGC3972,NGC3972,Galaxy,11.92919,55.3208,12.3,3.7
NGC3973,NGC3973,Galaxy,11.92694,11.9974,15.5,0.7
NGC3974,NGC3974,Galaxy,11.92782,-12.0274,14.3,1.2
NGC3975,NGC3975,Galaxy,11.93158,60.5294,15.5,0.8
NGC3976,NGC3976,Galaxy,11.93258,6.7494,12.4,3.1
NGC3977,NGC3977,Galaxy,11.93533,55.3908,14.5,1.5
NGC3978,NGC3978,Galaxy,11.93620,60.5225,12.7,1.6
NGC3979,NGC3979,Galaxy,11.93363,-2.7209,14.0,1.2
NGC3981,NGC3981,Galaxy,11.93540,-19.8962,11.7,3.3
NGC3982,NGC3982,Galaxy,11.94115,55.1253,11.7,2.1
NGC3983,NGC3983,Galaxy,11.93991,23.8679,14.6,1.2
NGC3985,NGC3985,Galaxy,11.94503,48.3339,13.1,1.1
NGC3987,NGC3987,Galaxy,11.95581,25.1954,12.9,2.7
NGC3988,NGC3988,Galaxy,11.95673,27.8775,14.6,0.8
NGC3989,NGC3989,Galaxy,11.95741,25.2331,15.7,0.8
NGC3990,NGC3990,Galaxy,11.95988,55.4587,12.6,1.4
NGC3991,NGC3991,Galaxy Pair,11.95863,32.3378,,1.8
NGC3993,NGC3993,Galaxy,11.96051,25.2406,14.7,1.7
NGC3994,NGC3994,Galaxy,11.96024,32.2776,12.8,0.8
NGC3995,NGC3995,Galaxy,11.96225,32.2941,12.4,2.6
NGC3996,NGC3996,Galaxy,11.96279,14.2974,14.3,0.8
NGC3997,NGC3997,Galaxy,11.96340,25.2706,13.5,1.1
NGC3998,NGC3998,Galaxy,11.96559,55.4536,11.3,2.8
NGC3999,NGC3999,Galaxy,11.96569,25.0683,15.8,0.6
NGC4000,NGC4000,Galaxy,11.96584,25.1445,15.2,1.0
NGC4001,NGC4001,Galaxy,11.96855,47.3349,15.9,0.6
NGC4002,NGC4002,Galaxy,11.96647,23.2021,14.6,1.3
NGC4003,NGC4003,Galaxy,11.96640,23.1249,14.6,1.0
NGC4004,NGC4004,Galaxy,11.96812,27.8789,13.6,1.2
NGC4004B,NGC4004B,Galaxy,11.96427,27.8687,15.0,0.8
NGC4005,NGC4005,Galaxy,11.96949,25.1223,13.1,1.1
NGC4006,NGC4006,Galaxy,11.96827,-2.1201,14.2,1.5
NGC4008,NGC4008,Galaxy,11.97140,28.1925,12.0,2.1
NGC4009,NGC4009,Star,11.97085,25.1898,,
NGC4010,NGC4010,Galaxy,11.97719,47.2615,13.2,3.1
NGC4011,NGC4011,Galaxy,11.97373,25.0976,15.8,0.8
NGC4012,NGC4012,Galaxy,11.97431,10.0215,14.4,1.7
NGC4013,NGC4013,Galaxy,11.97538,43.9466,11.3,4.9
NGC4014,NGC4014,Galaxy,11.97661,16.1773,13.4,1.6
NGC4015,NGC4015,Galaxy Pair,11.97858,25.0403,,1.4
NGC4016,NGC4016,Galaxy,11.97473,27.5288,13.8,0.8
NGC4017,NGC4017,Galaxy,11.97935,27.4524,13.0,1.6
NGC4018,NGC4018,Galaxy,11.97797,25.3164,13.8,1.4
NGC4019,NGC4019,Galaxy,12.01956,14.1043,14.1,1.5
NGC4020,NGC4020,Galaxy,11.98241,30.4119,13.1,1.9
NGC4021,NGC4021,Galaxy,11.98405,25.0832,15.4,0.9
NGC4022,NGC4022,Galaxy,11.98361,25.2228,14.3,1.0
NGC4023,NGC4023,Galaxy,11.98485,24.9890,14.6,0.9
NGC4024,NGC4024,Galaxy,11.97535,-18.3468,11.8,1.8
NGC4025,NGC4025,Galaxy,11.98616,37.7934,13.6,1.4
NGC4026,NGC4026,Galaxy,11.99033,50.9617,10.8,4.4
NGC4027,NGC4027,Galaxy,11.99171,-19.2652,11.2,3.5
NGC4027A,NGC4027A,Galaxy,11.99150,-19.3320,14.5,1.1
NGC4029,NGC4029,Galaxy,12.00088,8.1817,14.4,1.2
NGC4030,NGC4030,Galaxy,12.00656,-1.1001,10.5,3.8
NGC4031,NGC4031,Galaxy,12.00871,31.9476,14.8,0.7
NGC4032,NGC4032,Galaxy,12.00912,20.0739,12.5,1.4
NGC4033,NGC4033,Galaxy,12.00965,-17.8426,11.8,2.6
NGC4034,NGC4034,Galaxy,12.02491,69.3239,14.4,1.4
NGC4035,NGC4035,Galaxy,12.00815,-15.9481,14.5,1.2
NGC4036,NGC4036,Galaxy,12.02410,61.8958,10.8,4.8
NGC4037,NGC4037,Galaxy,12.02324,13.4010,12.9,2.4
NGC4038,Antennae Galaxies,Galaxy,12.03139,-18.8676,10.2,5.4
NGC4039,Antennae Galaxies,Galaxy,12.03153,-18.8862,11.0,5.4
NGC4040,NGC4040,Galaxy,12.03484,17.8232,15.0,1.2
NGC4041,NGC4041,Galaxy,12.03672,62.1372,11.1,2.6
NGC4042,NGC4042,Galaxy,12.04633,20.1632,16.4,0.4
NGC4043,NGC4043,Galaxy,12.03971,4.3298,14.0,0.9
NGC4044,NGC4044,Galaxy,12.04153,-0.2124,14.6,1.1
NGC4045,NGC4045,Galaxy,12.04507,1.9768,11.8,2.5
NGC4045A,NGC4045A,Galaxy,12.04519,1.9522,14.3,0.9
NGC4047,NGC4047,Galaxy,12.04741,48.6362,12.8,1.5
NGC4048,NGC4048,Galaxy,12.04727,18.0156,14.4,0.7
NGC4049,NGC4049,Galaxy,12.04853,18.7525,14.1,1.2
NGC4050,NGC4050,Galaxy,12.04832,-16.3736,11.8,3.4
NGC4051,NGC4051,Galaxy,12.05267,44.5313,11.4,4.9
NGC4052,NGC4052,Open Cluster,12.03477,-63.2235,8.8,5.1
NGC4053,NGC4053,Galaxy,12.05321,19.7288,14.4,1.1
NGC4054,NGC4054,Galaxy Triplet,12.05364,57.8944,,1.0
NGC4055,NGC4055,Galaxy,12.06708,20.2323,13.8,0.9
NGC4056,NGC4056,Galaxy,12.06605,20.3125,16.5,0.6
NGC4057,NGC4057,Galaxy,12.06838,20.2351,12.6,1.3
NGC4058,NGC4058,Galaxy,12.06363,3.5482,13.9,1.4
NGC4060,NGC4060,Galaxy,12.06694,20.3374,15.5,0.6
NGC4062,NGC4062,Galaxy,12.06773,31.8958,11.2,4.1
NGC4063,NGC4063,Galaxy,12.06833,1.8470,14.9,0.9
NGC4064,NGC4064,Galaxy,12.06977,18.4434,11.3,3.2
NGC4066,NGC4066,Galaxy,12.06928,20.3479,14.2,1.2
NGC4067,NGC4067,Galaxy,12.06987,10.8544,13.4,1.1
NGC4068,NGC4068,Galaxy,12.06688,52.5883,12.7,1.9
NGC4069,NGC4069,Galaxy,12.06834,20.3238,16.3,0.5
NGC4070,NGC4070,Galaxy,12.06981,20.4098,14.1,1.2
NGC4071,NGC4071,Planetary Nebula,12.07105,-67.3101,13.0,1.1
NGC4072,NGC4072,Galaxy,12.07051,20.2097,15.5,0.4
NGC4073,NGC4073,Galaxy,12.07419,1.8960,11.5,2.1
NGC4074,NGC4074,Galaxy,12.07491,20.3162,14.4,0.6
NGC4075,NGC4075,Galaxy,12.07718,2.0725,14.5,1.2
NGC4076,NGC4076,Galaxy,12.07570,20.2049,13.4,0.9
NGC4077,NGC4077,Galaxy,12.07724,1.7877,14.1,1.3
NGC4078,NGC4078,Galaxy,12.07990,10.5956,13.8,1.2
NGC4079,NGC4079,Galaxy,12.08051,-2.3824,13.8,1.7
NGC4080,NGC4080,Galaxy,12.08106,26.9925,13.9,1.2
NGC4081,NGC4081,Galaxy,12.07609,64.4368,13.1,1.4
NGC4082,NGC4082,Galaxy,12.08651,10.6706,14.9,0.8
NGC4083,NGC4083,Galaxy,12.08724,10.6132,15.1,0.9
NGC4084,NGC4084,Galaxy,12.08757,21.2144,14.6,1.1
NGC4085,NGC4085,Galaxy,12.08964,50.3529,12.4,2.2
NGC4086,NGC4086,Galaxy,12.09149,20.2468,14.9,1.2
NGC4087,NGC4087,Galaxy,12.09315,-26.5226,13.2,2.0
NGC4088,NGC4088,Galaxy,12.09283,50.5390,10.6,7.0
NGC4089,NGC4089,Galaxy,12.09373,20.5557,14.6,0.9
NGC4090,NGC4090,Galaxy,12.09109,20.3087,14.8,1.1
NGC4091,NGC4091,Galaxy,12.09447,20.5557,15.0,0.9
NGC4092,NGC4092,Galaxy,12.09725,20.4770,13.6,1.0
NGC4093,NGC4093,Galaxy,12.09763,20.5220,15.2,0.8
NGC4094,NGC4094,Galaxy,12.09832,-14.5264,12.0,4.4
NGC4095,NGC4095,Galaxy,12.09839,20.5725,14.3,1.4
NGC4096,NGC4096,Galaxy,12.10031,47.4784,10.6,5.7
NGC4097,NGC4097,Galaxy,12.10070,36.8637,14.4,1.2
NGC4098,NGC4098,Galaxy Pair,12.10108,20.6061,,1.2
NGC4100,NGC4100,Galaxy,12.10235,49.5827,11.1,4.6
NGC4101,NGC4101,Galaxy,12.10294,25.5570,14.5,1.2
NGC4102,NGC4102,Galaxy,12.10639,52.7111,11.9,2.9
NGC4103,NGC4103,Open Cluster,12.11099,-61.2501,7.4,7.8
NGC4104,NGC4104,Galaxy,12.11083,28.1742,12.1,2.5
NGC4105,NGC4105,Galaxy,12.11132,-29.7602,10.6,4.3
NGC4106,NGC4106,Galaxy,12.11244,-29.7683,11.3,4.1
NGC4108,NGC4108,Galaxy,12.11238,67.1631,13.1,1.6
NGC4108A,NGC4108A,Galaxy,12.09713,67.2521,14.6,1.3
NGC4108B,NGC4108B,Galaxy,12.11989,67.2352,14.5,1.3
NGC4109,NGC4109,Galaxy,12.11420,42.9956,15.0,0.7
NGC4110,NGC4110,Galaxy,12.11763,18.5317,14.5,1.3
NGC4111,NGC4111,Galaxy,12.11754,43.0657,10.8,1.8
NGC4112,NGC4112,Galaxy,12.11930,-40.2082,12.7,1.7
NGC4113,NGC4113,Galaxy,12.11902,32.9959,14.8,0.8
NGC4114,NGC4114,Galaxy,12.12008,-14.1855,14.1,2.2
NGC4115,NGC4115,Star,12.11932,14.4066,,
NGC4116,NGC4116,Galaxy,12.12699,2.6905,12.0,2.6
NGC4117,NGC4117,Galaxy,12.12948,43.1264,14.3,1.6
NGC4118,NGC4118,Galaxy,12.13135,43.1111,15.8,0.7
NGC4119,NGC4119,Galaxy,12.13601,10.3789,11.5,1.6
NGC4120,NGC4120,Galaxy,12.14195,69.5448,14.0,1.6
NGC4121,NGC4121,Galaxy,12.13240,65.1139,13.0,0.5
NGC4123,NGC4123,Galaxy,12.13642,2.8783,11.4,3.2
NGC4125,NGC4125,Galaxy,12.13501,65.1741,9.7,5.9
NGC4126,NGC4126,Galaxy,12.14373,16.1428,14.5,0.8
NGC4127,NGC4127,Galaxy,12.14066,76.8040,13.4,1.5
NGC4128,NGC4128,Galaxy,12.14231,68.7676,12.0,2.2
NGC4129,NGC4129,Galaxy,12.14812,-9.0365,12.5,2.6
NGC4131,NGC4131,Galaxy,12.14647,29.3048,13.3,1.4
NGC4132,NGC4132,Galaxy,12.15039,29.2501,14.0,1.1
NGC4133,NGC4133,Galaxy,12.14721,74.9043,13.0,1.7
NGC4134,NGC4134,Galaxy,12.15278,29.1769,13.1,1.9
NGC4135,NGC4135,Galaxy,12.15245,44.0032,14.0,0.8
NGC4136,NGC4136,Galaxy,12.15491,29.9276,11.9,2.3
NGC4137,NGC4137,Galaxy,12.15486,44.0902,14.3,0.8
NGC4138,NGC4138,Galaxy,12.15827,43.6853,11.8,2.9
NGC4139,NGC4139,Galaxy,12.07612,1.8016,14.7,1.2
NGC4141,NGC4141,Galaxy,12.16314,58.8492,14.6,1.2
NGC4142,NGC4142,Galaxy,12.15839,53.1049,13.9,1.8
NGC4143,NGC4143,Galaxy,12.16002,42.5342,12.1,2.7
NGC4144,NGC4144,Galaxy,12.16628,46.4572,11.6,5.2
NGC4145,NGC4145,Galaxy,12.16709,39.8839,11.2,4.6
NGC4146,NGC4146,Galaxy,12.17174,26.4307,13.9,1.3
NGC4147,NGC4147,Globular Cluster,12.16838,18.5421,10.7,2.4
NGC4148,NGC4148,Galaxy,12.16888,35.8776,14.4,1.6
NGC4149,NGC4149,Galaxy,12.17579,58.3041,13.9,1.4
NGC4150,NGC4150,Galaxy,12.17601,30.4015,11.7,2.0
NGC4151,NGC4151,Galaxy,12.17572,39.4057,11.5,2.9
NGC4152,NGC4152,Galaxy,12.17708,16.0329,12.5,1.4
NGC4155,NGC4155,Galaxy,12.17936,19.0408,14.4,1.2
NGC4156,NGC4156,Galaxy,12.18045,39.4727,13.5,1.1
NGC4157,NGC4157,Galaxy,12.18455,50.4847,11.3,6.2
NGC4158,NGC4158,Galaxy,12.18616,20.1757,13.3,1.4
NGC4159,NGC4159,Galaxy,12.18156,76.1259,14.2,1.4
NGC4160,NGC4160,Double Star,12.20048,43.7356,,
NGC4161,NGC4161,Galaxy,12.19263,57.7375,13.7,1.1
NGC4162,NGC4162,Galaxy,12.19791,24.1237,11.7,2.3
NGC4163,NGC4163,Galaxy,12.20254,36.1692,13.2,1.7
NGC4164,NGC4164,Galaxy,12.20152,13.2056,15.4,0.7
NGC4165,NGC4165,Galaxy,12.20328,13.2465,13.6,1.2
NGC4166,NGC4166,Galaxy,12.20266,17.7570,14.2,1.1
NGC4168,NGC4168,Galaxy,12.20480,13.2052,11.4,2.9
NGC4169,NGC4169,Galaxy,12.20522,29.1794,12.2,1.6
NGC4170,NGC4170,Star,12.20368,29.1668,,
NGC4171,NGC4171,Star,12.21066,29.2245,,
NGC4172,NGC4172,Galaxy,12.20414,56.1776,14.3,1.2
NGC4173,NGC4173,Galaxy,12.20596,29.2071,13.3,2.3
NGC4174,NGC4174,Galaxy,12.20747,29.1492,13.6,0.9
NGC4175,NGC4175,Galaxy,12.20862,29.1684,13.4,1.6
NGC4176,NGC4176,Galaxy,12.21023,-9.1605,15.4,0.7
NGC4177,NGC4177,Galaxy,12.21146,-14.0146,13.3,1.8
NGC4178,NGC4178,Galaxy,12.21290,10.8660,11.4,4.7
NGC4179,NGC4179,Galaxy,12.21447,1.2997,10.9,4.5
NGC4180,NGC4180,Galaxy,12.21751,7.0389,13.2,1.4
NGC4181,NGC4181,Galaxy,12.21361,52.9033,14.8,1.1
NGC4183,NGC4183,Galaxy,12.22136,43.6986,12.3,4.3
NGC4184,NGC4184,Open Cluster,12.22572,-62.7214,,6.0
NGC4185,NGC4185,Galaxy,12.22283,28.5110,13.4,1.9
NGC4186,NGC4186,Galaxy,12.23515,14.7258,14.5,1.0
NGC4187,NGC4187,Galaxy,12.22480,50.7415,14.3,1.6
NGC4188,NGC4188,Galaxy,12.23538,-12.5860,14.3,0.7
NGC4189,NGC4189,Galaxy,12.22980,13.4248,11.8,2.2
NGC4190,NGC4190,Galaxy,12.22910,36.6340,13.1,1.5
NGC4191,NGC4191,Galaxy,12.23067,7.2009,13.6,1.5
NGC4193,NGC4193,Galaxy,12.23155,13.1729,12.3,2.2
NGC4194,Medusa Galaxy Merger,Galaxy,12.23596,54.5268,12.8,1.6
NGC4195,NGC4195,Galaxy,12.23836,59.6154,15.3,1.5
NGC4196,NGC4196,Galaxy,12.24160,28.4234,13.6,1.1
NGC4197,NGC4197,Galaxy,12.24404,5.8057,13.4,2.8
NGC4198,NGC4198,Galaxy,12.23946,56.0114,14.4,0.8
NGC4199,NGC4199,Galaxy Pair,12.24728,59.9075,,1.1
NGC4199A,NGC4199A,Galaxy,12.24684,59.9062,15.3,1.0
NGC4199B,NGC4199B,Galaxy,12.24769,59.9084,16.4,0.8
NGC4200,NGC4200,Galaxy,12.24562,12.1807,13.0,1.4
NGC4201,NGC4201,Galaxy,12.24496,-11.5829,14.5,1.0
NGC4202,NGC4202,Galaxy,12.30238,-1.0641,14.5,1.0
NGC4203,NGC4203,Galaxy,12.25141,33.1973,11.6,3.4
NGC4204,NGC4204,Galaxy,12.25401,20.6586,12.9,4.1
NGC4205,NGC4205,Galaxy,12.24876,63.7828,13.7,1.7
NGC4206,NGC4206,Galaxy,12.25467,13.0240,12.2,4.7
NGC4207,NGC4207,Galaxy,12.25847,9.5849,13.4,1.5
NGC4208,NGC4208,Galaxy,12.26093,13.9015,11.1,2.8
NGC4209,NGC4209,Star,12.25717,28.4684,13.6,
NGC4210,NGC4210,Galaxy,12.25440,65.9853,13.4,1.9
NGC4211,NGC4211,Galaxy,12.25996,28.1776,14.3,1.0
NGC4211A,NGC4211A,Galaxy,12.26037,28.1696,15.8,0.4
NGC4213,NGC4213,Galaxy,12.26043,23.9819,12.6,1.6
NGC4214,NGC4214,Galaxy,12.26088,36.3269,9.8,6.8
NGC4215,NGC4215,Galaxy,12.26515,6.4011,12.0,1.7
NGC4216,NGC4216,Galaxy,12.26512,13.1494,9.9,7.8
NGC4217,NGC4217,Galaxy,12.26414,47.0918,11.2,5.4
NGC4218,NGC4218,Galaxy,12.26289,48.1308,13.4,1.0
NGC4219,NGC4219,Galaxy,12.27426,-43.3243,11.8,3.8
NGC4219A,NGC4219A,Galaxy,12.29997,-43.5400,14.7,1.3
NGC4220,NGC4220,Galaxy,12.26992,47.8833,11.3,3.3
NGC4221,NGC4221,Galaxy,12.26663,66.2308,13.3,1.9
NGC4222,NGC4222,Galaxy,12.27292,13.3071,13.8,2.8
NGC4223,NGC4223,Galaxy,12.29050,6.6901,11.9,2.0
NGC4224,NGC4224,Galaxy,12.27605,7.4621,11.8,2.9
NGC4225,NGC4225,Galaxy,12.27733,-12.3277,15.0,0.8
NGC4226,NGC4226,Galaxy,12.27397,47.0252,14.3,1.1
NGC4227,NGC4227,Galaxy,12.27603,33.5221,13.7,1.5
NGC4229,NGC4229,Galaxy,12.27744,33.5609,14.2,1.2
NGC4230,NGC4230,Open Cluster,12.28594,-55.2861,9.4,5.4
NGC4231,NGC4231,Galaxy,12.28024,47.4574,14.7,0.8
NGC4232,NGC4232,Galaxy,12.28029,47.4388,14.5,1.2
NGC4233,NGC4233,Galaxy,12.28547,7.6244,11.9,2.3
NGC4234,NGC4234,Galaxy,12.28588,3.6831,12.9,1.1
NGC4235,NGC4235,Galaxy,12.28608,7.1916,12.0,4.4
NGC4236,NGC4236,Galaxy,12.27837,69.4626,9.8,23.5
NGC4237,NGC4237,Galaxy,12.28651,15.3240,11.8,1.8
NGC4238,NGC4238,Galaxy,12.28217,63.4099,14.1,1.7
NGC4239,NGC4239,Galaxy,12.28748,16.5314,12.8,1.4
NGC4240,NGC4240,Galaxy,12.29010,-9.9516,14.3,1.5
NGC4241,NGC4241,Galaxy,12.29997,6.6542,13.1,1.5
NGC4242,NGC4242,Galaxy,12.29172,45.6193,11.0,3.8
NGC4244,NGC4244,Galaxy,12.29157,37.8071,10.2,16.2
NGC4245,NGC4245,Galaxy,12.29355,29.6080,11.4,2.5
NGC4246,NGC4246,Galaxy,12.29948,7.1859,12.7,2.1
NGC4247,NGC4247,Galaxy,12.29947,7.2739,14.8,1.0
NGC4248,NGC4248,Galaxy,12.29718,47.4092,12.6,2.0
NGC4249,NGC4249,Galaxy,12.29983,5.5986,14.5,0.9
NGC4250,NGC4250,Galaxy,12.29063,70.8026,12.9,1.9
NGC4251,NGC4251,Galaxy,12.30229,28.1754,10.8,2.3
NGC4252,NGC4252,Galaxy,12.30858,5.5595,14.7,1.2
NGC4253,NGC4253,Galaxy,12.30736,29.8129,13.2,0.9
NGC4255,NGC4255,Galaxy,12.31560,4.7861,13.4,1.4
NGC4256,NGC4256,Galaxy,12.31197,65.8983,12.7,3.9
NGC4257,NGC4257,Galaxy,12.31846,5.7260,14.6,0.5
NGC4259,NGC4259,Galaxy,12.32284,5.3764,13.6,1.0
NGC4260,NGC4260,Galaxy,12.32284,6.0987,11.6,2.5
NGC4261,NGC4261,Galaxy,12.32312,5.8252,11.1,4.2
NGC4262,NGC4262,Galaxy,12.32516,14.8777,11.5,1.7
NGC4263,NGC4263,Galaxy,12.32839,-12.2256,13.6,1.2
NGC4264,NGC4264,Galaxy,12.32660,5.8468,12.8,0.9
NGC4266,NGC4266,Galaxy,12.32842,5.5383,13.4,2.0
NGC4267,NGC4267,Galaxy,12.32923,12.7983,10.9,2.5
NGC4268,NGC4268,Galaxy,12.32978,5.2838,12.7,1.5
NGC4269,NGC4269,Galaxy,12.33033,6.0150,13.4,1.2
NGC4270,NGC4270,Galaxy,12.33041,5.4634,12.2,1.9
NGC4271,NGC4271,Galaxy,12.32572,56.7366,13.6,1.8
NGC4272,NGC4272,Galaxy,12.32990,30.3391,14.0,1.0
NGC4273,NGC4273,Galaxy,12.33224,5.3433,11.8,2.2
NGC4274,NGC4274,Galaxy,12.33072,29.6145,10.4,3.6
NGC4275,NGC4275,Galaxy,12.33127,27.6210,13.4,0.9
NGC4276,NGC4276,Galaxy,12.33541,7.6919,13.6,1.3
NGC4277,NGC4277,Galaxy,12.33437,5.3414,13.5,0.8
NGC4278,NGC4278,Galaxy,12.33523,29.2807,10.2,2.9
NGC4279,NGC4279,Galaxy,12.34028,-11.6666,15.1,1.2
NGC4280,NGC4280,Other,12.34219,-11.6524,,
NGC4281,NGC4281,Galaxy,12.33931,5.3864,11.3,2.9
NGC4282,NGC4282,Galaxy,12.34009,5.5728,14.6,0.9
NGC4283,NGC4283,Galaxy,12.33913,29.3109,12.3,1.2
NGC4284,NGC4284,Galaxy,12.33684,58.0929,14.5,1.9
NGC4285,NGC4285,Galaxy,12.34439,-11.6419,15.0,0.9
NGC4286,NGC4286,Galaxy,12.34503,29.3459,14.5,1.1
NGC4287,NGC4287,Galaxy,12.34681,5.6399,15.0,1.2
NGC4288,NGC4288,Galaxy,12.34392,46.2917,12.9,1.7
NGC4288A,NGC4288A,Galaxy,12.34460,46.2554,15.7,0.7
NGC4289,NGC4289,Galaxy,12.35062,3.7221,14.3,4.3
NGC4290,NGC4290,Galaxy,12.34654,58.0925,12.8,2.2
NGC4291,NGC4291,Galaxy,12.33839,75.3708,11.4,1.9
NGC4292,NGC4292,Galaxy,12.35457,4.5957,12.2,1.6
NGC4293,NGC4293,Galaxy,12.35358,18.3824,10.2,6.2
NGC4294,NGC4294,Galaxy,12.35495,11.5104,12.1,2.7
NGC4295,NGC4295,Galaxy,12.35272,28.1651,14.9,0.5
NGC4296,NGC4296,Galaxy,12.35789,6.6536,13.7,1.4
NGC4297,NGC4297,Galaxy,12.35761,6.6710,12.9,0.6
NGC4298,NGC4298,Galaxy,12.35910,14.6062,11.3,2.5
NGC4299,NGC4299,Galaxy,12.36126,11.4999,12.5,1.5
NGC4300,NGC4300,Galaxy,12.36152,5.3848,13.4,1.8
NGC4301,NGC4301,Galaxy,12.37423,4.5663,13.1,1.1
NGC4302,NGC4302,Galaxy,12.36180,14.5983,11.5,6.0
NGC4304,NGC4304,Galaxy,12.37020,-33.4845,11.8,2.5
NGC4305,NGC4305,Galaxy,12.36767,12.7409,12.6,2.3
NGC4306,NGC4306,Galaxy,12.36781,12.7875,13.6,1.5
NGC4307,NGC4307,Galaxy,12.36824,9.0436,12.7,3.4
NGC4307A,NGC4307A,Galaxy,12.36870,8.9906,15.0,0.8
NGC4308,NGC4308,Galaxy,12.36579,30.0744,13.2,0.9
NGC4309,NGC4309,Galaxy,12.37011,7.1443,13.6,1.9
NGC4310,NGC4310,Galaxy,12.37397,29.2090,13.4,1.9
NGC4311,NGC4311,Double Star,12.37413,29.1459,,
NGC4312,NGC4312,Galaxy,12.37538,15.5379,11.7,5.0
NGC4313,NGC4313,Galaxy,12.37737,11.8009,12.4,3.8
NGC4314,NGC4314,Galaxy,12.37551,29.8959,10.6,3.7
NGC4315,NGC4315,Star,12.37921,9.3054,,
NGC4316,NGC4316,Galaxy,12.37840,9.3325,13.5,2.5
NGC4317,NGC4317,Other,12.37833,31.0379,,
NGC4318,NGC4318,Galaxy,12.37869,8.1983,14.2,0.7
NGC4319,NGC4319,Galaxy,12.36219,75.3226,12.9,2.5
NGC4320,NGC4320,Galaxy,12.38270,10.5483,14.9,0.9
NGC4322,NGC4322,Star,12.37830,15.9033,13.4,
NGC4323,NGC4323,Galaxy,12.38381,15.9056,13.8,1.2
NGC4324,NGC4324,Galaxy,12.38505,5.2503,11.5,3.0
NGC4325,NGC4325,Galaxy,12.38519,10.6212,13.3,1.2
NGC4326,NGC4326,Galaxy,12.38656,6.0721,14.2,1.1
NGC4327,NGC4327,Star,12.38542,15.7365,16.1,
NGC4328,NGC4328,Galaxy,12.38890,15.8204,14.2,1.6
NGC4329,NGC4329,Galaxy,12.38909,-12.5586,14.7,1.1
NGC4330,NGC4330,Galaxy,12.38812,11.3680,13.1,2.3
NGC4331,NGC4331,Galaxy,12.37666,76.1725,14.7,1.6
NGC4332,NGC4332,Galaxy,12.37966,65.8438,13.2,2.0
NGC4333,NGC4333,Galaxy,12.38952,6.0407,14.3,0.8
NGC4334,NGC4334,Galaxy,12.38997,7.4732,14.1,2.0
NGC4335,NGC4335,Galaxy,12.38386,58.4446,13.6,1.9
NGC4336,NGC4336,Galaxy,12.39162,19.4269,13.2,1.5
NGC4337,NGC4337,Open Cluster,12.40092,-58.1238,8.9,6.6
NGC4339,NGC4339,Galaxy,12.39304,6.0817,11.4,2.3
NGC4340,NGC4340,Galaxy,12.39314,16.7224,11.2,2.8
NGC4341,NGC4341,Galaxy,12.39821,7.1071,13.3,1.7
NGC4342,NGC4342,Galaxy,12.39417,7.0540,12.5,1.2
NGC4343,NGC4343,Galaxy,12.39408,6.9541,12.3,1.9
NGC4344,NGC4344,Galaxy,12.39374,17.5409,13.3,1.3
NGC4346,NGC4346,Galaxy,12.39109,46.9938,12.1,3.1
NGC4347,NGC4347,Star,12.39790,-3.2404,,
NGC4348,NGC4348,Galaxy,12.39833,-3.4429,12.3,2.7
NGC4349,NGC4349,Open Cluster,12.40168,-61.8704,7.4,6.3
NGC4350,NGC4350,Galaxy,12.39941,16.6934,10.9,2.8
NGC4351,NGC4351,Galaxy,12.40042,12.2048,12.6,1.6
NGC4352,NGC4352,Galaxy,12.40139,11.2181,12.5,1.6
NGC4353,NGC4353,Galaxy,12.40007,7.7852,13.4,1.1
NGC4355,NGC4355,Galaxy,12.44851,-0.8776,13.4,1.4
NGC4356,NGC4356,Galaxy,12.40404,8.5359,13.4,2.0
NGC4357,NGC4357,Galaxy,12.39967,48.7795,12.7,3.5
NGC4358,NGC4358,Galaxy,12.40056,58.3852,14.2,1.1
NGC4359,NGC4359,Galaxy,12.40310,31.5219,13.7,1.4
NGC4360,NGC4360,Galaxy,12.40603,9.2928,13.3,1.4
NGC4360B,NGC4360B,Galaxy,12.40409,9.2669,14.9,0.5
NGC4361,NGC4361,Planetary Nebula,12.40854,-18.7848,10.9,1.1
NGC4362,NGC4362,Galaxy,12.40313,58.3607,15.0,1.3
NGC4363,NGC4363,Galaxy,12.39122,74.9522,14.5,0.8
NGC4365,NGC4365,Galaxy,12.40786,7.3177,9.4,5.1
NGC4366,NGC4366,Galaxy,12.41306,7.3530,14.9,0.8
NGC4367,NGC4367,Double Star,12.40976,12.1823,,
NGC4369,NGC4369,Galaxy,12.41006,39.3830,11.7,2.0
NGC4370,NGC4370,Galaxy,12.41525,7.4449,13.8,1.6
NGC4371,NGC4371,Galaxy,12.41540,11.7042,10.8,3.9
NGC4372,NGC4372,Globular Cluster,12.42927,-72.6591,9.8,12.0
NGC4373,NGC4373,Galaxy,12.42162,-39.7597,10.9,4.0
NGC4373A,NGC4373A,Galaxy,12.42715,-39.3197,12.2,2.8
NGC4373B,NGC4373B,Galaxy,12.44549,-39.1342,15.1,1.0
NGC4375,NGC4375,Galaxy,12.41680,28.5586,13.8,1.2
NGC4376,NGC4376,Galaxy,12.42168,5.7412,13.8,1.3
NGC4377,NGC4377,Galaxy,12.42009,14.7622,11.8,1.6
NGC4378,NGC4378,Galaxy,12.42169,4.9251,11.3,2.1
NGC4379,NGC4379,Galaxy,12.42076,15.6075,11.6,1.9
NGC4380,NGC4380,Galaxy,12.42282,10.0168,11.3,3.4
NGC4383,NGC4383,Galaxy,12.42376,16.4701,12.2,1.7
NGC4384,NGC4384,Galaxy,12.41999,54.5062,13.1,1.3
NGC4385,NGC4385,Galaxy,12.42856,0.5726,13.0,2.1
NGC4386,NGC4386,Galaxy,12.40788,75.5289,11.7,2.5
NGC4387,NGC4387,Galaxy,12.42824,12.8105,12.1,1.6
NGC4388,NGC4388,Galaxy,12.42965,12.6621,11.0,5.4
NGC4389,NGC4389,Galaxy,12.42642,45.6847,12.6,2.5
NGC4390,NGC4390,Galaxy,12.43074,10.4591,13.3,1.5
NGC4391,NGC4391,Galaxy,12.42189,64.9335,13.7,1.2
NGC4392,NGC4392,Galaxy,12.42193,45.8475,14.3,1.6
NGC4393,NGC4393,Galaxy,12.43090,27.5616,13.7,2.9
NGC4394,NGC4394,Galaxy,12.43209,18.2141,11.0,3.5
NGC4395,NGC4395,Galaxy,12.43024,33.5469,10.3,4.2
NGC4396,NGC4396,Galaxy,12.43301,15.6715,12.6,3.0
NGC4397,NGC4397,Other,12.43282,18.3010,,
NGC4398,NGC4398,Star,12.43540,10.6861,,
NGC4399,NGC4399,Other,12.42861,33.5161,,
NGC4400,NGC4400,Other,12.43220,33.5148,,
NGC4401,NGC4401,Other,12.43266,33.5284,,
NGC4402,NGC4402,Galaxy,12.43546,13.1133,11.8,3.5
NGC4403,NGC4403,Galaxy,12.43689,-7.6849,13.5,1.6
NGC4404,NGC4404,Galaxy,12.43784,-7.6808,14.2,1.6
NGC4405,NGC4405,Galaxy,12.43532,16.1810,12.9,1.5
NGC4407,NGC4407,Galaxy,12.44229,12.6110,12.2,2.1
NGC4408,NGC4408,Galaxy,12.43812,27.8712,15.2,0.6
NGC4409,NGC4409,Galaxy,12.44958,2.4944,12.8,1.8
NGC4410,NGC4410,Galaxy Pair,12.44135,9.0197,,1.2
NGC4410A,NGC4410A,Galaxy,12.44119,9.0199,16.1,0.6
NGC4410B,NGC4410B,Galaxy,12.44155,9.0192,14.2,0.6
NGC4410C,NGC4410C,Galaxy,12.44319,9.0355,14.8,0.8
NGC4411,NGC4411,Galaxy,12.44169,8.8722,12.8,1.6
NGC4411B,NGC4411B,Galaxy,12.44645,8.8846,12.4,1.9
NGC4412,NGC4412,Galaxy,12.44336,3.9647,13.2,1.5
NGC4414,NGC4414,Galaxy,12.44086,31.2235,10.2,1.9
NGC4415,NGC4415,Galaxy,12.44458,8.4357,13.6,1.3
NGC4416,NGC4416,Galaxy,12.44631,7.9190,11.6,1.6
NGC4417,NGC4417,Galaxy,12.44739,9.5843,11.2,3.1
NGC4419,NGC4419,Galaxy,12.44901,15.0474,11.1,3.9
NGC4421,NGC4421,Galaxy,12.45071,15.4615,11.4,2.6
NGC4422,NGC4422,Galaxy,12.45336,-5.8310,14.6,1.5
NGC4423,NGC4423,Galaxy,12.45249,5.8802,13.9,2.0
NGC4424,NGC4424,Galaxy,12.45322,9.4207,11.7,3.0
NGC4425,NGC4425,Galaxy,12.45370,12.7347,11.9,3.1
NGC4426,NGC4426,Double Star,12.45292,27.8382,,
NGC4428,NGC4428,Galaxy,12.45786,-8.1679,13.2,1.6
NGC4429,NGC4429,Galaxy,12.45736,11.1077,10.1,5.3
NGC4430,NGC4430,Galaxy,12.45734,6.2628,12.7,2.0
NGC4431,NGC4431,Galaxy,12.45761,12.2903,13.0,1.5
NGC4432,NGC4432,Galaxy,12.45916,6.2332,14.9,0.6
NGC4433,NGC4433,Galaxy,12.46072,-8.2784,12.7,2.0
NGC4434,NGC4434,Galaxy,12.46019,8.1543,12.1,1.4
NGC4435,Eyes,Galaxy,12.46125,13.0789,11.0,3.0
NGC4436,NGC4436,Galaxy,12.46146,12.3159,13.2,1.7
NGC4438,Eyes,Galaxy,12.46266,13.0088,10.9,9.2
NGC4439,NGC4439,Open Cluster,12.47399,-60.1032,8.4,4.5
NGC4440,NGC4440,Galaxy,12.46488,12.2933,11.8,1.8
NGC4441,NGC4441,Galaxy,12.45565,64.8015,12.7,4.1
NGC4442,NGC4442,Galaxy,12.46774,9.8037,10.6,4.3
NGC4444,NGC4444,Galaxy,12.47678,-43.2617,13.1,2.3
NGC4445,NGC4445,Galaxy,12.47109,9.4362,12.8,2.5
NGC4446,NGC4446,Galaxy,12.46855,13.9117,14.6,1.0
NGC4447,NGC4447,Galaxy,12.47015,13.8992,14.8,0.8
NGC4448,NGC4448,Galaxy,12.47095,28.6203,11.1,1.6
NGC4449,NGC4449,Galaxy,12.46975,44.0936,9.6,4.7
NGC4450,NGC4450,Galaxy,12.47490,17.0849,10.9,5.5
NGC4451,NGC4451,Galaxy,12.47793,9.2588,12.5,1.4
NGC4452,NGC4452,Galaxy,12.47870,11.7550,11.9,3.4
NGC4453,NGC4453,Galaxy Pair,12.47978,6.5075,,1.2
NGC4454,NGC4454,Galaxy,12.48076,-1.9392,11.9,2.2
NGC4455,NGC4455,Galaxy,12.47892,22.8204,13.1,1.6
NGC4456,NGC4456,Galaxy,12.46456,-30.0979,14.1,1.3
NGC4457,NGC4457,Galaxy,12.48306,3.5706,10.6,2.8
NGC4458,NGC4458,Galaxy,12.48266,13.2419,12.1,1.6
NGC4459,NGC4459,Galaxy,12.48334,13.9784,10.2,4.2
NGC4460,NGC4460,Galaxy,12.47932,44.8642,12.4,3.9
NGC4461,NGC4461,Galaxy,12.48417,13.1837,11.0,3.6
NGC4462,NGC4462,Galaxy,12.48923,-23.1664,11.8,3.6
NGC4463,NGC4463,Open Cluster,12.49867,-64.7897,7.2,4.8
NGC4464,NGC4464,Galaxy,12.48925,8.1566,12.6,1.0
NGC4465,NGC4465,Galaxy,12.48987,8.0260,15.2,0.3
NGC4466,NGC4466,Galaxy,12.49182,7.6964,14.3,0.9
NGC4467,NGC4467,Galaxy,12.49174,7.9929,14.2,0.6
NGC4468,NGC4468,Galaxy,12.49192,14.0491,13.0,1.5
NGC4469,NGC4469,Galaxy,12.49112,8.7499,11.0,2.9
NGC4470,NGC4470,Galaxy,12.49383,7.8242,13.1,1.3
NGC4471,NGC4471,Galaxy,12.49362,7.9328,15.2,0.4
NGC4473,NGC4473,Galaxy,12.49691,13.4294,10.1,4.3
NGC4474,NGC4474,Galaxy,12.49821,14.0686,11.6,2.3
NGC4475,NGC4475,Galaxy,12.49655,27.2433,13.8,1.1
NGC4476,NGC4476,Galaxy,12.49974,12.3487,12.2,1.7
NGC4477,NGC4477,Galaxy,12.50061,13.6366,10.3,3.7
NGC4478,NGC4478,Galaxy,12.50484,12.3286,11.4,1.8
NGC4479,NGC4479,Galaxy,12.50510,13.5776,12.5,1.4
NGC4480,NGC4480,Galaxy,12.50744,4.2466,12.4,1.9
NGC4481,NGC4481,Galaxy,12.49685,64.0330,14.8,1.2
NGC4482,NGC4482,Galaxy,12.50287,10.7795,13.0,1.5
NGC4483,NGC4483,Galaxy,12.51129,9.0157,12.2,1.6
NGC4484,NGC4484,Galaxy,12.48130,-11.6521,14.2,1.3
NGC4485,NGC4485,Galaxy,12.50865,41.7012,12.2,2.0
NGC4486A,NGC4486A,Galaxy,12.51603,12.2704,12.5,0.9
NGC4486B,NGC4486B,Galaxy,12.50888,12.4902,13.4,0.4
NGC4487,NGC4487,Galaxy,12.51791,-8.0539,11.4,3.5
NGC4488,NGC4488,Galaxy,12.51427,8.3600,12.0,2.8
NGC4489,NGC4489,Galaxy,12.51451,16.7589,12.7,1.7
NGC4490,NGC4490,Galaxy,12.51007,41.6439,9.7,6.7
NGC4491,NGC4491,Galaxy,12.51586,11.4835,12.4,1.6
NGC4492,NGC4492,Galaxy,12.51659,8.0779,12.0,2.1
NGC4493,NGC4493,Galaxy,12.51899,0.6137,14.7,1.5
NGC4494,NGC4494,Galaxy,12.52336,25.7752,9.8,4.3
NGC4495,NGC4495,Galaxy,12.52302,29.1365,13.5,1.3
NGC4496,NGC4496,Galaxy Pair,12.52778,3.9328,,3.5
NGC4496A,NGC4496A,Galaxy,12.52756,3.9395,11.6,3.4
NGC4496B,NGC4496B,Galaxy,12.52802,3.9263,14.5,1.1
NGC4497,NGC4497,Galaxy,12.52570,11.6247,12.5,2.0
NGC4498,NGC4498,Galaxy,12.52766,16.8528,12.8,2.9
NGC4499,NGC4499,Galaxy,12.53471,-39.9825,13.1,2.0
NGC4500,NGC4500,Galaxy,12.52282,57.9646,12.5,1.5
NGC4502,NGC4502,Galaxy,12.53426,16.6877,14.6,1.0
NGC4503,NGC4503,Galaxy,12.53506,11.1764,11.0,3.5
NGC4504,NGC4504,Galaxy,12.53818,-7.5634,11.6,3.2
NGC4506,NGC4506,Galaxy,12.53626,13.4196,13.6,1.6
NGC4507,NGC4507,Galaxy,12.59351,-39.9093,13.1,1.4
NGC4508,NGC4508,Double Star,12.53817,5.8200,,
NGC4509,NGC4509,Galaxy,12.55189,32.0916,14.1,0.7
NGC4510,NGC4510,Galaxy,12.52978,64.2338,14.1,1.5
NGC4511,NGC4511,Galaxy,12.53559,56.4712,14.5,0.9
NGC4512,NGC4512,Galaxy,12.54657,63.9392,13.0,2.6
NGC4513,NGC4513,Galaxy,12.53376,66.3326,14.0,2.1
NGC4514,NGC4514,Galaxy,12.54527,29.7124,14.0,1.0
NGC4515,NGC4515,Galaxy,12.55138,16.2655,12.7,1.4
NGC4516,NGC4516,Galaxy,12.55209,14.5749,13.5,1.8
NGC4517,NGC4517,Galaxy,12.54600,0.1150,10.5,9.0
NGC4517A,NGC4517A,Galaxy,12.54115,0.3897,12.2,2.0
NGC4518,NGC4518,Galaxy,12.55327,7.8516,14.5,1.2
NGC4519,NGC4519,Galaxy,12.55840,8.6547,12.0,2.3
NGC4519A,NGC4519A,Galaxy,12.55686,8.6907,15.7,0.6
NGC4520,NGC4520,Galaxy,12.56386,-7.3756,14.7,0.8
NGC4522,NGC4522,Galaxy,12.56103,9.1750,12.9,3.5
NGC4523,NGC4523,Galaxy,12.56333,15.1683,13.6,1.2
NGC4524,NGC4524,Galaxy,12.56511,-12.0276,14.2,1.2
NGC4525,NGC4525,Galaxy,12.56421,30.2775,13.0,2.0
NGC4526,NGC4526,Galaxy,12.56752,7.6995,9.6,7.0
NGC4527,NGC4527,Galaxy,12.56901,2.6537,10.5,6.3
NGC4528,NGC4528,Galaxy,12.56835,11.3212,12.0,1.6
NGC4529,NGC4529,Galaxy,12.54768,20.1835,15.1,1.1
NGC4530,NGC4530,Star,12.56325,41.3535,,
NGC4531,NGC4531,Galaxy,12.57108,13.0753,12.4,3.0
NGC4532,NGC4532,Galaxy,12.57204,6.4677,11.9,2.5
NGC4533,NGC4533,Galaxy,12.57278,2.3254,14.2,1.8
NGC4534,NGC4534,Galaxy,12.56817,35.5183,13.2,2.8
NGC4535,NGC4535,Galaxy,12.57231,8.1978,9.9,8.2
NGC4536,NGC4536,Galaxy,12.57418,2.1881,10.5,7.1
NGC4537,NGC4537,Galaxy,12.58025,50.8052,15.2,1.3
NGC4538,NGC4538,Galaxy,12.57803,3.3237,14.6,0.7
NGC4539,NGC4539,Galaxy,12.57632,18.2027,12.1,2.7
NGC4540,NGC4540,Galaxy,12.58080,15.5517,12.3,2.2
NGC4541,NGC4541,Galaxy,12.58629,-0.2211,13.9,1.6
NGC4543,NGC4543,Galaxy,12.58896,6.1151,14.3,1.0
NGC4544,NGC4544,Galaxy,12.59349,3.0345,13.8,1.9
NGC4545,NGC4545,Galaxy,12.57615,63.5251,13.1,2.4
NGC4546,NGC4546,Galaxy,12.59153,-3.7932,10.6,3.2
NGC4547,NGC4547,Galaxy,12.58107,58.9168,15.0,1.2
NGC4549,NGC4549,Galaxy,12.58924,58.9497,15.9,0.6
NGC4550,NGC4550,Galaxy,12.59183,12.2208,12.0,3.2
NGC4551,NGC4551,Galaxy,12.59388,12.2640,12.0,1.7
NGC4553,NGC4553,Galaxy,12.60211,-39.4387,12.2,2.6
NGC4554,NGC4554,Double Star,12.59987,11.2654,,
NGC4555,NGC4555,Galaxy,12.59477,26.5231,13.4,1.4
NGC4556,NGC4556,Galaxy,12.59607,26.9089,14.2,1.3
NGC4557,NGC4557,Other,12.59715,27.0538,,
NGC4558,NGC4558,Galaxy,12.59796,26.9921,14.9,0.7
NGC4559,NGC4559,Galaxy,12.59935,27.9600,9.9,10.6
NGC4559A,NGC4559A,Galaxy,12.61484,27.8620,14.5,0.4
NGC4559B,NGC4559B,Galaxy,12.61498,27.7491,15.3,0.6
NGC4559C,NGC4559C,HII Region,12.59781,27.9321,,
NGC4561,NGC4561,Galaxy,12.60228,19.3229,12.6,1.3
NGC4562,NGC4562,Galaxy,12.59300,25.8500,14.4,1.9
NGC4563,NGC4563,Galaxy,12.60358,26.9414,15.6,0.6
NGC4564,NGC4564,Galaxy,12.60749,11.4393,11.3,3.1
NGC4565,Needle Galaxy,Galaxy,12.60577,25.9877,10.9,16.8
NGC4565B,NGC4565B,Galaxy,12.59491,26.2222,15.1,0.8
NGC4565C,NGC4565C,Galaxy,12.59484,26.2858,16.4,1.0
NGC4566,NGC4566,Galaxy,12.60003,54.2210,13.2,1.1
NGC4567,Butterfly Galaxies,Galaxy,12.60909,11.2580,11.3,2.7
NGC4568,Butterfly Galaxies,Galaxy,12.60952,11.2389,10.8,4.3
NGC4570,NGC4570,Galaxy,12.61483,7.2466,11.1,3.9
NGC4571,NGC4571,Galaxy,12.61566,14.2174,11.3,3.6
NGC4572,NGC4572,Galaxy,12.59592,74.2456,14.8,1.5
NGC4573,NGC4573,Galaxy,12.62883,-43.6211,12.9,2.5
NGC4574,NGC4574,Galaxy,12.62875,-35.5176,13.0,1.8
NGC4575,NGC4575,Galaxy,12.63087,-40.5374,12.6,2.1
NGC4576,NGC4576,Galaxy,12.62599,4.3677,13.5,1.2
NGC4577,NGC4577,Galaxy,12.65346,6.0123,13.8,1.4
NGC4578,NGC4578,Galaxy,12.62516,9.5551,11.4,2.5
NGC4580,NGC4580,Galaxy,12.63011,5.3685,12.6,1.9
NGC4581,NGC4581,Galaxy,12.63477,1.4778,12.4,1.6
NGC4582,NGC4582,Star,12.63617,0.1827,14.3,
NGC4583,NGC4583,Galaxy,12.63459,33.4588,14.5,1.5
NGC4584,NGC4584,Galaxy,12.63830,13.1099,13.8,1.6
NGC4585,NGC4585,Galaxy,12.63702,28.9370,14.2,0.8
NGC4586,NGC4586,Galaxy,12.64122,4.3191,11.6,3.4
NGC4587,NGC4587,Galaxy,12.64317,2.6573,13.8,1.3
NGC4588,NGC4588,Galaxy,12.64595,6.7682,15.0,1.2
NGC4589,NGC4589,Galaxy,12.62361,74.1919,10.7,2.9
NGC4592,NGC4592,Galaxy,12.65521,-0.5320,11.9,4.1
NGC4593,NGC4593,Galaxy,12.66095,-5.3442,11.4,2.4
NGC4595,NGC4595,Galaxy,12.66442,15.2978,12.9,1.5
NGC4596,NGC4596,Galaxy,12.66554,10.1761,10.5,3.9
NGC4597,NGC4597,Galaxy,12.67026,-5.7993,12.9,3.5
NGC4598,NGC4598,Galaxy,12.66998,8.3837,13.5,1.5
NGC4599,NGC4599,Galaxy,12.67419,1.1969,13.5,1.7
NGC4600,NGC4600,Galaxy,12.67304,3.1178,13.3,1.4
NGC4601,NGC4601,Galaxy,12.67965,-40.8931,13.9,1.8
NGC4602,NGC4602,Galaxy,12.67690,-5.1330,11.8,1.3
NGC4603,NGC4603,Galaxy,12.68200,-40.9764,11.7,2.6
NGC4603A,NGC4603A,Galaxy,12.66026,-40.7400,14.3,1.8
NGC4603B,NGC4603B,Galaxy,12.67493,-41.0698,15.4,1.3
NGC4603C,NGC4603C,Galaxy,12.67864,-40.7634,14.2,1.8
NGC4603D,NGC4603D,Galaxy,12.70225,-40.8209,13.2,1.6
NGC4604,NGC4604,Galaxy,12.67918,-5.3029,14.4,1.1
NGC4605,NGC4605,Galaxy,12.66649,61.6092,10.3,5.9
NGC4606,NGC4606,Galaxy,12.68265,11.9122,11.9,2.5
NGC4607,NGC4607,Galaxy,12.68678,11.8866,12.8,2.9
NGC4608,NGC4608,Galaxy,12.68703,10.1557,11.1,2.9
NGC4609,Coalsack Cluster,Open Cluster,12.70467,-62.9958,6.9,5.4
NGC4611,NGC4611,Galaxy,12.69040,13.7295,15.0,1.2
NGC4612,NGC4612,Galaxy,12.69243,7.3149,12.1,2.6
NGC4613,NGC4613,Galaxy,12.69138,26.0886,15.4,0.5
NGC4614,NGC4614,Galaxy,12.69208,26.0427,14.3,1.0
NGC4615,NGC4615,Galaxy,12.69370,26.0728,13.9,1.5
NGC4616,NGC4616,Galaxy,12.70457,-40.6421,13.3,1.3
NGC4617,NGC4617,Galaxy,12.68496,50.3934,14.1,2.8
NGC4618,NGC4618,Galaxy,12.69246,41.1508,10.8,3.6
NGC4619,NGC4619,Galaxy,12.69571,35.0628,13.5,1.4
NGC4620,NGC4620,Galaxy,12.69982,12.9428,13.4,1.6
NGC4622,NGC4622,Galaxy,12.71045,-40.7442,13.0,1.8
NGC4622A,NGC4622A,Galaxy,12.73031,-40.7146,14.7,0.7
NGC4622B,NGC4622B,Galaxy,12.73072,-40.7175,15.3,1.1
NGC4623,NGC4623,Galaxy,12.70297,7.6769,13.1,2.2
NGC4625,NGC4625,Galaxy,12.69798,41.2740,12.5,1.4
NGC4626,NGC4626,Galaxy,12.70703,-7.0443,13.7,1.6
NGC4627,NGC4627,Galaxy,12.69991,32.5736,12.5,2.4
NGC4628,NGC4628,Galaxy,12.70702,-6.9710,14.5,1.6
NGC4629,NGC4629,Galaxy,12.70907,-1.3507,13.9,1.0
NGC4630,NGC4630,Galaxy,12.70865,3.9603,13.0,1.7
NGC4631,Whale Galaxy,Galaxy,12.70222,32.5415,9.2,14.4
NGC4632,NGC4632,Galaxy,12.70890,-0.0826,11.9,2.6
NGC4633,NGC4633,Galaxy,12.71038,14.3572,13.1,1.8
NGC4634,NGC4634,Galaxy,12.71138,14.2958,12.3,2.5
NGC4635,NGC4635,Galaxy,12.71090,19.9453,13.0,1.9
NGC4636,NGC4636,Galaxy,12.71384,2.6878,10.0,6.3
NGC4637,NGC4637,Galaxy,12.71503,11.4383,14.9,1.3
NGC4638,NGC4638,Galaxy,12.71317,11.4425,11.1,2.3
NGC4639,NGC4639,Galaxy,12.71455,13.2574,11.6,2.9
NGC4640,NGC4640,Galaxy,12.71605,12.2870,14.2,1.6
NGC4641,NGC4641,Galaxy,12.71879,12.0512,13.7,1.3
NGC4642,NGC4642,Galaxy,12.72161,-0.6442,13.8,1.6
NGC4643,NGC4643,Galaxy,12.72226,1.9783,10.7,2.2
NGC4644,NGC4644,Galaxy,12.71185,55.1455,13.8,1.5
NGC4645,NGC4645,Galaxy,12.73611,-41.7499,11.8,2.0
NGC4645A,NGC4645A,Galaxy,12.71821,-41.3589,12.4,3.0
NGC4645B,NGC4645B,Galaxy,12.72533,-41.3625,13.0,2.2
NGC4646,NGC4646,Galaxy,12.71448,54.8560,13.3,0.6
NGC4647,NGC4647,Galaxy,12.72564,11.5819,11.6,2.8
NGC4648,NGC4648,Galaxy,12.69566,74.4209,12.0,1.4
NGC4650,NGC4650,Galaxy,12.73877,-40.7318,11.8,3.0
NGC4650A,NGC4650A,Galaxy,12.74696,-40.7143,13.6,1.5
NGC4651,Umbrella Galaxy,Galaxy,12.72851,16.3934,10.8,3.9
NGC4652,NGC4652,Galaxy,12.72215,58.9649,15.3,1.1
NGC4653,NGC4653,Galaxy,12.73081,-0.5612,12.4,2.3
NGC4654,NGC4654,Galaxy,12.73238,13.1267,10.5,4.7
NGC4655,NGC4655,Galaxy,12.72680,41.0185,14.8,0.9
NGC4656,NGC4656,Galaxy Pair,12.73270,32.1681,,8.0
NGC4657,NGC4657,Galaxy,12.73531,32.2088,14.5,1.9
NGC4658,NGC4658,Galaxy,12.74383,-10.0831,12.4,1.4
NGC4659,NGC4659,Galaxy,12.74150,13.4986,13.0,1.8
NGC4660,NGC4660,Galaxy,12.74222,11.1905,11.3,2.1
NGC4661,NGC4661,Galaxy,12.75415,-40.8243,14.7,1.2
NGC4662,NGC4662,Galaxy,12.74061,37.1212,12.8,1.8
NGC4663,NGC4663,Galaxy,12.74640,-10.1978,14.0,1.1
NGC4664,NGC4664,Galaxy,12.75166,3.0558,10.5,4.5
NGC4666,NGC4666,Galaxy,12.75239,-0.4619,10.8,5.0
NGC4668,NGC4668,Galaxy,12.75889,-0.5357,13.1,1.6
NGC4669,NGC4669,Galaxy,12.74632,54.8757,13.2,1.5
NGC4670,NGC4670,Galaxy,12.75474,27.1254,12.8,1.0
NGC4671,NGC4671,Galaxy,12.76323,-7.0697,13.5,1.7
NGC4672,NGC4672,Galaxy,12.77104,-41.7060,14.2,2.1
NGC4673,NGC4673,Galaxy,12.75963,27.0608,14.8,1.1
NGC4674,NGC4674,Galaxy,12.76763,-8.6554,14.0,1.8
NGC4675,NGC4675,Galaxy,12.75886,54.7376,14.8,1.3
NGC4676,Mice Galaxy,Galaxy Pair,12.76964,30.7272,,3.0
NGC4676A,NGC4676A,Galaxy,12.76948,30.7319,14.5,2.2
NGC4676B,NGC4676B,Galaxy,12.76979,30.7227,14.3,1.0
NGC4677,NGC4677,Galaxy,12.78254,-41.5825,12.8,1.5
NGC4678,NGC4678,Galaxy,12.82829,-4.5797,14.3,1.0
NGC4679,NGC4679,Galaxy,12.79174,-39.5709,13.5,2.4
NGC4680,NGC4680,Galaxy,12.78186,-11.6371,13.2,1.4
NGC4681,NGC4681,Galaxy,12.79134,-43.3348,13.4,1.4
NGC4682,NGC4682,Galaxy,12.78764,-10.0634,13.1,2.6
NGC4683,NGC4683,Galaxy,12.79510,-41.5283,12.8,1.4
NGC4684,NGC4684,Galaxy,12.78820,-2.7274,11.6,3.0
NGC4685,NGC4685,Galaxy,12.78651,19.4644,13.6,1.6
NGC4686,NGC4686,Galaxy,12.77774,54.5343,12.6,1.9
NGC4687,NGC4687,Galaxy,12.78994,35.3521,13.0,1.0
NGC4688,NGC4688,Galaxy,12.79626,4.3361,12.9,3.7
NGC4689,NGC4689,Galaxy,12.79599,13.7628,10.9,3.8
NGC4690,NGC4690,Galaxy,12.79876,-1.6561,13.6,1.6
NGC4691,NGC4691,Galaxy,12.80379,-3.3327,11.0,3.0
NGC4692,NGC4692,Galaxy,12.79870,27.2224,12.7,1.0
NGC4693,NGC4693,Galaxy,12.78588,71.1761,13.9,1.0
NGC4694,NGC4694,Galaxy,12.80419,10.9836,12.5,2.0
NGC4695,NGC4695,Galaxy,12.79225,54.3748,13.4,1.1
NGC4696,NGC4696,Galaxy,12.81368,-41.3108,10.3,3.9
NGC4696A,NGC4696A,Galaxy,12.78212,-41.4967,14.6,1.7
NGC4696B,NGC4696B,Galaxy,12.78938,-41.2375,12.7,1.3
NGC4696C,NGC4696C,Galaxy,12.80074,-40.8186,14.7,2.3
NGC4696D,NGC4696D,Galaxy,12.80602,-41.7140,14.0,1.4
NGC4696E,NGC4696E,Galaxy,12.80726,-40.9365,14.6,1.4
NGC4697,NGC4697,Galaxy,12.80997,-5.8007,9.4,7.1
NGC4698,NGC4698,Galaxy,12.80636,8.4874,10.7,3.8
NGC4699,NGC4699,Galaxy,12.81729,-8.6649,9.5,4.0
NGC4700,NGC4700,Galaxy,12.81893,-11.4099,12.2,2.7
NGC4701,NGC4701,Galaxy,12.81989,3.3887,12.4,1.7
NGC4702,NGC4702,Galaxy,12.81708,27.1791,16.0,0.6
NGC4703,NGC4703,Galaxy,12.82194,-9.1084,13.6,1.7
NGC4704,NGC4704,Galaxy,12.81290,41.9213,13.7,1.0
NGC4705,NGC4705,Galaxy,12.82360,-5.1959,12.6,3.6
NGC4706,NGC4706,Galaxy,12.83171,-41.2796,12.9,1.5
NGC4707,NGC4707,Galaxy,12.80635,51.1647,13.0,2.2
NGC4708,NGC4708,Galaxy,12.82819,-11.0930,13.9,1.2
NGC4709,NGC4709,Galaxy,12.83441,-41.3820,11.1,3.1
NGC4710,NGC4710,Galaxy,12.82745,15.1654,10.7,4.4
NGC4711,NGC4711,Galaxy,12.81274,35.3327,14.3,1.2
NGC4712,NGC4712,Galaxy,12.82617,25.4699,13.0,1.6
NGC4713,NGC4713,Galaxy,12.83274,5.3114,11.7,1.7
NGC4714,NGC4714,Galaxy,12.83868,-13.3243,14.2,2.0
NGC4715,NGC4715,Galaxy,12.83274,27.8224,15.1,1.3
NGC4716,NGC4716,Galaxy,12.84253,-9.4511,13.7,1.1
NGC4717,NGC4717,Galaxy,12.84289,-9.4630,14.1,1.6
NGC4718,NGC4718,Galaxy,12.84240,-5.2819,14.3,2.0
NGC4719,NGC4719,Galaxy,12.83576,33.1591,14.0,1.4
NGC4720,NGC4720,Galaxy,12.84522,-4.1558,14.2,1.2
NGC4721,NGC4721,Galaxy,12.83887,27.3240,15.1,0.8
NGC4722,NGC4722,Galaxy,12.85900,-13.3300,13.7,2.0
NGC4723,NGC4723,Galaxy,12.85081,-13.2366,15.4,1.0
NGC4724,NGC4724,Galaxy,12.84829,-14.3319,13.7,0.9
NGC4725,NGC4725,Galaxy,12.84072,25.5008,9.4,9.7
NGC4726,NGC4726,Galaxy,12.84613,-14.2686,15.5,1.1
NGC4727,NGC4727,Galaxy,12.84923,-14.3329,12.2,2.7
NGC4728,NGC4728,Galaxy,12.84113,27.4349,15.3,0.8
NGC4729,NGC4729,Galaxy,12.86286,-41.1323,12.5,2.0
NGC4730,NGC4730,Galaxy,12.86680,-41.1473,14.0,1.3
NGC4731,NGC4731,Galaxy,12.85030,-6.3931,11.4,6.3
NGC4732,NGC4732,Galaxy,12.83531,52.8501,14.9,1.2
NGC4733,NGC4733,Galaxy,12.85188,10.9121,11.8,2.0
NGC4734,NGC4734,Galaxy,12.85358,4.8591,14.3,1.0
NGC4735,NGC4735,Galaxy,12.85048,28.9280,14.6,0.7
NGC4737,NGC4737,Galaxy,12.84804,34.1569,14.8,1.4
NGC4738,NGC4738,Galaxy,12.85247,28.7881,13.4,1.8
NGC4739,NGC4739,Galaxy,12.86030,-8.4102,14.2,1.5
NGC4741,NGC4741,Galaxy,12.84987,47.6716,14.4,1.2
NGC4742,NGC4742,Galaxy,12.86334,-10.4547,11.2,2.1
NGC4743,NGC4743,Galaxy,12.87111,-41.3907,13.3,1.7
NGC4744,NGC4744,Galaxy,12.87211,-41.0600,12.6,2.5
NGC4745,NGC4745,Galaxy,12.85727,27.4213,15.2,0.6
NGC4746,NGC4746,Galaxy,12.86538,12.0830,13.3,2.0
NGC4747,NGC4747,Galaxy,12.86276,25.7771,12.4,2.1
NGC4748,NGC4748,Galaxy,12.87013,-13.4147,14.0,1.3
NGC4749,NGC4749,Galaxy,12.85332,71.6367,14.1,1.6
NGC4750,NGC4750,Galaxy,12.83535,72.8746,12.1,2.4
NGC4751,NGC4751,Galaxy,12.88077,-42.6599,13.0,1.7
NGC4752,NGC4752,Galaxy,12.85807,13.7818,15.3,0.9
NGC4753,NGC4753,Galaxy,12.87281,-1.1997,9.7,6.5
NGC4754,NGC4754,Galaxy,12.87153,11.3139,10.5,4.2
NGC4755,Herschel's Jewel Box,Open Cluster,12.89363,-60.3563,,7.8
NGC4756,NGC4756,Galaxy,12.88129,-15.4133,12.2,2.3
NGC4757,NGC4757,Galaxy,12.88058,-10.3102,14.5,0.8
NGC4758,NGC4758,Galaxy,12.87890,15.8485,13.4,2.8
NGC4759,NGC4759,Galaxy Pair,12.88478,-9.2022,,1.6
NGC4760,NGC4760,Galaxy,12.88534,-10.4942,11.6,2.6
NGC4761,NGC4761,Galaxy,12.88606,-9.1978,14.8,1.6
NGC4762,NGC4762,Galaxy,12.88224,11.2308,10.2,8.3
NGC4763,NGC4763,Galaxy,12.89089,-17.0055,12.5,1.9
NGC4764,NGC4764,Galaxy,12.88518,-9.2576,16.0,0.5
NGC4765,NGC4765,Galaxy,12.88734,4.4631,13.0,1.2
NGC4766,NGC4766,Galaxy,12.88560,-10.3782,15.3,1.0
NGC4767,NGC4767,Galaxy,12.89804,-39.7143,11.5,2.8
NGC4767A,NGC4767A,Galaxy,12.88374,-39.8353,16.4,0.6
NGC4767B,NGC4767B,Galaxy,12.91251,-39.8523,13.9,1.5
NGC4768,NGC4768,Star,12.88812,-9.5314,,
NGC4769,NGC4769,Double Star,12.88836,-9.5360,,
NGC4770,NGC4770,Galaxy,12.89226,-9.5415,13.8,1.7
NGC4771,NGC4771,Galaxy,12.88923,1.2691,12.7,3.1
NGC4772,NGC4772,Galaxy,12.89143,2.1684,11.3,4.1
NGC4773,NGC4773,Galaxy,12.89334,-8.6387,13.7,0.8
NGC4774,NGC4774,Galaxy Pair,12.88506,36.8228,,1.2
NGC4775,NGC4775,Galaxy,12.89603,-6.6222,11.6,2.2
NGC4776,NGC4776,Galaxy,12.88457,-9.1999,14.0,2.0
NGC4777,NGC4777,Galaxy,12.89959,-8.7757,14.0,1.8
NGC4778,NGC4778,Galaxy,12.88495,-9.2038,13.5,2.7
NGC4779,NGC4779,Galaxy,12.89746,9.7101,13.1,1.9
NGC4780,NGC4780,Galaxy,12.90145,-8.6211,13.5,2.0
NGC4780A,NGC4780A,Galaxy,12.90084,-8.6538,16.0,0.7
NGC4781,NGC4781,Galaxy,12.90660,-10.5372,11.4,3.7
NGC4782,NGC4782,Galaxy,12.90992,-12.5686,12.8,1.5
NGC4783,NGC4783,Galaxy,12.91016,-12.5578,12.8,1.4
NGC4784,NGC4784,Galaxy,12.91028,-10.6131,14.3,1.7
NGC4785,NGC4785,Galaxy,12.89092,-48.7492,12.1,2.0
NGC4786,NGC4786,Galaxy,12.90901,-6.8594,11.7,2.0
NGC4787,NGC4787,Galaxy,12.90153,27.0686,15.4,1.0
NGC4788,NGC4788,Galaxy,12.90445,27.3037,15.2,0.9
NGC4789,NGC4789,Galaxy,12.90528,27.0680,12.1,1.7
NGC4789A,NGC4789A,Galaxy,12.90146,27.1496,13.9,1.9
NGC4790,NGC4790,Galaxy,12.91443,-10.2478,12.4,1.7
NGC4791,NGC4791,Galaxy,12.91221,8.0531,14.9,1.1
NGC4792,NGC4792,Galaxy,12.91769,-12.4972,15.0,0.8
NGC4793,NGC4793,Galaxy,12.91128,28.9387,11.6,1.8
NGC4794,NGC4794,Galaxy,12.91958,-12.6085,13.0,1.1
NGC4795,NGC4795,Galaxy,12.91746,8.0655,12.8,2.2
NGC4796,NGC4796,Galaxy,12.91797,8.0662,15.3,1.8
NGC4797,NGC4797,Galaxy,12.91533,27.4127,13.2,1.1
NGC4799,NGC4799,Galaxy,12.92098,2.8966,13.8,1.4
NGC4800,NGC4800,Galaxy,12.91050,46.5312,12.3,1.6
NGC4801,NGC4801,Galaxy,12.91049,53.0900,15.2,1.4
NGC4802,NGC4802,Galaxy,12.93046,-12.0553,11.3,2.6
NGC4803,NGC4803,Galaxy,12.92602,8.2404,14.9,0.8
NGC4805,NGC4805,Star,12.92340,27.9813,,
NGC4806,NGC4806,Galaxy,12.93678,-29.5029,13.4,1.4
NGC4807,NGC4807,Galaxy,12.92475,27.5214,13.5,0.9
NGC4808,NGC4808,Galaxy,12.93026,4.3041,11.8,2.4
NGC4809,NGC4809,Galaxy,12.91418,2.6541,13.8,1.6
NGC4810,NGC4810,Galaxy,12.91422,2.6403,14.7,0.9
NGC4811,NGC4811,Galaxy,12.94788,-41.7972,14.5,1.3
NGC4812,NGC4812,Galaxy,12.94797,-41.8133,14.2,1.5
NGC4813,NGC4813,Galaxy,12.94337,-6.8178,14.2,1.6
NGC4814,NGC4814,Galaxy,12.92276,58.3441,12.0,2.8
NGC4815,NGC4815,Open Cluster,12.96621,-64.9618,8.6,3.9
NGC4816,NGC4816,Galaxy,12.93671,27.7455,12.7,1.4
NGC4817,NGC4817,Galaxy,12.94162,27.9400,15.8,0.7
NGC4818,NGC4818,Galaxy,12.94692,-8.5253,11.3,4.3
NGC4819,NGC4819,Galaxy,12.94107,26.9873,13.2,1.0
NGC4820,NGC4820,Galaxy,12.95016,-13.7193,14.9,1.2
NGC4821,NGC4821,Galaxy,12.94143,26.9570,15.0,0.6
NGC4822,NGC4822,Galaxy,12.95104,-10.7618,14.4,1.4
NGC4823,NGC4823,Galaxy,12.95712,-13.6987,16.0,0.8
NGC4824,NGC4824,Star,12.94344,27.4326,,
NGC4825,NGC4825,Galaxy,12.95340,-13.6648,11.6,2.7
NGC4827,NGC4827,Galaxy,12.94543,27.1786,12.9,1.2
NGC4828,NGC4828,Galaxy,12.94524,28.0204,13.7,0.8
NGC4829,NGC4829,Galaxy,12.95680,-13.7375,16.2,0.6
NGC4830,NGC4830,Galaxy,12.95775,-19.6913,12.1,2.3
NGC4831,NGC4831,Galaxy,12.96019,-27.2921,13.5,1.6
NGC4832,NGC4832,Galaxy,12.96320,-39.7617,12.3,2.1
NGC4833,NGC4833,Globular Cluster,12.99304,-70.8746,7.8,8.4
NGC4834,NGC4834,Galaxy,12.94036,52.2959,15.1,1.1
NGC4835,NGC4835,Galaxy,12.96884,-46.2642,11.8,3.3
NGC4835A,NGC4835A,Galaxy,12.95365,-46.3747,14.1,3.0
NGC4836,NGC4836,Galaxy,12.95952,-12.7441,14.9,1.5
NGC4837,NGC4837,Galaxy Pair,12.94697,48.2986,,1.3
NGC4838,NGC4838,Galaxy,12.96560,-13.0601,14.0,1.8
NGC4839,NGC4839,Galaxy,12.95677,27.4978,12.1,2.7
NGC4840,NGC4840,Galaxy,12.95912,27.6103,13.7,0.7
NGC4841,NGC4841,Galaxy Pair,12.95914,28.4794,,2.0
NGC4841A,NGC4841A,Galaxy,12.95887,28.4769,13.8,1.4
NGC4841B,NGC4841B,Galaxy,12.95941,28.4822,13.7,1.0
NGC4842,NGC4842,Galaxy Pair,12.95997,27.4892,,1.0
NGC4842A,NGC4842A,Galaxy,12.95996,27.4932,15.2,0.6
NGC4842B,NGC4842B,Galaxy,12.96004,27.4848,16.1,0.4
NGC4843,NGC4843,Galaxy,12.96689,-3.6211,14.2,2.0
NGC4844,NGC4844,Star,12.96896,-13.0799,14.1,
NGC4845,NGC4845,Galaxy,12.96700,1.5758,11.0,5.5
NGC4846,NGC4846,Galaxy,12.96325,36.3707,14.5,1.2
NGC4847,NGC4847,Galaxy,12.97471,-13.1409,15.3,0.8
NGC4848,NGC4848,Galaxy,12.96823,28.2428,13.7,1.3
NGC4849,NGC4849,Galaxy,12.97019,26.3969,14.3,1.4
NGC4850,NGC4850,Galaxy,12.97273,27.9677,14.2,0.7
NGC4851,NGC4851,Galaxy,12.97270,28.1487,14.9,0.4
NGC4852,NGC4852,Open Cluster,13.00122,-59.6094,8.9,5.4
NGC4853,NGC4853,Galaxy,12.97644,27.5963,13.7,0.7
NGC4854,NGC4854,Galaxy,12.97983,27.6747,13.9,0.9
NGC4855,NGC4855,Galaxy,12.98846,-13.2310,14.3,1.7
NGC4856,NGC4856,Galaxy,12.98924,-15.0422,10.6,4.2
NGC4857,NGC4857,Galaxy,12.95509,70.2034,14.6,1.1
NGC4858,NGC4858,Galaxy,12.98390,28.1158,15.2,0.5
NGC4859,NGC4859,Galaxy,12.98384,26.8157,13.6,1.5
NGC4860,NGC4860,Galaxy,12.98442,28.1237,13.4,1.1
NGC4861,NGC4861,Galaxy,12.98398,34.8594,12.3,3.8
NGC4862,NGC4862,Galaxy,12.99189,-14.1323,15.3,1.1
NGC4863,NGC4863,Galaxy,12.99513,-14.0296,14.9,1.9
NGC4864,NGC4864,Galaxy,12.98697,27.9770,13.5,0.8
NGC4865,NGC4865,Galaxy,12.98885,28.0843,13.4,0.9
NGC4866,NGC4866,Galaxy,12.99087,14.1711,11.1,5.8
NGC4867,NGC4867,Galaxy,12.98757,27.9707,14.4,0.7
NGC4868,NGC4868,Galaxy,12.98581,37.3103,12.9,1.4
NGC4869,NGC4869,Galaxy,12.98982,27.9116,13.4,0.8
NGC4870,NGC4870,Galaxy,12.98827,37.0484,15.5,0.9
NGC4871,NGC4871,Galaxy,12.99166,27.9564,14.2,0.8
NGC4872,NGC4872,Galaxy,12.99279,27.9469,13.6,0.7
NGC4873,NGC4873,Galaxy,12.99244,27.9836,14.2,0.8
NGC4874,NGC4874,Galaxy,12.99325,27.9593,11.8,2.3
NGC4875,NGC4875,Galaxy,12.99386,27.9073,14.7,0.5
NGC4876,NGC4876,Galaxy,12.99567,27.9125,14.4,0.6
NGC4877,NGC4877,Galaxy,13.00732,-15.2834,13.1,2.4
NGC4878,NGC4878,Galaxy,13.00560,-6.1038,14.0,1.5
NGC4879,NGC4879,Star,13.00711,-6.1112,,
NGC4880,NGC4880,Galaxy,13.00294,12.4833,12.7,2.6
NGC4881,NGC4881,Galaxy,12.99933,28.2474,13.5,1.0
NGC4883,NGC4883,Galaxy,12.99889,28.0347,14.3,0.8
NGC4885,NGC4885,Galaxy,13.00941,-6.8531,14.9,0.8
NGC4886,NGC4886,Galaxy,13.00123,27.9876,13.8,0.8
NGC4887,NGC4887,Galaxy,13.01091,-14.6662,14.1,1.1
NGC4888,NGC4888,Galaxy,13.01007,-6.0752,14.3,1.6
NGC4889,NGC4889,Galaxy,13.00226,27.9770,11.4,2.6
NGC4890,NGC4890,Galaxy,13.01087,-4.6043,13.8,1.0
NGC4891,NGC4891,Star,13.01305,-13.4259,,
NGC4892,NGC4892,Galaxy,13.00098,26.8981,14.5,1.4
NGC4893,NGC4893,Galaxy,12.99989,37.1934,15.5,1.1
NGC4893A,NGC4893A,Galaxy,12.99996,37.1881,15.9,0.6
NGC4894,NGC4894,Galaxy,13.00459,27.9675,15.2,0.6
NGC4895,NGC4895,Galaxy,13.00498,28.2023,13.2,1.7
NGC4895A,NGC4895A,Galaxy,13.00253,28.1704,14.9,0.6
NGC4896,NGC4896,Galaxy,13.00855,28.3462,13.9,0.8
NGC4897,NGC4897,Galaxy,13.01471,-13.4498,12.5,2.6
NGC4898,NGC4898,Galaxy Pair,13.00500,27.9572,,0.8
NGC4898A,NGC4898A,Galaxy,13.00491,27.9554,14.6,0.7
NGC4898B,NGC4898B,Galaxy,13.00502,27.9566,14.3,0.6
NGC4899,NGC4899,Galaxy,13.01573,-13.9442,12.3,2.0
NGC4900,NGC4900,Galaxy,13.01086,2.5014,11.4,2.1
NGC4901,NGC4901,Galaxy,12.99900,47.2056,15.2,1.1
NGC4902,NGC4902,Galaxy,13.01659,-14.5136,11.3,2.6
NGC4903,NGC4903,Galaxy,13.02299,-30.9350,12.5,1.7
NGC4904,NGC4904,Galaxy,13.01629,-0.0276,12.0,2.0
NGC4905,NGC4905,Galaxy,13.02519,-30.8683,14.3,1.6
NGC4906,NGC4906,Galaxy,13.01105,27.9239,14.1,0.7
NGC4907,NGC4907,Galaxy,13.01356,28.1583,13.7,1.0
NGC4908,NGC4908,Galaxy,13.01513,28.0076,13.2,1.2
NGC4909,NGC4909,Galaxy,13.03385,-42.7714,12.8,2.0
NGC4911,NGC4911,Galaxy,13.01558,27.7908,12.9,1.2
NGC4912,NGC4912,Galaxy,13.02600,29.1306,13.8,1.1
NGC4913,NGC4913,Galaxy,13.02871,29.0447,13.8,1.4
NGC4914,NGC4914,Galaxy,13.01193,37.3153,11.6,2.7
NGC4915,NGC4915,Galaxy,13.02451,-4.5465,12.0,1.6
NGC4916,NGC4916,Galaxy,13.03450,29.2534,13.9,1.0
NGC4917,NGC4917,Galaxy,13.01544,47.2221,14.9,1.3
NGC4918,NGC4918,Galaxy,13.03073,-4.5006,15.1,0.9
NGC4919,NGC4919,Galaxy,13.02155,27.8091,14.0,1.1
NGC4920,NGC4920,Galaxy,13.03449,-11.3784,14.2,1.1
NGC4921,NGC4921,Galaxy,13.02393,27.8859,12.6,2.0
NGC4922,NGC4922,Galaxy Pair,13.02358,29.3111,,1.1
NGC4923,NGC4923,Galaxy,13.02550,27.8475,13.7,0.7
NGC4924,NGC4924,Galaxy,13.03690,-14.9698,13.9,1.8
NGC4925,NGC4925,Galaxy,13.03539,-7.7108,14.3,1.2
NGC4926,NGC4926,Galaxy,13.03159,27.6244,13.0,1.2
NGC4926A,NGC4926A,Galaxy,13.03552,27.6483,15.4,0.6
NGC4927,NGC4927,Galaxy,13.03267,28.0059,14.8,1.0
NGC4928,NGC4928,Galaxy,13.05016,-8.0850,12.9,1.1
NGC4929,NGC4929,Galaxy,13.04567,28.0454,14.9,0.8
NGC4930,NGC4930,Galaxy,13.06813,-41.4116,11.4,3.5
NGC4931,NGC4931,Galaxy,13.05024,28.0325,13.4,1.6
NGC4932,NGC4932,Galaxy,13.04381,50.4384,14.6,1.4
NGC4933,NGC4933,Galaxy Triplet,13.06608,-11.4978,,3.5
NGC4933A,NGC4933A,Galaxy,13.06520,-11.5051,14.0,0.7
NGC4933B,NGC4933B,Galaxy,13.06576,-11.4981,11.7,4.4
NGC4933C,NGC4933C,Galaxy,13.06697,-11.4906,15.9,0.7
NGC4934,NGC4934,Galaxy,13.05451,28.0304,14.3,1.0
NGC4935,NGC4935,Galaxy,13.05590,14.3775,14.0,1.1
NGC4936,NGC4936,Galaxy,13.07136,-30.5262,10.7,2.9
NGC4937,NGC4937,Star Association,13.08099,-47.2194,,
NGC4938,NGC4938,Galaxy,13.04933,51.3185,15.1,0.9
NGC4939,NGC4939,Galaxy,13.07066,-10.3396,11.9,5.7
NGC4940,NGC4940,Galaxy,13.08340,-47.2369,13.2,1.1
NGC4941,NGC4941,Galaxy,13.07032,-5.5516,11.3,3.3
NGC4942,NGC4942,Galaxy,13.07198,-7.6494,13.8,1.7
NGC4943,NGC4943,Galaxy,13.06248,28.0842,15.5,0.8
NGC4944,NGC4944,Galaxy,13.06388,28.1857,12.9,1.4
NGC4945,NGC4945,Galaxy,13.09097,-49.4682,11.9,23.3
NGC4945A,NGC4945A,Galaxy,13.10937,-49.6906,13.3,2.6
NGC4946,NGC4946,Galaxy,13.09149,-43.5911,12.3,2.0
NGC4947,NGC4947,Galaxy,13.08894,-35.3374,12.2,2.6
NGC4947A,NGC4947A,Galaxy,13.07245,-35.2278,15.0,1.3
NGC4948,NGC4948,Galaxy,13.08221,-7.9477,13.4,2.3
NGC4948A,NGC4948A,Galaxy,13.08494,-8.1613,13.5,1.4
NGC4949,NGC4949,Galaxy,13.07164,29.0295,15.0,0.7
NGC4950,NGC4950,Galaxy,13.09348,-43.5005,14.9,0.9
NGC4951,NGC4951,Galaxy,13.08547,-6.4938,11.8,3.1
NGC4952,NGC4952,Galaxy,13.08288,29.1223,13.0,1.6
NGC4953,NGC4953,Galaxy,13.10291,-37.5858,14.2,1.8
NGC4954,NGC4954,Galaxy,13.03885,75.4042,14.2,1.0
NGC4955,NGC4955,Galaxy,13.10134,-29.7543,12.2,2.3
NGC4956,NGC4956,Galaxy,13.08359,35.1780,12.4,1.6
NGC4957,NGC4957,Galaxy,13.08678,27.5697,13.0,1.2
NGC4958,NGC4958,Galaxy,13.09691,-8.0203,10.6,4.8
NGC4959,NGC4959,Galaxy,13.09473,33.1789,15.3,0.7
NGC4961,NGC4961,Galaxy,13.09655,27.7341,13.5,1.1
NGC4963,NGC4963,Galaxy,13.09776,41.7219,14.1,0.9
NGC4964,NGC4964,Galaxy,13.09024,56.3228,14.0,1.1
NGC4965,NGC4965,Galaxy,13.11927,-28.2282,12.4,2.5
NGC4966,NGC4966,Galaxy,13.10481,29.0629,13.3,1.0
NGC4967,NGC4967,Galaxy,13.09345,53.5643,14.9,1.1
NGC4968,NGC4968,Galaxy,13.11833,-23.6770,14.8,2.3
NGC4969,NGC4969,Galaxy Pair,13.11750,13.6369,,0.8
NGC4970,NGC4970,Galaxy,13.12604,-24.0086,13.3,1.8
NGC4971,NGC4971,Galaxy,13.11527,28.5480,15.0,0.8
NGC4973,NGC4973,Galaxy,13.09226,53.6851,14.6,1.0
NGC4974,NGC4974,Galaxy,13.09886,53.6593,13.3,1.6
NGC4975,NGC4975,Galaxy,13.13061,-5.0175,15.0,1.0
NGC4976,NGC4976,Galaxy,13.14376,-49.5064,10.1,5.8
NGC4977,NGC4977,Galaxy,13.10123,55.6561,14.5,1.1
NGC4978,NGC4978,Galaxy,13.13070,18.4155,14.3,1.5
NGC4979,NGC4979,Galaxy,13.12856,24.8106,15.1,0.9
NGC4980,NGC4980,Galaxy,13.15280,-28.6418,13.6,1.8
NGC4981,NGC4981,Galaxy,13.14687,-6.7775,11.4,2.7
NGC4982,NGC4982,Other,13.14615,-10.5887,,
NGC4983,NGC4983,Galaxy,13.14091,28.3205,13.9,1.0
NGC4984,NGC4984,Galaxy,13.14923,-15.5163,11.0,3.4
NGC4985,NGC4985,Galaxy,13.13669,41.6763,14.8,1.1
NGC4986,NGC4986,Galaxy,13.14013,35.2064,14.1,1.6
NGC4987,NGC4987,Galaxy,13.13307,51.9293,14.4,1.2
NGC4988,NGC4988,Galaxy,13.16511,-43.1057,13.9,1.9
NGC4989,NGC4989,Galaxy,13.15446,-5.3964,14.3,1.4
NGC4990,Cocoon Galaxy,Galaxy,13.15480,-5.2728,13.8,0.9
NGC4991,NGC4991,Galaxy,13.15420,2.3477,15.4,0.6
NGC4992,NGC4992,Galaxy,13.15156,11.6342,14.5,1.1
NGC4993,NGC4993,Galaxy,13.16325,-23.3839,13.4,1.6
NGC4995,NGC4995,Galaxy,13.16129,-7.8334,11.1,2.4
NGC4996,NGC4996,Galaxy,13.15886,0.8570,14.3,1.8
NGC4997,NGC4997,Galaxy,13.16436,-16.5155,14.0,1.6
NGC4998,NGC4998,Galaxy,13.13616,50.6638,14.9,1.0
NGC4999,NGC4999,Galaxy,13.15920,1.6731,13.1,2.5
NGC5000,NGC5000,Galaxy,13.16319,28.9069,13.3,1.3
NGC5001,NGC5001,Galaxy,13.15920,53.4943,14.6,1.1
NGC5002,NGC5002,Galaxy,13.17722,36.6339,14.7,1.4
NGC5003,NGC5003,Galaxy,13.14386,43.7375,15.0,1.0
NGC5004,NGC5004,Galaxy,13.18376,29.6367,13.2,1.3
NGC5004A,NGC5004A,Galaxy,13.18381,29.5783,14.4,1.2
NGC5004B,NGC5004B,Galaxy,13.17990,29.7099,14.7,0.8
NGC5005,NGC5005,Galaxy,13.18229,37.0592,10.7,4.8
NGC5006,NGC5006,Galaxy,13.19605,-19.2617,13.4,2.1
NGC5007,NGC5007,Galaxy,13.15400,62.1750,14.2,0.9
NGC5008,NGC5008,Galaxy,14.18257,25.4972,14.4,1.1
NGC5009,NGC5009,Galaxy,13.17973,50.0929,15.3,1.1
NGC5010,NGC5010,Galaxy,13.20732,-15.7979,14.4,1.0
NGC5011,NGC5011,Galaxy,13.21441,-43.0962,11.4,2.9
NGC5011A,NGC5011A,Galaxy,13.20270,-43.3079,14.4,1.6
NGC5012,NGC5012,Galaxy,13.19362,22.9155,12.4,2.6
NGC5013,NGC5013,Galaxy,13.20204,3.1991,14.9,0.7
NGC5014,NGC5014,Galaxy,13.19201,36.2821,12.8,2.1
NGC5015,NGC5015,Galaxy,13.20636,-4.3365,13.2,2.0
NGC5016,NGC5016,Galaxy,13.20186,24.0950,12.6,1.6
NGC5017,NGC5017,Galaxy,13.21514,-16.7658,12.6,1.5
NGC5018,NGC5018,Galaxy,13.21695,-19.5182,10.8,3.5
NGC5019,NGC5019,Galaxy,13.21177,4.7297,14.5,0.8
NGC5020,NGC5020,Galaxy,13.21107,12.5998,13.0,2.7
NGC5021,NGC5021,Galaxy,13.20174,46.1961,14.2,1.5
NGC5022,NGC5022,Galaxy,13.22522,-19.5466,13.8,2.5
NGC5023,NGC5023,Galaxy,13.20350,44.0412,12.3,6.2
NGC5025,NGC5025,Galaxy,13.21243,31.8094,14.5,2.1
NGC5026,NGC5026,Galaxy,13.23712,-42.9613,11.8,3.5
NGC5027,NGC5027,Galaxy,13.22250,6.0613,15.0,1.1
NGC5028,NGC5028,Galaxy,13.22941,-13.0425,14.2,2.1
NGC5029,NGC5029,Galaxy,13.21044,47.0633,14.2,1.5
NGC5030,NGC5030,Galaxy,13.23171,-16.4909,14.0,1.8
NGC5031,NGC5031,Galaxy,13.23423,-16.1231,14.2,1.9
NGC5032,NGC5032,Galaxy,13.22415,27.8024,12.8,1.9
NGC5033,NGC5033,Galaxy,13.22430,36.5939,10.7,9.8
NGC5034,NGC5034,Galaxy,13.20528,70.6494,14.1,0.9
NGC5035,NGC5035,Galaxy,13.24701,-16.4927,12.8,1.6
NGC5036,NGC5036,Galaxy,13.24523,-4.1786,15.3,0.7
NGC5037,NGC5037,Galaxy,13.24982,-16.5903,12.1,2.0
NGC5038,NGC5038,Galaxy,13.25059,-15.9518,14.2,1.8
NGC5039,NGC5039,Galaxy,13.24776,-4.1582,17.5,0.6
NGC5040,NGC5040,Galaxy,13.22573,51.2584,14.8,1.0
NGC5041,NGC5041,Galaxy,13.24235,30.7058,13.4,1.3
NGC5042,NGC5042,Galaxy,13.25862,-23.9841,11.8,4.2
NGC5043,NGC5043,Open Cluster,13.27074,-60.0455,,5.5
NGC5044,NGC5044,Galaxy,13.25666,-16.3855,10.8,3.7
NGC5045,NGC5045,Star Association,13.27972,-63.4167,,20.0
NGC5046,NGC5046,Galaxy,13.26253,-16.3268,14.1,1.0
NGC5047,NGC5047,Galaxy,13.26348,-16.5189,13.6,2.9
NGC5048,NGC5048,Galaxy,13.26899,-28.4105,14.0,1.6
NGC5049,NGC5049,Galaxy,13.26647,-16.3972,13.1,2.0
NGC5050,NGC5050,Galaxy,13.26159,2.8790,14.3,1.4
NGC5051,NGC5051,Galaxy,13.27225,-28.2857,14.0,1.6
NGC5052,NGC5052,Galaxy,13.25969,29.6761,13.6,1.4
NGC5053,NGC5053,Globular Cluster,13.27416,17.6977,10.0,4.8
NGC5054,NGC5054,Galaxy,13.28291,-16.6349,10.8,5.0
NGC5056,NGC5056,Galaxy,13.27009,30.9503,13.1,1.6
NGC5057,NGC5057,Galaxy,13.27438,31.0315,14.4,1.3
NGC5058,NGC5058,Galaxy,13.28120,12.5482,14.2,0.8
NGC5059,NGC5059,Galaxy,13.28291,7.8445,15.4,1.1
NGC5060,NGC5060,Galaxy,13.28784,6.0374,14.1,1.2
NGC5061,NGC5061,Galaxy,13.30141,-26.8372,10.3,3.8
NGC5062,NGC5062,Galaxy,13.30656,-35.4587,12.2,2.7
NGC5063,NGC5063,Galaxy,13.30714,-35.3525,13.3,2.0
NGC5064,NGC5064,Galaxy,13.31665,-47.9087,12.0,2.7
NGC5065,NGC5065,Galaxy,13.29184,31.0927,14.2,1.2
NGC5066,NGC5066,Galaxy,13.30790,-10.2339,14.2,0.8
NGC5067,NGC5067,Double Star,13.30771,-10.1453,,
NGC5068,NGC5068,Galaxy,13.31522,-21.0391,10.1,7.5
NGC5070,NGC5070,Galaxy,13.32016,-12.5399,14.5,1.2
NGC5071,NGC5071,Galaxy,13.31033,7.9355,15.5,0.8
NGC5073,NGC5073,Galaxy,13.32240,-14.8445,13.5,3.8
NGC5074,NGC5074,Galaxy,13.30716,31.4691,14.0,0.8
NGC5075,NGC5075,Galaxy,13.31840,7.8310,15.1,1.0
NGC5076,NGC5076,Galaxy,13.32511,-12.7409,13.8,1.4
NGC5077,NGC5077,Galaxy,13.32546,-12.6570,11.7,2.6
NGC5078,NGC5078,Galaxy,13.33055,-27.4104,10.6,2.6
NGC5079,NGC5079,Galaxy,13.32724,-12.6990,12.6,1.4
NGC5080,NGC5080,Galaxy,13.32201,8.4291,14.3,1.3
NGC5081,NGC5081,Galaxy,13.31896,28.5069,13.1,1.9
NGC5082,NGC5082,Galaxy,13.34445,-43.6999,13.8,1.7
NGC5083,NGC5083,Galaxy,13.31753,39.5893,15.1,1.1
NGC5084,NGC5084,Galaxy,13.33803,-21.8276,10.5,9.9
NGC5085,NGC5085,Galaxy,13.33826,-24.4401,12.6,4.1
NGC5086,NGC5086,Double Star,13.34984,-43.7335,,
NGC5087,NGC5087,Galaxy,13.34027,-20.6110,11.1,3.0
NGC5088,NGC5088,Galaxy,13.33896,-12.5718,13.2,1.9
NGC5089,NGC5089,Galaxy,13.32760,30.2566,14.3,0.9
NGC5090,NGC5090,Galaxy,13.35356,-43.7046,11.3,3.5
NGC5090A,NGC5090A,Galaxy,13.32253,-43.6494,14.4,1.9
NGC5090B,NGC5090B,Galaxy,13.33820,-43.8647,14.2,2.4
NGC5091,NGC5091,Galaxy,13.35492,-43.7197,13.3,2.1
NGC5092,NGC5092,Galaxy,13.33098,22.9999,14.4,1.0
NGC5093,NGC5093,Galaxy,13.32717,40.3861,14.5,1.1
NGC5094,NGC5094,Galaxy,13.34635,-14.0807,14.4,1.5
NGC5095,NGC5095,Galaxy,13.34358,-2.2893,14.5,1.3
NGC5096,NGC5096,Galaxy Triplet,13.33575,33.0894,,0.7
NGC5097,NGC5097,Galaxy,13.34991,-12.4712,14.9,0.5
NGC5098,NGC5098,Galaxy Pair,13.33783,33.1442,,1.6
NGC5099,NGC5099,Galaxy,13.35544,-13.0424,15.3,0.7
NGC5100,NGC5100,Galaxy Pair,13.34961,8.9819,,1.4
NGC5101,NGC5101,Galaxy,13.36284,-27.4305,10.5,5.9
NGC5102,NGC5102,Galaxy,13.36600,-36.6303,9.9,9.7
NGC5103,NGC5103,Galaxy,13.34169,43.0840,13.4,1.6
NGC5104,NGC5104,Galaxy,13.35641,0.3424,14.3,1.2
NGC5105,NGC5105,Galaxy,13.36364,-13.2068,11.8,1.9
NGC5106,NGC5106,Galaxy,13.34989,8.9783,14.9,0.9
NGC5107,NGC5107,Galaxy,13.35686,38.5376,13.8,1.7
NGC5108,NGC5108,Galaxy,13.38857,-32.3421,15.0,1.3
NGC5109,NGC5109,Galaxy,13.34788,57.6448,13.5,1.6
NGC5110,NGC5110,Galaxy,13.38237,-12.9648,13.6,2.6
NGC5112,NGC5112,Galaxy,13.36567,38.7347,12.2,3.0
NGC5114,NGC5114,Galaxy,13.40048,-32.3439,13.7,1.8
NGC5115,NGC5115,Galaxy,13.38344,13.9507,14.7,1.1
NGC5116,NGC5116,Galaxy,13.38211,26.9807,13.4,1.9
NGC5117,NGC5117,Galaxy,13.38236,28.3164,14.4,1.5
NGC5118,NGC5118,Galaxy,13.39096,6.3926,14.4,0.9
NGC5119,NGC5119,Galaxy,13.40009,-12.2764,14.3,1.5
NGC5120,NGC5120,Open Cluster,13.42761,-63.4583,10.8,
NGC5121,NGC5121,Galaxy,13.41267,-37.6822,11.6,2.2
NGC5121A,NGC5121A,Galaxy,13.42578,-37.3788,15.7,1.2
NGC5122,NGC5122,Galaxy,13.40415,-10.6543,13.9,1.1
NGC5123,NGC5123,Galaxy,13.38626,43.0862,13.5,1.2
NGC5124,NGC5124,Galaxy,13.41401,-30.3075,12.1,2.5
NGC5125,NGC5125,Galaxy,13.40020,9.7102,13.5,1.8
NGC5126,NGC5126,Galaxy,13.41489,-30.3336,14.2,1.9
NGC5127,NGC5127,Galaxy,13.39584,31.5658,13.6,2.2
NGC5128,Centaurus A,Galaxy,13.42434,-43.0191,7.2,25.9
NGC5129,NGC5129,Galaxy,13.40278,13.9765,12.1,1.6
NGC5130,NGC5130,Galaxy,13.40754,-10.2102,14.2,1.1
NGC5131,NGC5131,Galaxy,13.39915,30.9881,14.2,0.5
NGC5132,NGC5132,Galaxy,13.40803,14.0926,14.2,1.3
NGC5133,NGC5133,Galaxy,13.41470,-4.0820,14.5,1.1
NGC5134,NGC5134,Galaxy,13.42182,-21.1342,11.8,2.7
NGC5135,NGC5135,Galaxy,13.42891,-29.8337,12.6,2.4
NGC5136,NGC5136,Galaxy,13.41428,13.7379,14.5,1.3
NGC5137,NGC5137,Galaxy,13.41458,14.0772,15.6,0.8
NGC5138,NGC5138,Open Cluster,13.45422,-59.0409,5.3,4.2
NGC5139,Omega Centauri,Globular Cluster,13.44608,-47.4769,5.3,27.0
NGC5140,NGC5140,Galaxy,13.43937,-33.8685,13.0,2.4
NGC5141,NGC5141,Galaxy,13.41429,36.3785,12.8,1.6
NGC5142,NGC5142,Galaxy,13.41697,36.3995,13.2,1.2
NGC5143,NGC5143,Galaxy,13.41702,36.4372,15.9,0.5
NGC5144,NGC5144,Galaxy Pair,13.38158,70.5122,,1.1
NGC5145,NGC5145,Galaxy,13.42053,43.2673,13.5,2.0
NGC5146,NGC5146,Galaxy,13.44375,-12.3240,14.1,2.2
NGC5147,NGC5147,Galaxy,13.43881,2.1009,12.1,1.5
NGC5148,NGC5148,Galaxy,13.44411,2.3137,15.4,0.7
NGC5149,NGC5149,Galaxy,13.43588,35.9344,13.7,1.6
NGC5150,NGC5150,Galaxy,13.46015,-29.5623,12.6,1.4
NGC5151,NGC5151,Galaxy,13.44468,16.8738,14.6,0.9
NGC5152,NGC5152,Galaxy,13.46420,-29.6186,13.6,2.0
NGC5153,NGC5153,Galaxy,13.46509,-29.6180,11.9,2.4
NGC5154,NGC5154,Galaxy,13.44126,36.0103,14.7,1.4
NGC5155,NGC5155,Star Association,13.47641,-63.5087,,6.3
NGC5156,NGC5156,Galaxy,13.47891,-48.9168,11.9,2.5
NGC5157,NGC5157,Galaxy,13.45468,32.0307,14.1,1.3
NGC5158,NGC5158,Galaxy,13.46305,17.7788,13.8,1.0
NGC5159,NGC5159,Galaxy,13.47116,2.9827,15.1,1.2
NGC5160,NGC5160,Double Star,13.47267,5.9959,,
NGC5161,NGC5161,Galaxy,13.48720,-33.1738,11.5,5.4
NGC5162,NGC5162,Galaxy,13.49054,11.0079,13.6,3.0
NGC5163,NGC5163,Galaxy,13.44841,52.7535,14.8,1.1
NGC5164,NGC5164,Galaxy,13.45331,55.4872,14.5,1.0
NGC5165,NGC5165,Galaxy,13.47755,11.3871,14.6,1.6
NGC5166,NGC5166,Galaxy,13.47084,32.0324,14.3,2.1
NGC5167,NGC5167,Galaxy,13.47784,12.7112,14.6,1.0
NGC5168,NGC5168,Open Cluster,13.51813,-60.9392,9.1,4.2
NGC5169,NGC5169,Galaxy,13.46946,46.6721,14.6,1.5
NGC5170,NGC5170,Galaxy,13.49689,-17.9664,11.2,8.0
NGC5171,NGC5171,Galaxy,13.48932,11.7351,12.8,1.1
NGC5172,NGC5172,Galaxy,13.48870,17.0519,12.0,2.4
NGC5173,NGC5173,Galaxy,13.47369,46.5916,13.4,1.1
NGC5175,NGC5175,Star,13.49063,10.9951,,
NGC5176,NGC5176,Galaxy,13.49027,11.7815,15.4,0.4
NGC5177,NGC5177,Galaxy,13.49007,11.7970,15.3,0.9
NGC5178,NGC5178,Galaxy,13.49147,11.6248,14.8,1.0
NGC5179,NGC5179,Galaxy,13.49191,11.7458,14.7,1.1
NGC5180,NGC5180,Galaxy,13.49082,16.8258,13.0,1.2
NGC5181,NGC5181,Galaxy,13.49500,13.3041,14.5,1.0
NGC5182,NGC5182,Galaxy,13.51142,-28.1503,12.6,2.1
NGC5183,NGC5183,Galaxy,13.50171,-1.7206,13.7,1.7
NGC5184,NGC5184,Galaxy,13.50319,-1.6631,13.5,1.6
NGC5185,NGC5185,Galaxy,13.50062,13.4161,14.5,2.0
NGC5186,NGC5186,Galaxy,13.50108,12.1752,15.7,0.7
NGC5187,NGC5187,Galaxy,13.49672,31.1301,14.6,0.8
NGC5188,NGC5188,Galaxy,13.52452,-34.7944,12.0,3.4
NGC5189,NGC5189,Planetary Nebula,13.55914,-65.9741,10.3,2.3
NGC5190,NGC5190,Galaxy,13.51071,18.1346,13.1,1.0
NGC5191,NGC5191,Galaxy,13.51316,11.2007,14.8,1.0
NGC5192,NGC5192,Galaxy,13.51436,-1.7787,15.3,0.6
NGC5193,NGC5193,Galaxy,13.53154,-33.2342,11.7,2.1
NGC5193A,NGC5193A,Galaxy,13.53030,-33.2395,14.1,1.5
NGC5195,NGC5195,Galaxy,13.49989,47.2661,9.6,5.5
NGC5196,NGC5196,Galaxy,13.52213,-1.6151,15.2,0.9
NGC5197,NGC5197,Galaxy,13.52365,-1.6931,15.8,0.9
NGC5198,NGC5198,Galaxy,13.50317,46.6708,11.8,2.0
NGC5199,NGC5199,Galaxy,13.51188,34.8307,14.8,1.3
NGC5200,NGC5200,Double Star,13.52846,-0.0302,,
NGC5201,NGC5201,Galaxy,13.48784,53.0820,14.2,1.6
NGC5202,NGC5202,Galaxy,13.53347,-1.6988,15.5,0.7
NGC5203,NGC5203,Galaxy,13.53706,-8.7862,14.2,1.7
NGC5204,NGC5204,Galaxy,13.49347,58.4187,11.3,4.5
NGC5205,NGC5205,Galaxy,13.50099,62.5116,12.8,1.6
NGC5206,NGC5206,Galaxy,13.56222,-48.1512,10.5,4.3
NGC5207,NGC5207,Galaxy,13.53722,13.8924,14.4,1.8
NGC5208,NGC5208,Galaxy,13.54109,7.3164,14.2,1.7
NGC5209,NGC5209,Galaxy,13.54515,7.3272,14.7,1.2
NGC5210,NGC5210,Galaxy,13.54701,7.1701,14.2,1.5
NGC5211,NGC5211,Galaxy,13.55148,-1.0358,13.1,2.0
NGC5212,NGC5212,Galaxy,13.54890,7.2877,15.9,0.5
NGC5213,NGC5213,Galaxy Pair,13.57761,4.1333,14.9,0.9
NGC5214,NGC5214,Galaxy,13.54686,41.8718,13.7,1.0
NGC5215,NGC5215,Galaxy Pair,13.58561,-33.4839,,2.2
NGC5215A,NGC5215A,Galaxy,13.58518,-33.4810,14.1,1.6
NGC5215B,NGC5215B,Galaxy,13.58607,-33.4830,13.9,1.2
NGC5216,NGC5216,Galaxy,13.53525,62.7007,16.1,1.7
NGC5217,NGC5217,Galaxy,13.56831,17.8569,13.9,1.6
NGC5218,NGC5218,Galaxy,13.53622,62.7677,12.3,1.8
NGC5220,NGC5220,Galaxy,13.59908,-33.4538,13.5,2.6
NGC5221,NGC5221,Galaxy,13.58219,13.8325,14.4,1.6
NGC5222,NGC5222,Galaxy Pair,13.58242,13.7433,,1.2
NGC5223,NGC5223,Galaxy,13.57367,34.6904,14.3,2.1
NGC5224,NGC5224,Galaxy,13.58579,6.4811,15.0,0.9
NGC5225,NGC5225,Galaxy,13.55560,51.4903,14.4,0.7
NGC5226,NGC5226,Galaxy,13.58434,13.9222,16.4,0.5
NGC5227,NGC5227,Galaxy,13.59016,1.4106,13.2,1.5
NGC5228,NGC5228,Galaxy,13.57641,34.7778,14.3,1.1
NGC5229,NGC5229,Galaxy,13.56745,47.9154,13.8,2.3
NGC5230,NGC5230,Galaxy,13.59219,13.6762,13.2,1.6
NGC5231,NGC5231,Galaxy,13.59674,2.9989,16.1,1.1
NGC5232,NGC5232,Galaxy,13.60229,-8.4977,13.4,1.7
NGC5233,NGC5233,Galaxy,13.58704,34.6774,14.5,1.5
NGC5234,NGC5234,Galaxy,13.62498,-49.8369,14.0,1.5
NGC5235,NGC5235,Galaxy,13.60039,6.5854,15.1,1.3
NGC5237,NGC5237,Galaxy,13.62751,-42.8470,12.5,2.3
NGC5238,NGC5238,Galaxy,13.57847,51.6137,13.4,1.8
NGC5239,NGC5239,Galaxy,13.60728,7.3696,14.5,1.8
NGC5240,NGC5240,Galaxy,13.59867,35.5883,13.9,1.8
NGC5241,NGC5241,Galaxy,13.61107,-8.4019,13.8,1.1
NGC5242,NGC5242,Other,13.61872,2.7706,,
NGC5243,NGC5243,Galaxy,13.60415,38.3439,14.1,1.0
NGC5244,NGC5244,Galaxy,13.64492,-45.8560,13.3,2.2
NGC5245,NGC5245,Galaxy,13.62312,3.8974,15.2,0.6
NGC5246,NGC5246,Galaxy,13.62483,4.1044,14.7,0.8
NGC5247,NGC5247,Galaxy,13.63418,-17.8840,10.4,5.3
NGC5248,NGC5248,Galaxy,13.62556,8.8852,10.0,4.1
NGC5249,NGC5249,Galaxy,13.62708,15.9722,14.0,1.5
NGC5250,NGC5250,Galaxy,13.60204,51.2358,13.9,0.9
NGC5251,NGC5251,Galaxy,13.62356,27.4192,14.6,0.9
NGC5252,NGC5252,Galaxy,13.63777,4.5426,14.2,1.3
NGC5253,NGC5253,Galaxy,13.66554,-31.6401,10.3,5.0
NGC5254,NGC5254,Galaxy,13.66053,-11.4939,12.2,3.4
NGC5255,NGC5255,Galaxy,13.62170,57.1089,15.1,1.4
NGC5256,NGC5256,Galaxy Pair,13.63819,48.2769,13.4,0.9
NGC5257,NGC5257,Galaxy,13.66470,0.8400,13.0,1.5
NGC5258,NGC5258,Galaxy,13.66603,0.8309,13.0,1.5
NGC5259,NGC5259,Galaxy Pair,13.65664,30.9914,,1.0
NGC5260,NGC5260,Galaxy,13.67219,-23.8581,13.6,1.6
NGC5261,NGC5261,Galaxy,13.67114,5.0763,15.2,0.9
NGC5262,NGC5262,Galaxy,13.59405,75.0394,13.7,1.2
NGC5263,NGC5263,Galaxy,13.66546,28.4006,14.1,1.1
NGC5264,NGC5264,Galaxy,13.69352,-29.9131,12.0,3.0
NGC5265,NGC5265,Galaxy,13.66920,36.8611,14.7,0.9
NGC5266,NGC5266,Galaxy,13.71725,-48.1694,10.8,2.9
NGC5266A,NGC5266A,Galaxy,13.67697,-48.3420,13.8,1.9
NGC5267,NGC5267,Galaxy,13.67777,38.7941,14.1,1.5
NGC5268,NGC5268,Star,13.70350,-13.8596,11.3,
NGC5269,NGC5269,Open Cluster,13.74561,-62.9125,,4.8
NGC5270,NGC5270,Galaxy,13.70302,4.2626,14.7,1.0
NGC5271,NGC5271,Galaxy,13.69511,30.1254,15.1,0.8
NGC5273,NGC5273,Galaxy,13.70232,35.6542,12.2,2.3
NGC5274,NGC5274,Galaxy,13.70647,29.8478,15.4,0.6
NGC5275,NGC5275,Galaxy,13.70654,29.8249,14.2,0.9
NGC5276,NGC5276,Galaxy,13.70611,35.6241,14.7,0.9
NGC5277,NGC5277,Galaxy,13.71066,29.9544,15.5,0.6
NGC5278,NGC5278,Galaxy,13.69434,55.6706,13.6,0.8
NGC5279,NGC5279,Galaxy,13.69549,55.6738,13.6,0.6
NGC5280,NGC5280,Galaxy,13.71543,29.8686,13.6,0.8
NGC5281,NGC5281,Open Cluster,13.77643,-62.9165,5.9,6.9
NGC5282,NGC5282,Galaxy,13.72358,30.0695,14.9,0.7
NGC5283,NGC5283,Galaxy,13.68493,67.6723,14.1,1.2
NGC5284,NGC5284,Star Association,13.78981,-59.1494,,8.4
NGC5285,NGC5285,Galaxy,13.74050,2.1099,15.5,0.8
NGC5286,NGC5286,Globular Cluster,13.77405,-51.3735,8.3,6.6
NGC5287,NGC5287,Galaxy,13.74793,29.7709,15.4,0.7
NGC5288,NGC5288,Open Cluster,13.81248,-64.6854,11.8,3.6
NGC5289,NGC5289,Galaxy,13.75242,41.5034,13.0,2.3
NGC5290,NGC5290,Galaxy,13.75533,41.7126,16.5,3.2
NGC5291,NGC5291,Galaxy,13.79013,-30.4070,14.0,1.8
NGC5292,NGC5292,Galaxy,13.79446,-30.9395,11.9,2.3
NGC5293,NGC5293,Galaxy,13.78130,16.2729,13.1,1.6
NGC5294,NGC5294,Galaxy,13.75504,55.2908,15.1,1.3
NGC5295,NGC5295,Galaxy,13.64428,79.4589,14.6,0.6
NGC5296,NGC5296,Galaxy,13.77185,43.8514,13.8,0.9
NGC5297,NGC5297,Galaxy,13.77324,43.8723,11.8,3.7
NGC5298,NGC5298,Galaxy,13.81014,-30.4285,13.1,1.9
NGC5299,NGC5299,Open Cluster,13.84063,-59.9477,,4.2
NGC5300,NGC5300,Galaxy,13.80446,3.9509,13.2,2.8
NGC5301,NGC5301,Galaxy,13.77352,46.1071,12.6,4.0
NGC5302,NGC5302,Galaxy,13.81380,-30.5111,12.4,1.1
NGC5303,NGC5303,Galaxy,13.79583,38.3046,12.9,0.9
NGC5304,NGC5304,Galaxy,13.83374,-30.5785,13.6,1.9
NGC5305,NGC5305,Galaxy,13.79882,37.8263,14.4,1.5
NGC5306,NGC5306,Galaxy,13.81983,-7.2244,13.1,1.9
NGC5307,NGC5307,Planetary Nebula,13.85092,-51.2058,11.2,0.2
NGC5308,NGC5308,Galaxy,13.78345,60.9732,11.3,4.3
NGC5309,NGC5309,Galaxy,13.83632,-15.6184,15.7,0.6
NGC5310,NGC5310,Star,13.82993,0.0692,14.1,
NGC5311,NGC5311,Galaxy,13.81558,39.9851,13.3,2.0
NGC5312,NGC5312,Galaxy,13.83071,33.6217,14.6,1.1
NGC5313,NGC5313,Galaxy,13.82898,39.9848,12.1,1.8
NGC5314,NGC5314,Galaxy,13.76983,70.3396,14.5,0.9
NGC5315,NGC5315,Planetary Nebula,13.89914,-66.5142,9.8,0.1
NGC5316,NGC5316,Open Cluster,13.89923,-61.8691,6.0,9.9
NGC5318,NGC5318,Galaxy,13.84334,33.7049,13.5,1.5
NGC5319,NGC5319,Galaxy,13.84463,33.7616,16.6,0.7
NGC5320,NGC5320,Galaxy,13.83899,41.3662,12.4,1.8
NGC5321,NGC5321,Galaxy,13.84547,33.6326,15.0,0.9
NGC5322,NGC5322,Galaxy,13.82091,60.1905,10.1,5.6
NGC5323,NGC5323,Galaxy,13.76014,76.8283,14.2,1.1
NGC5324,NGC5324,Galaxy,13.86830,-6.0583,12.2,2.2
NGC5325,NGC5325,Galaxy,13.84839,38.2748,14.9,0.9
NGC5326,NGC5326,Galaxy,13.84742,39.5749,11.9,2.2
NGC5327,NGC5327,Galaxy,13.86782,-2.2066,13.8,1.6
NGC5328,NGC5328,Galaxy,13.88148,-28.4894,11.7,3.1
NGC5329,NGC5329,Galaxy,13.86947,2.3251,12.5,1.5
NGC5330,NGC5330,Galaxy,13.88311,-28.4707,13.6,1.1
NGC5331,NGC5331,Galaxy Pair,13.87119,2.1030,,1.1
NGC5332,NGC5332,Galaxy,13.86887,16.9697,12.9,1.1
NGC5333,NGC5333,Galaxy,13.90673,-48.5125,11.9,2.2
NGC5334,NGC5334,Galaxy,13.88179,-1.1146,11.7,3.4
NGC5335,NGC5335,Galaxy,13.88238,2.8143,14.2,1.4
NGC5336,NGC5336,Galaxy,13.86939,43.2429,13.6,1.2
NGC5337,NGC5337,Galaxy,13.87306,39.6872,13.4,1.7
NGC5338,NGC5338,Galaxy,13.89071,5.2078,14.1,1.9
NGC5339,NGC5339,Galaxy,13.90008,-7.9307,12.2,1.8
NGC5340,NGC5340,Galaxy,13.81664,72.6538,15.0,0.8
NGC5341,NGC5341,Galaxy,13.87554,37.8174,14.1,1.1
NGC5342,NGC5342,Galaxy,13.85718,59.8639,14.3,0.9
NGC5343,NGC5343,Galaxy,13.90325,-7.5881,14.2,1.2
NGC5344,NGC5344,Galaxy Pair,13.83279,73.9529,15.4,0.5
NGC5345,NGC5345,Galaxy,13.90396,-1.4365,13.8,1.5
NGC5346,NGC5346,Galaxy,13.88386,39.5808,14.7,1.6
NGC5347,NGC5347,Galaxy,13.88829,33.4908,12.7,1.6
NGC5348,NGC5348,Galaxy,13.90313,5.2274,14.3,3.9
NGC5349,NGC5349,Galaxy,13.88698,37.8831,15.0,1.6
NGC5350,NGC5350,Galaxy,13.88934,40.3639,11.5,2.7
NGC5351,NGC5351,Galaxy,13.89103,37.9150,12.2,2.4
NGC5352,NGC5352,Galaxy,13.89401,36.1341,14.1,1.4
NGC5353,NGC5353,Galaxy,13.89075,40.2830,11.0,2.4
NGC5354,NGC5354,Galaxy,13.89075,40.3027,11.4,3.0
NGC5355,NGC5355,Galaxy,13.89599,40.3387,13.2,1.1
NGC5356,NGC5356,Galaxy,13.91624,5.3337,13.8,2.8
NGC5357,NGC5357,Galaxy,13.93321,-30.3414,12.0,2.2
NGC5358,NGC5358,Galaxy,13.90011,40.2773,14.6,1.1
NGC5359,NGC5359,Open Cluster,14.00266,-70.3923,,5.4
NGC5360,NGC5360,Galaxy,13.92743,4.9851,14.9,1.1
NGC5361,NGC5361,Galaxy,13.90979,38.4494,14.8,0.8
NGC5362,NGC5362,Galaxy,13.91481,41.3135,12.8,1.9
NGC5363,NGC5363,Galaxy,13.93534,5.2548,10.2,4.2
NGC5364,NGC5364,Galaxy,13.93667,5.0145,10.5,3.8
NGC5365,NGC5365,Galaxy,13.96407,-43.9313,11.3,3.9
NGC5365A,NGC5365A,Galaxy,13.94431,-44.0093,13.5,2.8
NGC5365B,NGC5365B,Galaxy,13.97766,-43.9637,14.2,1.8
NGC5366,NGC5366,Galaxy,13.94024,-0.2476,14.5,0.8
NGC5367,NGC5367,Reflection Nebula,13.96219,-39.9784,,2.0
NGC5368,NGC5368,Galaxy,13.90810,54.3307,13.9,1.0
NGC5369,NGC5369,Galaxy,13.94378,-5.4699,14.4,1.1
NGC5370,NGC5370,Galaxy,13.90260,60.6781,14.1,1.4
NGC5371,NGC5371,Galaxy,13.92776,40.4618,11.7,4.0
NGC5372,NGC5372,Galaxy,13.91277,58.6669,13.4,0.7
NGC5373,NGC5373,Galaxy,13.95207,5.2519,15.3,0.6
NGC5374,NGC5374,Galaxy,13.95823,6.0970,13.7,1.6
NGC5375,NGC5375,Galaxy,13.94889,29.1644,12.1,2.3
NGC5376,NGC5376,Galaxy,13.92113,59.5066,12.3,1.5
NGC5377,NGC5377,Galaxy,13.93796,47.2357,11.3,3.6
NGC5378,NGC5378,Galaxy,13.94751,37.7972,13.6,2.0
NGC5379,NGC5379,Galaxy,13.92620,59.7428,13.4,2.1
NGC5380,NGC5380,Galaxy,13.94908,37.6104,12.3,2.0
NGC5381,NGC5381,Open Cluster,14.01166,-59.5868,,6.3
NGC5382,NGC5382,Galaxy,13.97080,6.2587,12.6,1.4
NGC5383,NGC5383,Galaxy,13.95138,41.8463,11.6,2.5
NGC5384,NGC5384,Galaxy,13.97024,6.5182,13.1,1.8
NGC5385,NGC5385,Open Cluster,13.87553,76.1628,,
NGC5386,NGC5386,Galaxy,13.97287,6.3391,13.7,1.0
NGC5387,NGC5387,Galaxy,13.97355,6.0713,14.8,1.2
NGC5388,NGC5388,Other,13.98277,-14.1509,,
NGC5389,NGC5389,Galaxy,13.93509,59.7421,12.0,3.3
NGC5391,NGC5391,Galaxy,13.96188,46.4696,16.4,0.5
NGC5392,NGC5392,Galaxy,13.99021,-3.2092,14.4,0.9
NGC5393,NGC5393,Galaxy,14.00890,-28.8746,14.0,0.9
NGC5394,NGC5394,Galaxy,13.97601,37.4535,12.9,2.6
NGC5395,NGC5395,Galaxy,13.97722,37.4245,11.7,2.5
NGC5397,NGC5397,Galaxy,14.01957,-33.9458,12.8,1.6
NGC5398,NGC5398,Galaxy,14.02266,-33.0638,12.4,2.8
NGC5399,NGC5399,Galaxy,13.99206,34.7736,14.5,1.1
NGC5400,NGC5400,Galaxy,14.01033,-2.8578,14.3,1.4
NGC5401,NGC5401,Galaxy,13.99540,36.2381,14.5,1.5
NGC5402,NGC5402,Galaxy,13.97126,59.8146,14.5,1.1
NGC5403,NGC5403,Galaxy,13.99748,38.1825,14.7,2.8
NGC5404,NGC5404,Double Star,14.01874,0.0859,,
NGC5405,NGC5405,Galaxy,14.01930,7.7023,14.5,0.8
NGC5406,NGC5406,Galaxy,14.00559,38.9154,12.3,1.7
NGC5407,NGC5407,Galaxy,14.01392,39.1562,14.3,1.4
NGC5408,NGC5408,Galaxy,14.05581,-41.3777,11.6,2.8
NGC5409,NGC5409,Galaxy,14.02947,9.4903,13.3,1.6
NGC5410,NGC5410,Galaxy,14.01517,40.9886,14.1,1.1
NGC5411,NGC5411,Galaxy,14.03313,8.9377,13.3,1.5
NGC5412,NGC5412,Galaxy,13.95376,73.6167,14.8,1.2
NGC5413,NGC5413,Galaxy,13.96487,64.9110,14.3,1.3
NGC5414,NGC5414,Galaxy,14.03431,9.9293,13.8,1.0
NGC5415,NGC5415,Galaxy,13.94914,70.7544,15.0,0.9
NGC5416,NGC5416,Galaxy,14.03648,9.4401,13.3,1.3
NGC5417,NGC5417,Galaxy,14.03696,8.0371,13.6,1.7
NGC5418,NGC5418,Galaxy,14.03822,7.6842,14.4,0.9
NGC5419,NGC5419,Galaxy,14.06076,-33.9783,10.8,4.0
NGC5420,NGC5420,Galaxy,14.06664,-14.6169,14.1,1.9
NGC5421,NGC5421,Galaxy Pair,14.02830,33.8238,14.3,1.3
NGC5422,NGC5422,Galaxy,14.01168,55.1645,11.8,2.8
NGC5423,NGC5423,Galaxy,14.04684,9.3414,12.9,1.5
NGC5424,NGC5424,Galaxy,14.04881,9.4207,13.1,1.5
NGC5425,NGC5425,Galaxy,14.01324,48.4439,14.2,1.6
NGC5426,NGC5426,Galaxy,14.05690,-6.0691,12.2,3.1
NGC5427,NGC5427,Galaxy,14.05724,-6.0308,12.4,3.6
NGC5428,NGC5428,Double Star,14.05779,-5.9845,,
NGC5429,NGC5429,Double Star,14.05927,-6.0383,,
NGC5430,NGC5430,Galaxy,14.01271,59.3283,12.8,2.2
NGC5431,NGC5431,Galaxy,14.05199,9.3631,15.6,0.9
NGC5432,NGC5432,Other,14.06129,-5.9754,,
NGC5433,NGC5433,Galaxy,14.04336,32.5104,14.0,1.5
NGC5434,NGC5434,Galaxy,14.05643,9.4481,13.3,1.5
NGC5435,NGC5435,Double Star,14.06668,-5.9317,,
NGC5436,NGC5436,Galaxy,14.06142,9.5735,13.8,1.2
NGC5437,NGC5437,Galaxy,14.06315,9.5237,14.9,1.1
NGC5438,NGC5438,Galaxy,14.06333,9.6106,14.4,1.2
NGC5439,NGC5439,Galaxy,14.03269,46.3119,14.5,1.3
NGC5440,NGC5440,Galaxy,14.05029,34.7579,13.3,2.8
NGC5441,NGC5441,Galaxy,14.05333,34.6846,14.9,0.4
NGC5442,NGC5442,Galaxy,14.07867,-9.7137,13.9,1.2
NGC5443,NGC5443,Galaxy,14.03661,55.8140,13.1,1.7
NGC5444,NGC5444,Galaxy,14.05670,35.1321,11.9,2.5
NGC5445,NGC5445,Galaxy,14.05875,35.0253,13.9,1.6
NGC5447,NGC5447,HII Region,14.04122,54.2769,,
NGC5448,NGC5448,Galaxy,14.04723,49.1727,11.9,3.8
NGC5449,NGC5449,Other,14.04091,54.3302,,
NGC5450,NGC5450,HII Region,14.04161,54.2710,,
NGC5451,NGC5451,HII Region,14.04363,54.3625,16.7,0.5
NGC5452,NGC5452,Galaxy,13.90692,78.2206,14.1,1.2
NGC5453,NGC5453,HII Region,14.04900,54.3080,,
NGC5454,NGC5454,Galaxy,14.07936,14.3821,14.2,1.3
NGC5455,NGC5455,HII Region,14.05033,54.2415,15.2,0.6
NGC5456,NGC5456,Galaxy,14.08302,11.8716,14.0,1.4
NGC5458,NGC5458,HII Region,14.05346,54.2983,,
NGC5459,NGC5459,Galaxy,14.08339,13.1319,14.4,1.3
NGC5460,NGC5460,Open Cluster,14.12439,-48.3425,5.6,13.2
NGC5461,NGC5461,HII Region,14.06150,54.3180,14.4,1.6
NGC5462,NGC5462,HII Region,14.06472,54.3656,18.2,0.1
NGC5463,NGC5463,Galaxy,14.10293,9.3534,14.0,1.2
NGC5464,NGC5464,Galaxy,14.11789,-30.0171,13.0,1.4
NGC5465,NGC5465,Star,14.10758,-5.5063,14.5,
NGC5466,NGC5466,Globular Cluster,14.09093,28.5345,9.7,6.6
NGC5467,NGC5467,Star,14.10819,-5.4815,15.1,
NGC5468,NGC5468,Galaxy,14.10969,-5.4531,12.1,2.3
NGC5469,NGC5469,Galaxy,14.20831,8.6479,15.0,0.9
NGC5470,NGC5470,Galaxy,14.10886,6.0297,14.2,2.6
NGC5471,NGC5471,HII Region,14.07473,54.3969,14.5,0.8
NGC5472,NGC5472,Galaxy,14.11528,-5.4605,14.7,1.5
NGC5473,NGC5473,Galaxy,14.07868,54.8926,11.5,2.0
NGC5474,NGC5474,Galaxy,14.08378,53.6622,11.0,2.4
NGC5475,NGC5475,Galaxy,14.08678,55.7419,13.3,1.9
NGC5476,NGC5476,Galaxy,14.13569,-6.0921,13.3,1.4
NGC5477,NGC5477,Galaxy,14.09258,54.4611,13.8,1.1
NGC5478,NGC5478,Galaxy,14.13570,-1.7023,13.6,1.0
NGC5479,NGC5479,Galaxy,14.09927,65.6908,15.0,0.9
NGC5480,NGC5480,Galaxy,14.10599,50.7251,12.2,1.7
NGC5481,NGC5481,Galaxy,14.11146,50.7233,13.2,1.8
NGC5482,NGC5482,Galaxy,14.14186,8.9319,14.0,1.2
NGC5483,NGC5483,Galaxy,14.17362,-43.3246,11.1,3.4
NGC5484,NGC5484,Galaxy,14.11339,55.0299,15.7,0.5
NGC5485,NGC5485,Galaxy,14.11982,55.0017,11.5,2.5
NGC5486,NGC5486,Galaxy,14.12360,55.1031,14.0,1.4
NGC5487,NGC5487,Galaxy,14.16219,8.0691,14.6,1.1
NGC5488,NGC5488,Galaxy,14.13420,-33.3149,13.3,2.6
NGC5489,NGC5489,Galaxy,14.20020,-46.0887,13.2,2.3
NGC5490,NGC5490,Galaxy,14.16591,17.5456,12.1,1.7
NGC5490C,NGC5490C,Galaxy,14.16859,17.6158,15.2,0.8
NGC5491,NGC5491,Galaxy,14.18260,6.3649,13.8,1.3
NGC5492,NGC5492,Galaxy,14.17644,19.6123,13.7,1.6
NGC5493,NGC5493,Galaxy,14.19149,-5.0436,11.4,2.2
NGC5494,NGC5494,Galaxy,14.20672,-30.6441,12.6,2.3
NGC5495,NGC5495,Galaxy,14.20649,-27.1080,13.5,1.5
NGC5496,NGC5496,Galaxy,14.19385,-1.1591,13.4,2.7
NGC5497,NGC5497,Galaxy,14.17546,38.8936,15.1,0.6
NGC5498,NGC5498,Galaxy,14.18459,25.6980,14.7,1.2
NGC5499,NGC5499,Galaxy,14.17990,35.9135,14.3,1.1
NGC5500,NGC5500,Galaxy,14.17090,48.5461,14.4,0.9
NGC5501,NGC5501,Galaxy,14.20561,1.2725,15.0,0.9
NGC5502,NGC5502,Galaxy,14.15943,60.4096,16.2,0.6
NGC5504,NGC5504,Galaxy,14.20439,15.8419,14.0,1.2
NGC5504B,NGC5504B,Galaxy,14.20353,15.8689,15.2,0.6
NGC5504C,NGC5504C,Galaxy,14.20439,15.8793,15.7,0.8
NGC5505,NGC5505,Galaxy,14.20881,13.3047,13.1,0.9
NGC5506,NGC5506,Galaxy,14.22080,-3.2076,12.6,2.9
NGC5507,NGC5507,Galaxy,14.22219,-3.1489,12.4,1.6
NGC5508,NGC5508,Galaxy,14.20807,24.6355,15.0,1.0
NGC5509,NGC5509,Galaxy,14.21099,20.3870,15.0,1.2
NGC5510,NGC5510,Galaxy,14.22701,-17.9838,14.3,0.9
NGC5511,NGC5511,Galaxy,14.21817,8.6319,15.6,0.7
NGC5512,NGC5512,Galaxy,14.21142,30.8551,15.3,0.7
NGC5513,NGC5513,Galaxy,14.21906,20.4163,13.8,2.0
NGC5514,NGC5514,Galaxy Pair,14.22744,7.6595,,1.3
NGC5515,NGC5515,Galaxy,14.21060,39.3103,13.7,1.2
NGC5516,NGC5516,Galaxy,14.26519,-48.1149,12.0,2.4
NGC5517,NGC5517,Galaxy,14.21423,35.7109,14.7,1.0
NGC5518,NGC5518,Galaxy,14.22991,20.8483,14.5,1.3
NGC5519,NGC5519,Galaxy,14.23913,7.5159,14.5,1.8
NGC5520,NGC5520,Galaxy,14.20633,50.3484,12.8,1.6
NGC5521,NGC5521,Galaxy,14.25659,4.4085,14.6,0.6
NGC5522,NGC5522,Galaxy,14.24733,15.1469,14.0,1.9
NGC5523,NGC5523,Galaxy,14.24787,25.3176,13.1,2.0
NGC5524,NGC5524,Star,14.23351,36.4174,,
NGC5525,NGC5525,Galaxy,14.26090,14.2826,12.8,1.2
NGC5526,NGC5526,Galaxy,14.23160,57.7713,14.2,1.1
NGC5527,NGC5527,Galaxy,14.24090,36.4045,14.9,0.9
NGC5528,NGC5528,Galaxy,14.27220,8.2935,14.7,1.0
NGC5529,NGC5529,Galaxy,14.25946,36.2266,11.9,5.8
NGC5530,NGC5530,Galaxy,14.30754,-43.3886,11.2,4.9
NGC5531,NGC5531,Galaxy Pair,14.27869,10.8848,14.7,1.1
NGC5532,NGC5532,Galaxy,14.28138,10.8074,11.9,2.3
NGC5533,NGC5533,Galaxy,14.26882,35.3438,11.8,2.9
NGC5534,NGC5534,Galaxy,14.29452,-7.4174,12.5,1.4
NGC5535,NGC5535,Galaxy,14.29202,8.2084,15.7,0.7
NGC5536,NGC5536,Galaxy,14.27329,39.5022,14.4,0.8
NGC5537,NGC5537,Galaxy,14.29364,7.0550,15.1,0.9
NGC5538,NGC5538,Galaxy,14.29514,7.4767,15.5,0.9
NGC5539,NGC5539,Galaxy,14.29383,8.1796,15.1,1.1
NGC5540,NGC5540,Galaxy,14.24845,60.0111,14.7,1.1
NGC5541,NGC5541,Galaxy,14.27550,39.5891,13.6,0.9
NGC5542,NGC5542,Galaxy,14.29811,7.5588,14.8,0.6
NGC5543,NGC5543,Galaxy,14.30113,7.6549,15.2,0.8
NGC5544,NGC5544,Galaxy,14.28403,36.5716,13.9,1.0
NGC5545,NGC5545,Galaxy,14.28477,36.5751,13.2,1.0
NGC5546,NGC5546,Galaxy,14.30256,7.5646,12.3,1.6
NGC5547,NGC5547,Galaxy,14.16256,78.6011,14.8,0.7
NGC5548,NGC5548,Galaxy,14.29987,25.1368,13.4,1.3
NGC5549,NGC5549,Galaxy,14.31078,7.3773,13.9,1.5
NGC5550,NGC5550,Galaxy,14.30777,12.8831,14.1,1.1
NGC5551,NGC5551,Galaxy,14.31523,5.4515,14.9,0.8
NGC5552,NGC5552,Galaxy,14.31774,7.0317,15.1,0.9
NGC5553,NGC5553,Galaxy,14.30826,26.2878,14.6,1.1
NGC5554,NGC5554,Galaxy,14.32083,7.0211,15.1,0.7
NGC5555,NGC5555,Galaxy,14.31336,-19.1389,15.1,0.6
NGC5556,NGC5556,Galaxy,14.34280,-29.2418,11.8,3.5
NGC5557,NGC5557,Galaxy,14.30714,36.4936,11.0,2.3
NGC5559,NGC5559,Galaxy,14.32022,24.7987,14.8,1.3
NGC5560,NGC5560,Galaxy,14.33458,3.9925,12.3,3.5
NGC5561,NGC5561,Galaxy,14.28967,58.7505,15.4,0.7
NGC5562,NGC5562,Galaxy,14.33640,10.2628,14.4,0.8
NGC5563,NGC5563,Galaxy,14.33697,7.0554,15.1,0.9
NGC5565,NGC5565,Star,14.32181,6.9949,,
NGC5566,NGC5566,Galaxy,14.33886,3.9338,10.5,5.4
NGC5567,NGC5567,Galaxy,14.32157,35.1379,14.5,1.1
NGC5568,NGC5568,Galaxy,14.32259,35.0922,15.4,0.7
NGC5569,NGC5569,Galaxy,14.34225,3.9832,14.9,1.1
NGC5571,NGC5571,Other,14.32556,35.1509,,
NGC5572,NGC5572,Galaxy,14.32647,36.1407,15.0,0.9
NGC5573,NGC5573,Galaxy,14.34486,6.9073,15.0,1.2
NGC5574,NGC5574,Galaxy,14.34888,3.2380,12.4,1.3
NGC5575,NGC5575,Galaxy,14.34984,6.2027,14.3,0.9
NGC5576,NGC5576,Galaxy,14.35102,3.2710,10.9,2.8
NGC5577,NGC5577,Galaxy,14.35364,3.4358,13.5,2.9
NGC5579,NGC5579,Galaxy,14.34069,35.1888,14.5,1.5
NGC5580,NGC5580,Galaxy,14.36067,35.2049,13.6,1.5
NGC5581,NGC5581,Galaxy,14.35453,23.4800,14.7,0.6
NGC5582,NGC5582,Galaxy,14.34531,39.6936,11.6,2.2
NGC5583,NGC5583,Galaxy,14.36125,13.2324,14.2,0.8
NGC5584,NGC5584,Galaxy,14.37327,-0.3877,12.8,3.1
NGC5585,NGC5585,Galaxy,14.33006,56.7291,11.0,4.3
NGC5586,NGC5586,Other,14.36879,13.1843,,
NGC5587,NGC5587,Galaxy,14.36964,13.9181,13.8,2.1
NGC5588,NGC5588,Galaxy,14.35698,35.2706,14.2,0.9
NGC5591,NGC5591,Galaxy Pair,14.37611,13.7167,,1.4
NGC5592,NGC5592,Galaxy,14.39862,-28.6881,12.7,1.6
NGC5593,NGC5593,Open Cluster,14.42755,-54.7987,,4.5
NGC5594,NGC5594,Galaxy,14.38620,26.2658,14.8,1.5
NGC5595,NGC5595,Galaxy,14.40368,-16.7230,12.0,2.1
NGC5596,NGC5596,Galaxy,14.37465,37.1222,13.5,1.0
NGC5597,NGC5597,Galaxy,14.40762,-16.7628,12.9,2.0
NGC5598,NGC5598,Galaxy,14.37452,40.3198,14.1,1.6
NGC5599,NGC5599,Galaxy,14.39739,6.5761,14.6,1.3
NGC5600,NGC5600,Galaxy,14.39709,14.6388,12.4,1.6
NGC5601,NGC5601,Galaxy,14.38147,40.3096,15.5,0.8
NGC5602,NGC5602,Galaxy,14.37190,50.5014,12.5,1.3
NGC5603,NGC5603,Galaxy,14.38376,40.3774,13.0,1.1
NGC5604,NGC5604,Galaxy,14.41189,-3.2122,12.9,1.8
NGC5605,NGC5605,Galaxy,14.41877,-13.1630,12.5,1.5
NGC5606,NGC5606,Open Cluster,14.46313,-59.6322,7.7,3.6
NGC5607,NGC5607,Galaxy,14.32408,71.5882,13.5,0.9
NGC5608,NGC5608,Galaxy,14.38830,41.7759,13.4,1.7
NGC5609,NGC5609,Galaxy,14.39675,34.8428,16.2,0.5
NGC5610,NGC5610,Galaxy,14.40637,24.6141,14.3,1.7
NGC5611,NGC5611,Galaxy,14.40133,33.0474,13.5,1.4
NGC5612,NGC5612,Galaxy,14.56701,-78.3875,12.1,1.9
NGC5613,NGC5613,Galaxy,14.40166,34.8921,15.6,0.6
NGC5614,NGC5614,Galaxy,14.40211,34.8589,11.7,2.4
NGC5615,NGC5615,Galaxy,14.40181,34.8650,15.3,0.2
NGC5616,NGC5616,Galaxy,14.40575,36.4614,14.6,2.1
NGC5617,NGC5617,Open Cluster,14.49557,-60.7108,6.3,5.1
NGC5618,NGC5618,Galaxy,14.45328,-2.2624,13.4,1.4
NGC5619,NGC5619,Galaxy,14.45506,4.8028,13.9,2.3
NGC5619B,NGC5619B,Galaxy,14.45899,4.8216,14.8,1.1
NGC5621,NGC5621,Other,14.46384,8.2402,,
NGC5622,NGC5622,Galaxy,14.43672,48.5640,13.4,1.3
NGC5623,NGC5623,Galaxy,14.45241,33.2526,12.5,1.6
NGC5624,NGC5624,Galaxy,14.44311,51.5854,13.7,1.0
NGC5625,NGC5625,Galaxy Pair,14.45042,39.9569,,1.2
NGC5626,NGC5626,Galaxy,14.49697,-29.7485,14.0,1.4
NGC5627,NGC5627,Galaxy,14.47619,11.3783,14.6,1.3
NGC5628,NGC5628,Galaxy,14.47383,17.9244,14.4,1.0
NGC5629,NGC5629,Galaxy,14.47121,25.8488,12.2,1.7
NGC5630,NGC5630,Galaxy,14.46017,41.2578,13.6,1.5
NGC5631,NGC5631,Galaxy,14.44258,56.5826,11.6,1.9
NGC5633,NGC5633,Galaxy,14.45788,46.1465,12.5,1.1
NGC5634,NGC5634,Globular Cluster,14.49369,-5.9764,10.1,4.5
NGC5635,NGC5635,Galaxy,14.47549,27.4089,13.9,2.6
NGC5636,NGC5636,Galaxy,14.49417,3.2663,13.8,1.4
NGC5637,NGC5637,Galaxy,14.48322,23.1915,14.5,0.8
NGC5638,NGC5638,Galaxy,14.49455,3.2333,11.2,1.9
NGC5639,NGC5639,Galaxy,14.47960,30.4129,14.5,1.3
NGC5640,NGC5640,Galaxy,14.34467,80.1231,15.5,0.8
NGC5641,NGC5641,Galaxy,14.48795,28.8219,13.3,2.1
NGC5642,NGC5642,Galaxy,14.48708,30.0264,14.2,1.8
NGC5643,NGC5643,Galaxy,14.54465,-44.1744,11.5,5.3
NGC5644,NGC5644,Galaxy,14.50711,11.9280,13.9,1.2
NGC5645,NGC5645,Galaxy,14.51093,7.2751,12.4,2.0
NGC5646,NGC5646,Galaxy,14.49278,35.4619,15.0,1.2
NGC5647,NGC5647,Galaxy,14.51003,11.8767,15.4,1.0
NGC5648,NGC5648,Galaxy,14.50906,14.0231,14.3,0.8
NGC5650,NGC5650,Galaxy,14.51697,5.9784,13.8,1.1
NGC5653,NGC5653,Galaxy,14.50289,31.2155,12.2,1.6
NGC5654,NGC5654,Galaxy,14.50037,36.3609,14.1,1.2
NGC5655,NGC5655,Galaxy,14.51415,13.9688,14.1,0.7
NGC5656,NGC5656,Galaxy,14.50709,35.3210,12.4,1.3
NGC5657,NGC5657,Galaxy,14.51211,29.1808,14.3,1.8
NGC5659,NGC5659,Galaxy,14.51837,25.3551,14.8,1.8
NGC5660,NGC5660,Galaxy,14.49717,49.6227,11.9,2.6
NGC5661,NGC5661,Galaxy,14.53261,6.2504,14.2,1.1
NGC5662,NGC5662,Open Cluster,14.59377,-56.6181,5.5,8.1
NGC5663,NGC5663,Galaxy,14.56564,-16.5811,15.1,0.9
NGC5664,NGC5664,Galaxy,14.56212,-14.6197,14.5,0.8
NGC5665,NGC5665,Galaxy,14.54048,8.0786,12.6,1.9
NGC5665A,NGC5665A,Other,14.54093,8.0787,,
NGC5666,NGC5666,Galaxy,14.55256,10.5108,13.5,1.0
NGC5667,NGC5667,Galaxy,14.50636,59.4698,12.9,1.6
NGC5668,NGC5668,Galaxy,14.55676,4.4504,11.7,1.9
NGC5669,NGC5669,Galaxy,14.54541,9.8904,13.0,2.6
NGC5670,NGC5670,Galaxy,14.59334,-45.9670,12.0,2.6
NGC5671,NGC5671,Galaxy,14.46167,69.6942,14.3,1.4
NGC5672,NGC5672,Galaxy,14.54398,31.6702,13.5,0.9
NGC5673,NGC5673,Galaxy,14.52525,49.9587,12.2,2.3
NGC5674,NGC5674,Galaxy,14.56451,5.4582,13.7,1.1
NGC5675,NGC5675,Galaxy,14.54440,36.3022,14.0,2.3
NGC5676,NGC5676,Galaxy,14.54635,49.4579,11.2,3.6
NGC5677,NGC5677,Galaxy,14.57021,25.4680,14.7,0.9
NGC5678,NGC5678,Galaxy,14.53489,57.9214,11.4,3.0
NGC5679,NGC5679,Galaxy Triplet,14.58575,5.3564,,1.6
NGC5679A,NGC5679A,Galaxy,14.58511,5.3568,14.2,0.8
NGC5679B,NGC5679B,Galaxy,14.58577,5.3589,14.3,1.1
NGC5679C,NGC5679C,Galaxy,14.58639,5.3543,17.4,0.3
NGC5680,NGC5680,Galaxy,14.59570,-0.0134,15.3,1.0
NGC5681,NGC5681,Galaxy,14.59524,8.3006,14.3,0.9
NGC5682,NGC5682,Galaxy,14.57916,48.6702,14.3,0.7
NGC5683,NGC5683,Galaxy,14.58124,48.6619,15.0,0.6
NGC5684,NGC5684,Galaxy,14.59727,36.5432,12.7,1.4
NGC5685,NGC5685,Galaxy,14.60427,29.9084,14.7,1.1
NGC5686,NGC5686,Galaxy,14.60072,36.5032,14.9,0.8
NGC5687,NGC5687,Galaxy,14.58122,54.4759,11.7,2.4
NGC5688,NGC5688,Galaxy,14.65976,-45.0190,11.8,4.1
NGC5689,NGC5689,Galaxy,14.59158,48.7416,11.8,3.7
NGC5690,NGC5690,Galaxy,14.62808,2.2908,12.5,3.2
NGC5691,NGC5691,Galaxy,14.63148,-0.3989,12.4,1.9
NGC5692,NGC5692,Galaxy,14.63836,3.4103,13.4,0.9
NGC5693,NGC5693,Galaxy,14.60311,48.5850,14.3,1.6
NGC5694,NGC5694,Globular Cluster,14.66014,-26.5383,10.9,3.3
NGC5695,NGC5695,Galaxy,14.62281,36.5678,12.9,1.0
NGC5696,NGC5696,Galaxy,14.61586,41.8281,13.9,1.2
NGC5697,NGC5697,Galaxy,14.60891,41.6859,14.7,1.0
NGC5698,NGC5698,Galaxy,14.62075,38.4543,14.0,1.7
NGC5699,NGC5699,Galaxy,14.64510,30.4659,15.7,0.6
NGC5700,NGC5700,Galaxy,14.61710,48.5448,15.1,1.0
NGC5701,NGC5701,Galaxy,14.65308,5.3635,11.2,2.0
NGC5702,NGC5702,Galaxy,14.64863,20.5067,14.3,1.2
NGC5703,NGC5703,Galaxy,14.64723,30.4425,14.4,1.5
NGC5704,NGC5704,Galaxy,14.63786,40.4567,13.8,1.6
NGC5705,NGC5705,Galaxy,14.66380,-0.7185,14.0,1.4
NGC5707,NGC5707,Galaxy,14.62521,51.5619,13.2,2.4
NGC5710,NGC5710,Galaxy,14.65450,20.0437,13.0,1.4
NGC5711,NGC5711,Galaxy,14.65627,19.9909,15.1,1.0
NGC5712,NGC5712,Galaxy,14.49492,78.8642,15.2,0.7
NGC5713,NGC5713,Galaxy,14.66986,-0.2890,11.3,2.5
NGC5714,NGC5714,Galaxy,14.63653,46.6382,14.1,2.8
NGC5715,NGC5715,Open Cluster,14.72491,-57.5770,9.8,3.6
NGC5716,NGC5716,Galaxy,14.68487,-17.4770,13.5,1.6
NGC5717,NGC5717,Galaxy,14.64380,46.6631,15.2,1.0
NGC5718,NGC5718,Galaxy,14.67857,3.4654,14.3,1.5
NGC5719,NGC5719,Galaxy,14.68232,-0.3182,13.4,3.1
NGC5720,NGC5720,Galaxy,14.64258,50.8152,14.4,1.9
NGC5721,NGC5721,Galaxy,14.64804,46.6744,14.4,0.3
NGC5722,NGC5722,Galaxy,14.64845,46.6656,15.4,0.7
NGC5723,NGC5723,Galaxy,14.64942,46.6896,16.6,0.6
NGC5724,NGC5724,Star,14.65059,46.6920,18.0,
NGC5725,NGC5725,Galaxy,14.68287,2.1866,14.4,0.9
NGC5726,NGC5726,Galaxy,14.71557,-18.4449,14.0,1.2
NGC5727,NGC5727,Galaxy,14.67392,33.9891,13.7,0.8
NGC5728,NGC5728,Galaxy,14.70664,-17.2531,11.5,3.2
NGC5729,NGC5729,Galaxy,14.70191,-9.0094,13.0,2.5
NGC5730,NGC5730,Galaxy,14.66449,42.7424,14.4,2.0
NGC5731,NGC5731,Galaxy,14.66922,42.7796,14.1,1.5
NGC5732,NGC5732,Galaxy,14.67749,38.6378,14.3,1.2
NGC5733,NGC5733,Galaxy,14.71276,-0.3511,14.7,1.0
NGC5734,NGC5734,Galaxy,14.75251,-20.8705,13.8,1.4
NGC5735,NGC5735,Galaxy,14.70923,28.7264,13.4,2.0
NGC5736,NGC5736,Galaxy,14.72523,11.2027,14.7,1.0
NGC5737,NGC5737,Galaxy,14.71995,18.8799,14.6,1.1
NGC5738,NGC5738,Galaxy,14.73232,1.6042,14.6,0.9
NGC5739,NGC5739,Galaxy,14.70803,41.8423,13.3,1.8
NGC5740,NGC5740,Galaxy,14.74012,1.6798,11.9,2.7
NGC5741,NGC5741,Galaxy,14.76437,-11.9143,14.6,1.1
NGC5742,NGC5742,Galaxy,14.76024,-11.8096,13.9,1.2
NGC5743,NGC5743,Galaxy,14.75305,-20.9135,13.9,1.3
NGC5744,NGC5744,Galaxy,14.77740,-18.5133,14.3,1.1
NGC5745,NGC5745,Galaxy Triplet,14.75060,-13.9462,14.0,1.6
NGC5746,NGC5746,Galaxy,14.74887,1.9550,10.6,7.2
NGC5747,NGC5747,Galaxy Pair,14.73911,12.1297,,1.3
NGC5748,NGC5748,Galaxy,14.75142,21.9162,15.3,1.0
NGC5749,NGC5749,Open Cluster,14.81498,-54.4977,8.8,7.2
NGC5750,NGC5750,Galaxy,14.76976,-0.2229,11.7,2.6
NGC5751,NGC5751,Galaxy,14.73033,53.4007,13.8,1.3
NGC5752,NGC5752,Galaxy,14.75393,38.7289,15.2,0.8
NGC5753,NGC5753,Galaxy,14.75524,38.8059,16.0,0.5
NGC5754,NGC5754,Galaxy,14.75546,38.7312,14.0,1.3
NGC5755,NGC5755,Galaxy,14.75681,38.7799,14.9,0.5
NGC5756,NGC5756,Galaxy,14.79270,-14.8536,12.3,3.0
NGC5757,NGC5757,Galaxy,14.79622,-19.0786,13.6,2.1
NGC5758,NGC5758,Galaxy,14.78391,13.6684,13.7,1.1
NGC5759,NGC5759,Galaxy Pair,14.78739,13.4579,14.9,1.1
NGC5760,NGC5760,Galaxy,14.79507,18.5020,14.2,1.6
NGC5761,NGC5761,Galaxy,14.81902,-20.3760,12.5,1.8
NGC5762,NGC5762,Galaxy,14.81183,12.4572,14.2,1.3
NGC5763,NGC5763,Galaxy,14.81631,12.4901,15.4,0.6
NGC5764,NGC5764,Open Cluster,14.89229,-52.6705,12.6,4.2
NGC5765,NGC5765,Galaxy Pair,14.84750,5.1169,,1.2
NGC5765A,NGC5765A,Galaxy,14.84742,5.1194,14.6,0.8
NGC5765B,NGC5765B,Galaxy,14.84764,5.1145,14.5,0.8
NGC5766,NGC5766,Galaxy,14.88599,-21.3941,14.2,1.0
NGC5767,NGC5767,Galaxy,14.82623,47.3762,14.8,0.9
NGC5768,NGC5768,Galaxy,14.86888,-2.5297,13.6,1.3
NGC5769,NGC5769,Galaxy,14.87820,7.9318,14.9,1.0
NGC5770,NGC5770,Galaxy,14.88751,3.9597,12.3,1.1
NGC5771,NGC5771,Galaxy,14.87065,29.8454,14.8,0.9
NGC5772,NGC5772,Galaxy,14.86080,40.5992,13.7,1.4
NGC5773,NGC5773,Galaxy,14.87512,29.8074,14.6,0.9
NGC5774,NGC5774,Galaxy,14.89513,3.5825,12.2,1.7
NGC5775,NGC5775,Galaxy,14.89933,3.5444,11.4,3.7
NGC5776,NGC5776,Galaxy,14.90910,2.9664,14.6,1.2
NGC5777,NGC5777,Galaxy,14.85496,58.9779,14.0,3.0
NGC5778,NGC5778,Galaxy,14.90875,18.6423,13.9,1.2
NGC5779,NGC5779,Galaxy,14.86932,55.8994,15.5,0.7
NGC5780,NGC5780,Galaxy,14.90630,28.9397,14.0,0.7
NGC5781,NGC5781,Galaxy,14.94478,-17.2439,13.8,1.3
NGC5782,NGC5782,Galaxy,14.93202,11.8615,14.8,0.9
NGC5783,NGC5783,Galaxy,14.89120,52.0761,13.8,2.5
NGC5784,NGC5784,Galaxy,14.90457,42.5579,13.7,1.5
NGC5786,NGC5786,Galaxy,14.98229,-42.0134,11.9,2.4
NGC5787,NGC5787,Galaxy,14.92099,42.5069,13.9,1.1
NGC5788,NGC5788,Galaxy,14.88805,52.0442,15.6,0.7
NGC5789,NGC5789,Galaxy,14.94320,30.2340,13.8,1.1
NGC5790,NGC5790,Galaxy,14.95995,8.2853,14.8,1.2
NGC5791,NGC5791,Galaxy,14.97951,-19.2669,11.8,2.7
NGC5792,NGC5792,Galaxy,14.97297,-1.0911,11.3,3.5
NGC5793,NGC5793,Galaxy,14.99021,-16.6934,13.2,1.9
NGC5794,NGC5794,Galaxy,14.93156,49.7261,14.3,1.1
NGC5795,NGC5795,Galaxy,14.93886,49.4001,14.7,0.8
NGC5796,NGC5796,Galaxy,14.99003,-16.6239,11.6,2.6
NGC5797,NGC5797,Galaxy,14.94001,49.6962,13.5,1.6
NGC5798,NGC5798,Galaxy,14.96055,29.9685,13.4,1.2
NGC5799,NGC5799,Galaxy,15.09311,-72.4328,14.0,1.2
NGC5800,NGC5800,Open Cluster,15.02996,-51.9186,,4.5
NGC5801,NGC5801,Galaxy,15.00721,-13.9043,15.9,0.7
NGC5802,NGC5802,Galaxy,15.00833,-13.9190,15.3,1.3
NGC5803,NGC5803,Galaxy,15.00959,-13.8945,15.8,0.7
NGC5804,NGC5804,Galaxy,14.95189,49.6690,15.9,1.2
NGC5805,NGC5805,Galaxy Pair,14.95331,49.6278,,0.7
NGC5806,NGC5806,Galaxy,15.00011,1.8913,11.7,3.0
NGC5807,NGC5807,Galaxy,14.93019,63.9035,15.2,0.8
NGC5808,NGC5808,Galaxy,14.90078,73.1317,14.2,0.9
NGC5809,NGC5809,Galaxy,15.01454,-14.1652,14.4,1.6
NGC5810,NGC5810,Galaxy,15.04520,-17.8680,14.0,1.0
NGC5811,NGC5811,Galaxy Pair,15.00747,1.6239,14.8,1.0
NGC5812,NGC5812,Galaxy,15.01547,-7.4574,11.2,2.7
NGC5813,NGC5813,Galaxy,15.01979,1.7020,10.5,4.1
NGC5814,NGC5814,Galaxy,15.02254,1.6371,14.5,0.8
NGC5815,NGC5815,Galaxy,15.00814,-16.8343,14.4,0.8
NGC5816,NGC5816,Galaxy,15.00135,-16.0936,15.6,0.9
NGC5817,NGC5817,Galaxy,14.99468,-16.1804,15.4,1.0
NGC5818,NGC5818,Galaxy,14.98289,49.8214,14.8,1.0
NGC5820,NGC5820,Galaxy,14.97773,53.8861,12.2,1.7
NGC5821,NGC5821,Galaxy,14.98324,53.9233,14.7,1.5
NGC5822,NGC5822,Open Cluster,15.07257,-54.3964,6.5,18.0
NGC5823,NGC5823,Open Cluster,15.09184,-55.6037,7.9,3.9
NGC5824,NGC5824,Globular Cluster,15.06629,-33.0681,9.6,5.1
NGC5826,NGC5826,Galaxy,15.10940,55.4791,15.1,1.4
NGC5827,NGC5827,Galaxy,15.03159,25.9645,13.7,1.0
NGC5828,NGC5828,Galaxy,15.01281,49.9937,14.3,0.8
NGC5829,NGC5829,Galaxy,15.04500,23.3336,13.5,1.4
NGC5830,NGC5830,Galaxy,15.03081,47.8754,15.0,0.9
NGC5831,NGC5831,Galaxy,15.06861,1.2199,11.5,2.2
NGC5832,NGC5832,Galaxy,14.96270,71.6823,12.3,1.9
NGC5833,NGC5833,Galaxy,15.19824,-72.8594,11.9,3.1
NGC5835,NGC5835,Galaxy,15.04038,48.8777,15.5,1.1
NGC5836,NGC5836,Galaxy,14.99194,73.8932,14.8,1.2
NGC5837,NGC5837,Galaxy,15.07794,12.6334,14.4,1.0
NGC5838,NGC5838,Galaxy,15.09063,2.0993,10.8,3.9
NGC5839,NGC5839,Galaxy,15.09097,1.6348,12.2,1.4
NGC5840,NGC5840,Other,15.07237,29.5060,,
NGC5841,NGC5841,Galaxy,15.10973,2.0048,14.5,1.2
NGC5842,NGC5842,Galaxy,15.08111,21.0694,15.3,0.5
NGC5843,NGC5843,Galaxy,15.12441,-36.3274,13.1,2.0
NGC5844,NGC5844,Planetary Nebula,15.17804,-64.6737,13.2,0.9
NGC5845,NGC5845,Galaxy,15.10023,1.6338,11.4,1.0
NGC5846,NGC5846,Galaxy,15.10813,1.6056,10.2,4.3
NGC5846A,NGC5846A,Galaxy,15.10811,1.5949,13.4,3.2
NGC5847,NGC5847,Galaxy,15.10619,6.3799,15.2,0.7
NGC5849,NGC5849,Galaxy,15.11408,-14.5718,15.7,1.1
NGC5850,NGC5850,Galaxy,15.11880,1.5442,11.0,3.4
NGC5851,NGC5851,Galaxy,15.11484,12.8589,15.0,1.1
NGC5852,NGC5852,Galaxy,15.11567,12.8468,14.6,1.1
NGC5853,NGC5853,Galaxy,15.09814,39.5222,14.6,1.1
NGC5854,NGC5854,Galaxy,15.12992,2.5686,11.8,3.0
NGC5855,NGC5855,Galaxy,15.13029,3.9842,15.3,0.8
NGC5856,NGC5856,Double Star,15.12229,18.4424,6.0,
NGC5857,NGC5857,Galaxy,15.12425,19.5976,13.1,1.1
NGC5858,NGC5858,Galaxy,15.14698,-11.2078,14.1,2.2
NGC5859,NGC5859,Galaxy,15.12632,19.5823,12.4,2.5
NGC5860,NGC5860,Galaxy Pair,15.10939,42.6414,,0.8
NGC5861,NGC5861,Galaxy,15.15447,-11.3217,11.7,2.8
NGC5862,NGC5862,Galaxy,15.10092,55.5739,15.6,0.8
NGC5863,NGC5863,Galaxy,15.18010,-18.4310,13.2,1.4
NGC5864,NGC5864,Galaxy,15.15932,3.0527,12.7,2.5
NGC5865,NGC5865,Galaxy,15.16366,0.5298,14.8,1.2
NGC5866,NGC5866,Galaxy,15.10819,55.7632,9.9,6.3
NGC5866B,NGC5866B,Galaxy,15.20201,55.7851,15.4,2.3
NGC5867,NGC5867,Galaxy,15.10676,55.7316,16.8,0.4
NGC5869,NGC5869,Galaxy,15.16373,0.4700,12.2,2.2
NGC5871,NGC5871,Star,15.16800,0.4980,,
NGC5872,NGC5872,Galaxy,15.18213,-11.4801,14.2,1.8
NGC5873,NGC5873,Planetary Nebula,15.21411,-38.1256,11.0,0.1
NGC5874,NGC5874,Galaxy,15.13106,54.7528,12.5,2.4
NGC5875,NGC5875,Galaxy,15.15366,52.5284,13.3,2.4
NGC5876,NGC5876,Galaxy,15.15877,54.5065,13.7,2.5
NGC5877,NGC5877,Double Star,15.21474,-4.9272,,
NGC5878,NGC5878,Galaxy,15.22936,-14.2698,11.7,3.3
NGC5879,NGC5879,Galaxy,15.16298,57.0002,11.5,3.8
NGC5880,NGC5880,Galaxy,15.25032,-14.5790,15.0,0.9
NGC5881,NGC5881,Galaxy,15.10578,62.9810,14.1,0.8
NGC5882,NGC5882,Planetary Nebula,15.28056,-45.6493,10.2,0.2
NGC5883,NGC5883,Galaxy,15.25283,-14.6171,14.5,1.3
NGC5884,NGC5884,Double Star,15.21920,31.8611,,
NGC5885,NGC5885,Galaxy,15.25116,-10.0860,11.7,3.1
NGC5886,NGC5886,Galaxy,15.21262,41.2336,14.9,0.9
NGC5887,NGC5887,Galaxy,15.24555,1.1542,14.9,1.4
NGC5888,NGC5888,Galaxy,15.21871,41.2646,14.2,1.3
NGC5889,NGC5889,Galaxy,15.22104,41.3280,15.9,0.7
NGC5890,NGC5890,Galaxy,15.29755,-17.5892,14.2,1.6
NGC5891,NGC5891,Galaxy,15.27039,-11.4942,14.6,0.8
NGC5892,NGC5892,Galaxy,15.23006,-15.4639,12.2,3.0
NGC5893,NGC5893,Galaxy,15.22616,41.9588,14.1,1.1
NGC5894,NGC5894,Galaxy,15.19472,59.8089,13.2,3.0
NGC5895,NGC5895,Galaxy,15.23056,42.0081,15.2,0.9
NGC5896,NGC5896,Galaxy,15.23074,42.0243,15.4,0.3
NGC5897,NGC5897,Globular Cluster,15.29011,-21.0101,8.5,9.9
NGC5898,NGC5898,Galaxy,15.30377,-24.0979,11.4,2.7
NGC5899,NGC5899,Galaxy,15.25089,42.0498,12.3,2.1
NGC5900,NGC5900,Galaxy,15.25143,42.2094,13.4,1.5
NGC5901,NGC5901,Star,15.25072,42.2281,,
NGC5902,NGC5902,Galaxy,15.23956,50.3297,14.7,1.3
NGC5903,NGC5903,Galaxy,15.31015,-24.0686,11.3,3.0
NGC5905,NGC5905,Galaxy,15.25648,55.5174,12.5,3.2
NGC5907,NGC5907,Galaxy,15.26494,56.3288,10.4,11.3
NGC5908,NGC5908,Galaxy,15.27867,55.4093,11.9,3.4
NGC5909,NGC5909,Galaxy,15.19112,75.3838,13.6,1.0
NGC5910,NGC5910,Galaxy Triplet,15.32364,20.8950,,1.1
NGC5911,NGC5911,Galaxy,15.33839,3.5183,14.6,1.1
NGC5912,NGC5912,Galaxy,15.19469,75.3848,13.0,1.0
NGC5913,NGC5913,Galaxy,15.34873,-2.5779,14.2,1.9
NGC5914,NGC5914,Galaxy,15.31217,41.8655,14.5,0.9
NGC5914B,NGC5914B,Galaxy,15.31259,41.8908,15.3,0.5
NGC5915,NGC5915,Galaxy,15.35919,-13.0918,12.4,1.7
NGC5916,NGC5916,Galaxy,15.36053,-13.1693,13.5,3.1
NGC5916A,NGC5916A,Galaxy,15.35384,-13.1006,14.6,1.4
NGC5917,NGC5917,Galaxy,15.35905,-7.3772,13.8,1.7
NGC5918,NGC5918,Galaxy,15.32368,45.8803,13.9,2.0
NGC5919,NGC5919,Galaxy,15.36024,7.7193,14.4,1.0
NGC5920,NGC5920,Galaxy,15.36440,7.7088,13.8,1.3
NGC5921,NGC5921,Galaxy,15.36571,5.0705,11.0,3.0
NGC5923,NGC5923,Galaxy,15.35396,41.7259,13.1,1.3
NGC5924,NGC5924,Galaxy,15.36722,31.2331,15.3,0.7
NGC5925,NGC5925,Open Cluster,15.45745,-54.5288,8.4,4.8
NGC5926,NGC5926,Galaxy,15.39025,12.7153,14.7,0.9
NGC5927,NGC5927,Globular Cluster,15.46679,-50.6728,8.9,6.6
NGC5928,NGC5928,Galaxy,15.43413,18.0736,13.7,1.6
NGC5929,NGC5929,Galaxy,15.43504,41.6707,14.0,0.9
NGC5930,NGC5930,Galaxy,15.43554,41.6761,12.5,1.9
NGC5931,NGC5931,Galaxy,15.49156,7.5732,14.5,1.6
NGC5932,NGC5932,Galaxy,15.44673,48.6150,14.8,1.1
NGC5933,NGC5933,Galaxy,15.45044,48.6133,15.6,0.8
NGC5934,NGC5934,Galaxy,15.47022,42.9299,14.4,0.6
NGC5935,NGC5935,Galaxy,15.47131,42.9441,14.8,0.8
NGC5936,NGC5936,Galaxy,15.50023,12.9893,12.5,1.2
NGC5937,NGC5937,Galaxy,15.51281,-2.8295,13.1,1.9
NGC5938,NGC5938,Galaxy,15.60730,-66.8597,11.5,2.3
NGC5939,NGC5939,Galaxy,15.41279,68.7306,13.7,0.8
NGC5940,NGC5940,Galaxy,15.52169,7.4577,14.9,0.8
NGC5941,NGC5941,Galaxy,15.52784,7.3390,14.9,0.9
NGC5942,NGC5942,Galaxy,15.52689,7.3124,15.3,0.7
NGC5943,NGC5943,Galaxy,15.49559,42.7780,14.4,1.2
NGC5944,NGC5944,Galaxy,15.52989,7.3081,15.9,0.9
NGC5945,NGC5945,Galaxy,15.49584,42.9187,14.2,1.7
NGC5946,NGC5946,Globular Cluster,15.59127,-50.6597,10.7,3.6
NGC5947,NGC5947,Galaxy,15.51017,42.7171,14.6,1.2
NGC5948,NGC5948,Double Star,15.54962,3.9828,,
NGC5949,NGC5949,Galaxy,15.46685,64.7632,12.8,1.8
NGC5950,NGC5950,Galaxy,15.52522,40.4300,14.6,1.2
NGC5951,NGC5951,Galaxy,15.56196,15.0073,13.7,3.0
NGC5952,NGC5952,Galaxy,15.58234,4.9588,15.8,0.6
NGC5953,NGC5953,Galaxy,15.57566,15.1938,12.4,1.5
NGC5954,NGC5954,Galaxy,15.57639,15.2001,12.8,1.0
NGC5955,NGC5955,Galaxy,15.58680,5.0630,15.2,0.7
NGC5956,NGC5956,Galaxy,15.58293,11.7503,13.3,1.5
NGC5957,NGC5957,Galaxy,15.58978,12.0476,12.2,2.4
NGC5958,NGC5958,Galaxy,15.58032,28.6552,13.2,1.1
NGC5959,NGC5959,Galaxy,15.62290,-16.5958,14.8,2.1
NGC5960,NGC5960,Galaxy,15.60512,5.6654,14.9,0.9
NGC5961,NGC5961,Galaxy,15.58787,30.8642,13.8,0.8
NGC5962,NGC5962,Galaxy,15.60880,16.6078,11.5,2.5
NGC5963,NGC5963,Galaxy,15.55774,56.5597,12.1,3.1
NGC5964,NGC5964,Galaxy,15.62673,5.9740,11.8,3.4
NGC5965,NGC5965,Galaxy,15.56735,56.6856,11.8,5.1
NGC5966,NGC5966,Galaxy,15.59782,39.7689,12.2,1.5
NGC5967,NGC5967,Galaxy,15.80443,-75.6729,12.2,2.4
NGC5967A,NGC5967A,Galaxy,15.78298,-75.7874,14.2,1.5
NGC5968,NGC5968,Galaxy,15.66588,-30.5528,12.2,2.3
NGC5969,NGC5969,Galaxy,15.58084,56.4511,15.2,0.8
NGC5970,NGC5970,Galaxy,15.64166,12.1866,11.6,2.8
NGC5971,NGC5971,Galaxy,15.59358,56.4617,14.7,1.2
NGC5972,NGC5972,Galaxy,15.64838,17.0262,14.3,0.7
NGC5973,NGC5973,Galaxy,15.67096,-8.6009,15.2,0.9
NGC5974,NGC5974,Galaxy,15.65067,31.7599,14.2,0.6
NGC5975,NGC5975,Galaxy,15.66610,21.4708,14.6,0.9
NGC5976,NGC5976,Galaxy,15.61332,59.3978,14.8,1.0
NGC5977,NGC5977,Galaxy,15.67596,17.1280,15.2,0.9
NGC5978,NGC5978,Galaxy,15.70756,-13.2344,15.6,0.8
NGC5979,NGC5979,Planetary Nebula,15.79474,-61.2179,11.5,0.1
NGC5980,NGC5980,Galaxy,15.69178,15.7877,13.2,1.6
NGC5981,NGC5981,Galaxy,15.63151,59.3918,12.9,2.7
NGC5982,NGC5982,Galaxy,15.64440,59.3558,11.1,3.1
NGC5983,NGC5983,Galaxy,15.71267,8.2411,15.0,1.0
NGC5984,NGC5984,Galaxy,15.71477,14.2315,13.3,2.5
NGC5985,NGC5985,Galaxy,15.66030,59.3319,11.8,4.0
NGC5986,NGC5986,Globular Cluster,15.76762,-37.7861,6.9,5.4
NGC5987,NGC5987,Galaxy,15.66594,58.0795,11.7,3.8
NGC5988,NGC5988,Galaxy,15.74274,10.2931,15.0,1.1
NGC5989,NGC5989,Galaxy,15.69244,59.7552,13.6,0.9
NGC5990,NGC5990,Galaxy,15.77121,2.4154,13.3,1.6
NGC5991,NGC5991,Galaxy,15.75466,24.6305,14.4,1.0
NGC5992,NGC5992,Galaxy,15.73931,41.0864,14.0,0.7
NGC5993,NGC5993,Galaxy,15.74101,41.1208,13.5,0.9
NGC5994,NGC5994,Galaxy,15.78146,17.8726,15.6,0.6
NGC5995,NGC5995,Galaxy,15.80693,-13.7578,13.7,1.0
NGC5996,NGC5996,Galaxy,15.78302,17.8842,12.8,1.5
NGC5997,NGC5997,Galaxy,15.79102,8.3212,15.6,0.7
NGC5998,NGC5998,Open Cluster,15.82728,-28.5782,,5.4
NGC5999,NGC5999,Open Cluster,15.86906,-56.4728,9.0,3.3
NGC6000,NGC6000,Galaxy,15.83043,-29.3868,13.0,1.9
NGC6001,NGC6001,Galaxy,15.79610,28.6417,14.3,1.1
NGC6002,NGC6002,Star,15.79566,28.6097,,
NGC6003,NGC6003,Galaxy,15.82379,19.0321,13.4,1.0
NGC6004,NGC6004,Galaxy,15.83964,18.9393,13.4,1.9
NGC6005,NGC6005,Open Cluster,15.93019,-57.4374,10.7,4.2
NGC6006,NGC6006,Galaxy,15.88405,12.0054,15.5,0.7
NGC6007,NGC6007,Galaxy,15.88977,11.9592,13.2,1.6
NGC6008,NGC6008,Galaxy,15.88223,21.1005,14.1,1.2
NGC6009,NGC6009,Galaxy,15.89002,12.0587,15.6,0.7
NGC6010,NGC6010,Galaxy,15.90532,0.5431,13.2,1.8
NGC6011,NGC6011,Galaxy,15.77580,72.1692,14.4,1.8
NGC6012,NGC6012,Galaxy,15.90387,14.6013,12.0,1.8
NGC6013,NGC6013,Galaxy,15.88134,40.6467,13.6,1.4
NGC6014,NGC6014,Galaxy,15.93261,5.9319,13.7,1.8
NGC6015,NGC6015,Galaxy,15.85701,62.3100,11.2,5.8
NGC6016,NGC6016,Galaxy,15.93191,26.9665,15.0,1.0
NGC6017,NGC6017,Galaxy,15.95429,5.9984,13.8,0.8
NGC6018,NGC6018,Galaxy,15.95827,15.8726,13.4,1.3
NGC6019,NGC6019,Galaxy,15.86921,64.8407,15.7,0.4
NGC6020,NGC6020,Galaxy,15.95226,22.4046,12.7,1.7
NGC6021,NGC6021,Galaxy,15.95852,15.9561,13.0,1.6
NGC6022,NGC6022,Galaxy,15.96327,16.2823,14.7,0.8
NGC6023,NGC6023,Galaxy,15.96378,16.3102,13.1,1.6
NGC6024,NGC6024,Galaxy,15.88552,64.9181,15.0,1.0
NGC6025,NGC6025,Open Cluster,16.05494,-60.4314,5.1,11.4
NGC6026,NGC6026,Planetary Nebula,16.02248,-34.5442,12.9,0.7
NGC6027,NGC6027,Galaxy,15.98682,20.7634,15.3,1.6
NGC6027A,NGC6027A,Galaxy,15.98643,20.7549,14.8,1.8
NGC6027B,NGC6027B,Galaxy,15.98634,20.7622,15.2,0.9
NGC6027C,NGC6027C,Galaxy,15.98663,20.7476,16.6,1.1
NGC6027D,NGC6027D,Galaxy,15.98692,20.7599,16.4,0.3
NGC6027E,NGC6027E,Galaxy,15.98736,20.7659,14.4,2.3
NGC6028,NGC6028,Galaxy,16.02471,19.3599,13.5,1.3
NGC6029,NGC6029,Galaxy,16.03302,12.5740,15.8,0.8
NGC6030,NGC6030,Galaxy,16.03095,17.9575,12.9,1.3
NGC6031,NGC6031,Open Cluster,16.12649,-54.0149,8.5,4.8
NGC6032,NGC6032,Galaxy,16.05031,20.9559,13.6,0.8
NGC6033,NGC6033,Galaxy,16.07444,-2.1210,14.9,1.0
NGC6034,NGC6034,Galaxy,16.05891,17.1987,13.5,1.1
NGC6035,NGC6035,Galaxy,16.05672,20.8912,13.5,1.0
NGC6036,NGC6036,Galaxy,16.07521,3.8685,13.9,1.0
NGC6037,NGC6037,Galaxy,16.07497,3.8151,15.3,0.8
NGC6038,NGC6038,Galaxy,16.04460,37.3595,14.3,1.2
NGC6039,NGC6039,Galaxy,16.07766,17.7009,14.1,1.0
NGC6040,NGC6040,Galaxy Pair,16.07406,17.7451,14.6,1.4
NGC6041,NGC6041,Galaxy Pair,16.07647,17.7192,14.9,1.5
NGC6043,NGC6043,Galaxy Pair,16.08367,17.7739,15.4,0.7
NGC6044,NGC6044,Galaxy,16.08324,17.8704,14.3,0.7
NGC6045,NGC6045,Galaxy,16.08553,17.7577,14.0,1.4
NGC6047,NGC6047,Galaxy,16.08583,17.7299,13.5,1.2
NGC6048,NGC6048,Galaxy,15.95840,70.6891,13.5,1.9
NGC6049,NGC6049,Star,16.09387,8.0963,6.3,
NGC6050,NGC6050,Galaxy,16.08982,17.7572,14.7,0.9
NGC6050B,NGC6050B,Galaxy,16.08951,17.7542,15.4,0.6
NGC6051,NGC6051,Galaxy,16.08241,23.9327,13.0,2.7
NGC6052,NGC6052,Galaxy Pair,16.08694,20.5424,,1.2
NGC6054,NGC6054,Galaxy,16.09393,17.7679,14.2,0.8
NGC6055,NGC6055,Galaxy,16.09435,18.1644,14.6,0.7
NGC6056,NGC6056,Galaxy,16.09202,17.9636,13.9,1.0
NGC6057,NGC6057,Galaxy,16.09238,18.1596,13.8,1.2
NGC6058,NGC6058,Planetary Nebula,16.07404,40.6831,12.9,0.4
NGC6059,NGC6059,Double Star,16.11333,-6.3931,,
NGC6060,NGC6060,Galaxy,16.09777,21.4850,14.1,1.9
NGC6061,NGC6061,Galaxy,16.10445,18.2499,13.6,1.1
NGC6062,NGC6062,Galaxy,16.10634,19.7780,13.7,1.2
NGC6062B,NGC6062B,Galaxy,16.10527,19.7632,16.2,0.5
NGC6063,NGC6063,Galaxy,16.12027,7.9790,13.9,1.6
NGC6065,NGC6065,Galaxy,16.12304,13.8879,14.9,1.0
NGC6066,NGC6066,Galaxy,16.12649,13.9437,15.1,1.0
NGC6067,NGC6067,Open Cluster,16.21974,-54.2189,5.6,8.1
NGC6068,NGC6068,Galaxy,15.92389,78.9968,12.3,1.3
NGC6068A,NGC6068A,Galaxy,15.91320,78.9851,14.1,0.9
NGC6069,NGC6069,Galaxy,16.12823,38.9307,15.1,1.1
NGC6070,NGC6070,Galaxy,16.16630,0.7093,11.8,3.5
NGC6071,NGC6071,Galaxy,16.03529,70.4170,14.7,0.8
NGC6072,NGC6072,Planetary Nebula,16.21617,-36.2300,11.7,1.2
NGC6073,NGC6073,Galaxy,16.16968,16.6996,13.6,1.3
NGC6074,NGC6074,Galaxy Pair,16.18806,14.2569,,0.8
NGC6075,NGC6075,Galaxy,16.18961,23.9650,14.9,1.0
NGC6076,NGC6076,Galaxy Pair,16.18706,26.8725,,0.8
NGC6077,NGC6077,Galaxy,16.18726,26.9234,14.8,1.2
NGC6078,NGC6078,Galaxy,16.20151,14.2088,14.4,0.9
NGC6079,NGC6079,Galaxy,16.07478,69.6658,13.9,1.4
NGC6080,NGC6080,Galaxy Pair,16.21639,2.1792,,1.3
NGC6081,NGC6081,Galaxy,16.21579,9.8671,14.3,1.6
NGC6082,NGC6082,Other,16.25766,-34.2328,,
NGC6083,NGC6083,Galaxy,16.22018,14.1854,15.4,0.8
NGC6084,NGC6084,Galaxy,16.23798,17.7574,13.9,1.2
NGC6085,NGC6085,Galaxy,16.20978,29.3651,14.5,1.3
NGC6086,NGC6086,Galaxy,16.20987,29.4848,12.8,1.9
NGC6087,S Nor Cluster,Open Cluster,16.31405,-57.9346,5.4,10.2
NGC6088,NGC6088,Galaxy Pair,16.17875,57.4642,,1.1
NGC6089,NGC6089,Galaxy Pair,16.21131,33.0364,,1.1
NGC6090,NGC6090,Galaxy Pair,16.19464,52.4567,,0.8
NGC6091,NGC6091,Galaxy,16.13139,69.9048,14.8,0.9
NGC6092,NGC6092,Double Star,16.23461,28.1256,,
NGC6094,NGC6094,Galaxy,16.10942,72.4944,14.4,1.9
NGC6095,NGC6095,Galaxy,16.18638,61.2680,12.7,1.9
NGC6096,NGC6096,Galaxy,16.24631,26.5588,15.4,1.0
NGC6097,NGC6097,Galaxy,16.24060,35.1092,14.7,1.1
NGC6098,NGC6098,Galaxy,16.25949,19.4620,14.4,1.6
NGC6099,NGC6099,Galaxy,16.25988,19.4534,14.9,1.4
NGC6100,NGC6100,Galaxy,16.28121,0.8413,14.6,1.4
NGC6101,NGC6101,Globular Cluster,16.43016,-72.2016,10.1,4.5
NGC6102,NGC6102,Galaxy,16.26026,28.1586,15.3,0.8
NGC6103,NGC6103,Galaxy,16.26239,31.9639,14.4,0.7
NGC6104,NGC6104,Galaxy,16.27519,35.7081,13.6,0.9
NGC6105,NGC6105,Galaxy,16.28592,34.8789,15.5,0.7
NGC6106,NGC6106,Galaxy,16.31310,7.4109,12.2,2.2
NGC6107,NGC6107,Galaxy,16.28893,34.9019,13.8,1.6
NGC6108,NGC6108,Galaxy,16.29045,35.1357,15.1,0.9
NGC6109,NGC6109,Galaxy,16.29459,35.0043,12.8,1.0
NGC6110,NGC6110,Galaxy,16.29555,35.0870,15.6,0.7
NGC6111,NGC6111,Galaxy Pair,16.23967,63.2611,15.2,0.8
NGC6112,NGC6112,Galaxy,16.30016,35.1103,14.9,0.8
NGC6113,NGC6113,Galaxy,16.31959,14.1336,14.6,1.2
NGC6114,NGC6114,Galaxy,16.30656,35.1743,15.1,0.9
NGC6115,NGC6115,Open Cluster,16.40733,-51.9482,9.8,4.5
NGC6116,NGC6116,Galaxy,16.31517,35.1540,15.1,0.9
NGC6117,NGC6117,Galaxy,16.32171,37.0952,14.6,1.1
NGC6118,NGC6118,Galaxy,16.36351,-2.2834,11.7,4.5
NGC6119,NGC6119,Galaxy,16.32832,37.8063,15.4,0.6
NGC6120,NGC6120,Galaxy,16.33003,37.7745,14.3,0.5
NGC6122,NGC6122,Galaxy,16.33598,37.7982,15.5,1.1
NGC6123,NGC6123,Galaxy,16.28882,61.9391,14.4,0.9
NGC6124,NGC6124,Open Cluster,16.42224,-40.6537,5.8,13.5
NGC6125,NGC6125,Galaxy,16.31987,57.9842,12.0,1.4
NGC6126,NGC6126,Galaxy,16.35776,36.3766,13.6,0.9
NGC6129,NGC6129,Galaxy,16.36202,37.9960,14.7,0.9
NGC6130,NGC6130,Galaxy,16.32596,57.6150,14.2,1.2
NGC6131,NGC6131,Galaxy,16.36451,38.9324,13.3,1.1
NGC6132,NGC6132,Galaxy,16.39412,11.7862,14.7,1.3
NGC6133,NGC6133,Other,16.33811,56.6524,,
NGC6134,NGC6134,Open Cluster,16.46292,-49.1512,7.2,6.9
NGC6135,NGC6135,Galaxy,16.24024,64.9827,14.7,1.0
NGC6136,NGC6136,Galaxy,16.34984,55.9705,15.4,0.9
NGC6137,NGC6137,Galaxy,16.38419,37.9224,12.4,1.8
NGC6139,NGC6139,Globular Cluster,16.46125,-38.8498,9.7,4.5
NGC6140,NGC6140,Galaxy,16.34949,65.3906,11.7,2.1
NGC6141,NGC6141,Galaxy,16.38511,40.8583,15.6,0.4
NGC6142,NGC6142,Galaxy,16.38919,37.2584,14.7,1.5
NGC6143,NGC6143,Galaxy,16.36175,55.0861,13.9,1.1
NGC6144,NGC6144,Globular Cluster,16.45393,-26.0247,9.6,5.4
NGC6145,NGC6145,Galaxy,16.41732,40.9466,14.9,1.0
NGC6146,NGC6146,Galaxy,16.41954,40.8929,12.5,1.7
NGC6147,NGC6147,Galaxy,16.41829,40.9288,15.4,0.6
NGC6148,NGC6148,Galaxy,16.45112,24.0933,16.8,0.4
NGC6149,NGC6149,Galaxy,16.45673,19.5972,14.6,1.2
NGC6150,NGC6150,Galaxy,16.43056,40.4886,14.5,1.6
NGC6151,NGC6151,Other,16.64006,-73.2524,,
NGC6152,NGC6152,Open Cluster,16.54601,-52.6440,8.1,6.6
NGC6153,NGC6153,Planetary Nebula,16.52518,-40.2534,10.9,0.4
NGC6154,NGC6154,Galaxy,16.42513,49.8403,13.9,1.4
NGC6155,NGC6155,Galaxy,16.43565,48.3668,13.1,1.3
NGC6156,NGC6156,Galaxy,16.58126,-60.6188,12.0,1.9
NGC6157,NGC6157,Galaxy,16.43011,55.3606,15.3,0.9
NGC6158,NGC6158,Galaxy,16.46136,39.3830,13.7,1.2
NGC6159,NGC6159,Galaxy,16.45701,42.6797,14.3,1.5
NGC6160,NGC6160,Galaxy,16.46142,40.9270,14.2,1.8
NGC6161,NGC6161,Galaxy,16.47240,32.8106,15.6,0.7
NGC6162,NGC6162,Galaxy,16.47288,32.8493,14.6,1.1
NGC6163,NGC6163,Galaxy,16.47442,32.8464,15.3,0.9
NGC6164,NGC6164,Nebula,16.56162,-48.0801,6.7,1.4
NGC6165,NGC6165,Nebula,16.56762,-48.1505,6.7,2.5
NGC6166,NGC6166,Galaxy,16.47736,39.5516,11.9,2.1
NGC6166B,NGC6166B,Galaxy,16.48145,39.5600,15.7,0.4
NGC6166C,NGC6166C,Galaxy,16.47314,39.5703,15.2,0.7
NGC6167,NGC6167,Open Cluster,16.57638,-49.7719,6.7,7.2
NGC6168,NGC6168,Galaxy,16.52258,20.1849,14.6,1.6
NGC6169,NGC6169,Open Cluster,16.56795,-44.0456,6.6,4.2
NGC6170,NGC6170,Galaxy,16.46014,59.5625,14.8,0.8
NGC6172,NGC6172,Galaxy,16.36953,-1.5149,14.2,0.9
NGC6173,NGC6173,Galaxy,16.49581,40.8116,12.1,2.0
NGC6174,NGC6174,Galaxy Pair,16.49658,40.8720,,0.9
NGC6175,NGC6175,Galaxy Pair,16.49942,40.6292,,1.5
NGC6177,NGC6177,Galaxy,16.51080,35.0564,14.6,1.6
NGC6178,NGC6178,Open Cluster,16.59646,-45.6437,7.2,6.9
NGC6179,NGC6179,Galaxy,16.51307,35.1022,16.0,0.4
NGC6180,NGC6180,Galaxy,16.50942,40.5394,14.7,1.1
NGC6181,NGC6181,Galaxy,16.53916,19.8266,11.8,2.4
NGC6182,NGC6182,Galaxy,16.49278,55.5178,14.5,1.5
NGC6183,NGC6183,Galaxy,16.69497,-69.3722,14.1,2.4
NGC6184,NGC6184,Galaxy,16.52626,40.5656,14.9,0.9
NGC6185,NGC6185,Galaxy,16.55495,35.3423,14.4,1.5
NGC6186,NGC6186,Galaxy,16.57374,21.5409,14.2,1.6
NGC6187,NGC6187,Galaxy,16.52686,57.7067,15.3,0.8
NGC6188,Rim Nebula,Nebula,16.66829,-48.6623,,20.0
NGC6189,NGC6189,Galaxy,16.52803,59.6261,13.2,1.5
NGC6190,NGC6190,Galaxy,16.53519,58.4390,13.1,1.4
NGC6191,NGC6191,Galaxy,16.19180,58.7858,14.8,1.3
NGC6192,NGC6192,Open Cluster,16.67330,-43.3668,8.5,7.5
NGC6193,NGC6193,Open Cluster,16.68895,-48.7625,,8.1
NGC6194,NGC6194,Galaxy,16.61032,36.2004,14.4,0.9
NGC6195,NGC6195,Galaxy,16.60905,39.0279,13.2,1.4
NGC6196,NGC6196,Galaxy,16.63164,36.0731,12.9,1.1
NGC6197,NGC6197,Galaxy,16.63330,35.9955,15.2,0.8
NGC6198,NGC6198,Galaxy,16.59185,57.4868,15.0,0.9
NGC6199,NGC6199,Star,16.65805,36.0590,15.0,
NGC6200,NGC6200,Open Cluster,16.73538,-47.4627,7.4,8.1
NGC6201,NGC6201,Galaxy,16.67067,23.7653,15.3,0.6
NGC6202,NGC6202,Galaxy,16.72312,61.9839,13.8,0.7
NGC6203,NGC6203,Galaxy,16.67428,23.7748,15.3,1.1
NGC6204,NGC6204,Open Cluster,16.76931,-47.0170,8.2,4.5
NGC6206,NGC6206,Galaxy,16.66886,58.6174,14.5,0.7
NGC6207,NGC6207,Galaxy,16.71771,36.8324,11.6,3.5
NGC6208,NGC6208,Open Cluster,16.82450,-53.7283,7.2,8.4
NGC6209,NGC6209,Galaxy,16.91602,-72.5866,13.2,2.1
NGC6210,NGC6210,Planetary Nebula,16.74153,23.7998,9.7,0.5
NGC6211,NGC6211,Galaxy,16.69101,57.7836,14.3,1.3
NGC6212,NGC6212,Galaxy,16.72309,39.8064,15.0,0.9
NGC6213,NGC6213,Galaxy,16.69366,57.8149,15.7,0.7
NGC6214,NGC6214,Galaxy,16.65887,66.0395,14.2,1.0
NGC6215,NGC6215,Galaxy,16.85189,-58.9935,11.2,2.6
NGC6215A,NGC6215A,Galaxy,16.88318,-58.9480,14.2,2.0
NGC6216,NGC6216,Open Cluster,16.82323,-44.7315,10.1,4.2
NGC6217,NGC6217,Galaxy,16.54422,78.1982,12.8,2.2
NGC6219,NGC6219,Galaxy,16.77292,9.0379,15.1,0.8
NGC6220,NGC6220,Galaxy,16.78702,-0.2755,15.2,1.5
NGC6221,NGC6221,Galaxy,16.87947,-59.2186,10.5,4.8
NGC6223,NGC6223,Galaxy,16.71786,61.5789,13.0,3.2
NGC6224,NGC6224,Galaxy,16.80515,6.3122,14.9,1.1
NGC6225,NGC6225,Galaxy,16.80599,6.2228,14.9,1.2
NGC6227,NGC6227,Star,16.85937,-41.2305,5.2,
NGC6228,NGC6228,Galaxy,16.80074,26.2136,15.3,0.9
NGC6229,NGC6229,Globular Cluster,16.78302,47.5278,9.9,4.8
NGC6230,NGC6230,Galaxy Pair,16.84575,4.6050,,1.7
NGC6231,NGC6231,Open Cluster,16.90303,-41.8243,2.6,13.8
NGC6232,NGC6232,Galaxy,16.72229,70.6325,13.4,1.5
NGC6233,NGC6233,Galaxy,16.83769,23.5798,14.6,1.5
NGC6234,NGC6234,Galaxy,16.86593,4.3835,15.3,0.7
NGC6235,NGC6235,Globular Cluster,16.89038,-22.1774,7.2,4.2
NGC6236,NGC6236,Galaxy,16.74296,70.7802,13.9,1.8
NGC6237,NGC6237,Other,16.73543,70.6348,,
NGC6238,NGC6238,Galaxy,16.78795,62.1470,14.5,0.7
NGC6239,NGC6239,Galaxy,16.83472,42.7397,12.4,2.3
NGC6240,NGC6240,Galaxy,16.88302,2.4009,13.3,2.2
NGC6241,NGC6241,Galaxy,16.83638,45.4206,14.8,0.5
NGC6242,NGC6242,Open Cluster,16.92596,-39.4609,6.4,6.6
NGC6243,NGC6243,Galaxy,16.87397,23.3326,14.8,1.2
NGC6244,NGC6244,Galaxy,16.80109,62.2004,14.2,1.5
NGC6245,NGC6245,Other,16.75624,70.8046,,
NGC6246,NGC6246,Galaxy,16.83131,55.5421,13.6,1.4
NGC6246A,NGC6246A,Galaxy,16.83722,55.3846,12.5,2.2
NGC6247,NGC6247,Galaxy,16.80562,62.9764,13.8,0.9
NGC6248,NGC6248,Galaxy,16.77277,70.3588,14.0,1.2
NGC6249,NGC6249,Open Cluster,16.96153,-44.8119,8.2,7.6
NGC6250,NGC6250,Cluster + Nebula,16.96557,-45.9366,5.9,9.6
NGC6251,NGC6251,Galaxy,16.54221,82.5379,14.0,1.7
NGC6252,NGC6252,Galaxy,16.54460,82.5768,15.3,0.8
NGC6253,NGC6253,Open Cluster,16.98476,-52.7088,10.2,6.0
NGC6255,NGC6255,Galaxy,16.91332,36.5011,12.9,3.1
NGC6256,NGC6256,Globular Cluster,16.99241,-37.1214,,4.2
NGC6257,NGC6257,Galaxy,16.93431,39.6455,15.6,0.9
NGC6258,NGC6258,Galaxy,16.87494,60.5145,14.5,0.9
NGC6259,NGC6259,Open Cluster,17.01261,-44.6550,8.0,6.0
NGC6260,NGC6260,Galaxy,16.86406,63.7146,14.7,0.9
NGC6261,NGC6261,Galaxy,16.94181,27.9775,15.2,1.1
NGC6262,NGC6262,Galaxy,16.97856,57.0984,14.6,0.8
NGC6263,NGC6263,Galaxy,16.94533,27.8221,14.7,1.1
NGC6264,NGC6264,Galaxy,16.95448,27.8496,15.4,0.8
NGC6265,NGC6265,Galaxy,16.95808,27.8442,15.2,0.9
NGC6267,NGC6267,Galaxy,16.96907,22.9851,13.9,1.3
NGC6268,NGC6268,Open Cluster,17.03622,-39.7282,9.5,6.0
NGC6269,NGC6269,Galaxy,16.96614,27.8543,12.3,1.8
NGC6270,NGC6270,Galaxy,16.97890,27.8591,15.6,0.7
NGC6271,NGC6271,Galaxy,16.98077,27.9646,15.7,0.7
NGC6272,NGC6272,Galaxy,16.98285,27.9309,15.5,0.6
NGC6274,NGC6274,Galaxy Pair,16.98914,29.9438,,1.2
NGC6275,NGC6275,Galaxy,16.92594,63.2422,17.4,0.8
NGC6276,NGC6276,Galaxy,17.01253,23.0440,15.1,0.6
NGC6277,NGC6277,Star,17.01358,23.0394,,
NGC6278,NGC6278,Galaxy,17.01398,23.0110,13.8,1.7
NGC6279,NGC6279,Galaxy,16.98373,47.2372,14.8,1.0
NGC6280,NGC6280,Galaxy Pair,17.03264,6.6658,15.5,0.7
NGC6281,NGC6281,Open Cluster,17.07814,-37.9852,5.4,10.2
NGC6282,NGC6282,Galaxy,17.01309,29.8206,15.2,0.7
NGC6283,NGC6283,Galaxy,16.99071,49.9220,13.6,1.1
NGC6284,NGC6284,Globular Cluster,17.07465,-24.7643,7.4,6.6
NGC6285,NGC6285,Galaxy,16.97334,58.9560,14.5,1.1
NGC6286,NGC6286,Galaxy,16.97538,58.9362,14.1,1.2
NGC6287,NGC6287,Globular Cluster,17.08593,-22.7080,10.3,5.4
NGC6288,NGC6288,Galaxy,16.95679,68.4570,15.2,0.7
NGC6289,NGC6289,Galaxy,16.96250,68.5147,15.4,1.1
NGC6290,NGC6290,Galaxy,17.01568,58.9705,13.6,1.0
NGC6291,NGC6291,Galaxy,17.01553,58.9376,14.8,0.6
NGC6292,NGC6292,Galaxy,17.05096,61.0439,14.3,1.3
NGC6293,NGC6293,Globular Cluster,17.16956,-26.5817,9.0,4.5
NGC6294,NGC6294,Double Star,17.17118,-26.5746,,
NGC6295,NGC6295,Galaxy,17.05426,60.3377,15.4,1.0
NGC6296,NGC6296,Galaxy,17.14569,3.8941,14.2,0.9
NGC6297,NGC6297,Galaxy,17.06015,62.0256,14.4,0.6
NGC6299,NGC6299,Galaxy,17.08456,62.4578,14.9,0.9
NGC6300,NGC6300,Galaxy,17.28319,-62.8206,10.3,5.3
NGC6301,NGC6301,Galaxy,17.14243,42.3391,14.5,1.8
NGC6302,Bug Nebula,Planetary Nebula,17.22906,-37.1031,9.6,0.7
NGC6303,NGC6303,Galaxy,17.08410,68.8276,15.0,1.5
NGC6304,NGC6304,Globular Cluster,17.24236,-29.4623,9.0,3.6
NGC6305,NGC6305,Galaxy,17.30026,-59.1721,12.2,1.7
NGC6306,NGC6306,Galaxy,17.12694,60.7289,13.9,1.3
NGC6307,NGC6307,Galaxy,17.12791,60.7508,13.6,1.4
NGC6308,NGC6308,Galaxy,17.19992,23.3799,14.2,1.2
NGC6309,Box Nebula,Planetary Nebula,17.23453,-12.9106,11.5,0.3
NGC6310,NGC6310,Galaxy,17.13263,60.9902,13.8,1.7
NGC6311,NGC6311,Galaxy,17.17877,41.6511,14.6,1.2
NGC6312,NGC6312,Galaxy,17.18004,42.2877,15.0,0.9
NGC6313,NGC6313,Galaxy,17.17244,48.3318,14.7,1.4
NGC6314,NGC6314,Galaxy,17.21075,23.2701,13.1,1.4
NGC6315,NGC6315,Galaxy,17.21282,23.2236,13.3,0.8
NGC6316,NGC6316,Globular Cluster,17.27706,-28.1400,9.0,4.8
NGC6317,NGC6317,Galaxy,17.14986,62.8980,15.0,1.0
NGC6318,NGC6318,Open Cluster,17.26989,-39.4250,11.8,3.3
NGC6319,NGC6319,Galaxy,17.16224,62.9731,14.3,1.2
NGC6320,NGC6320,Galaxy,17.21548,40.2665,14.8,1.3
NGC6321,NGC6321,Galaxy,17.24006,20.3139,14.4,1.0
NGC6322,NGC6322,Open Cluster,17.30716,-42.9340,6.0,6.3
NGC6323,NGC6323,Galaxy,17.22169,43.7824,14.7,1.2
NGC6324,NGC6324,Galaxy,17.09037,75.4070,13.4,1.0
NGC6325,NGC6325,Globular Cluster,17.29980,-23.7660,11.5,4.0
NGC6326,NGC6326,Planetary Nebula,17.34621,-51.7544,12.2,0.2
NGC6327,NGC6327,Galaxy,17.23397,43.6495,15.7,0.6
NGC6328,NGC6328,Galaxy,17.39473,-65.0102,15.5,1.6
NGC6329,NGC6329,Galaxy,17.23751,43.6847,14.2,1.2
NGC6330,NGC6330,Galaxy,17.26234,29.4043,15.2,1.2
NGC6331,NGC6331,Galaxy,17.05999,78.6290,15.2,1.0
NGC6332,NGC6332,Galaxy,17.25081,43.6602,14.5,1.7
NGC6334,NGC6334,Supernova Remnant,17.34714,-36.1027,,8.4
NGC6335,NGC6335,Star Association,17.32553,-30.1642,,
NGC6336,NGC6336,Galaxy,17.27127,43.8205,14.4,1.1
NGC6337,NGC6337,Planetary Nebula,17.37100,-38.4837,12.3,0.8
NGC6338,NGC6338,Galaxy,17.25639,57.4112,12.4,1.7
NGC6339,NGC6339,Galaxy,17.28514,40.8450,13.8,1.9
NGC6340,NGC6340,Galaxy,17.17357,72.3044,11.1,3.0
NGC6342,NGC6342,Globular Cluster,17.35282,-19.5874,10.0,6.6
NGC6343,NGC6343,Galaxy,17.28785,41.0527,14.5,1.2
NGC6344,NGC6344,Double Star,17.28838,42.4342,,
NGC6345,NGC6345,Galaxy,17.25674,57.3503,15.1,0.9
NGC6346,NGC6346,Galaxy,17.25680,57.3225,15.0,0.9
NGC6347,NGC6347,Galaxy,17.33185,16.6607,13.4,1.2
NGC6348,NGC6348,Galaxy,17.30589,41.6476,15.3,0.8
NGC6349,NGC6349,Galaxy,17.31849,36.0609,15.2,1.1
NGC6350,NGC6350,Galaxy,17.31174,41.6943,14.2,1.2
NGC6351,NGC6351,Galaxy Pair,17.31983,36.0606,,0.4
NGC6352,NGC6352,Globular Cluster,17.42477,-48.4227,8.9,7.2
NGC6353,NGC6353,Other,17.35346,15.6886,,
NGC6354,NGC6354,Other,17.40952,-38.5416,,
NGC6355,NGC6355,Globular Cluster,17.39963,-26.3534,11.1,2.7
NGC6356,NGC6356,Globular Cluster,17.39305,-17.8130,7.4,5.4
NGC6357,the War and Peace Nebula,Cluster + Nebula,17.41210,-34.2013,,3.9
NGC6358,NGC6358,Galaxy,17.31472,52.6153,15.1,1.0
NGC6359,NGC6359,Galaxy,17.29805,61.7808,12.6,1.1
NGC6360,NGC6360,Star Association,17.40767,-29.8716,,5.1
NGC6361,NGC6361,Galaxy,17.31141,60.6082,13.8,2.1
NGC6362,NGC6362,Globular Cluster,17.53190,-67.0479,8.9,8.4
NGC6363,NGC6363,Galaxy,17.37778,41.1017,14.6,1.0
NGC6364,NGC6364,Galaxy,17.40759,29.3902,14.4,1.4
NGC6365,NGC6365,Galaxy Pair,17.37881,62.1700,,1.5
NGC6365A,NGC6365A,Galaxy,17.37884,62.1661,18.0,1.0
NGC6365B,NGC6365B,Galaxy,17.37876,62.1737,16.2,1.1
NGC6366,NGC6366,Globular Cluster,17.46231,-5.0766,,13.8
NGC6367,NGC6367,Galaxy,17.41917,37.7599,14.9,1.0
NGC6368,NGC6368,Galaxy,17.45321,11.5436,13.6,3.4
NGC6369,Little Ghost Nebula,Planetary Nebula,17.48903,-23.7594,11.4,0.6
NGC6370,NGC6370,Galaxy,17.39033,56.9745,14.2,1.3
NGC6371,NGC6371,Galaxy,17.45572,26.5051,15.1,0.7
NGC6372,NGC6372,Galaxy,17.45885,26.4751,12.9,1.6
NGC6373,NGC6373,Galaxy,17.40225,58.9951,14.6,1.0
NGC6374,NGC6374,Open Cluster,17.57848,-32.5814,5.5,6.9
NGC6375,NGC6375,Galaxy,17.48941,16.2067,14.5,1.5
NGC6376,NGC6376,Galaxy,17.42199,58.8174,14.1,0.5
NGC6377,NGC6377,Galaxy,17.42311,58.8228,14.8,0.6
NGC6378,NGC6378,Galaxy,17.51166,6.2823,15.0,1.1
NGC6379,NGC6379,Galaxy,17.50970,16.2888,12.9,1.0
NGC6380,NGC6380,Globular Cluster,17.57456,-39.0697,,3.9
NGC6381,NGC6381,Galaxy,17.45468,60.0141,13.7,1.2
NGC6382,NGC6382,Galaxy,17.46533,56.8687,14.9,1.2
NGC6384,NGC6384,Galaxy,17.54008,7.0603,10.6,2.5
NGC6385,NGC6385,Galaxy,17.46706,57.5218,14.1,1.1
NGC6386,NGC6386,Galaxy,17.48105,52.7234,15.2,1.0
NGC6387,NGC6387,Galaxy,17.47329,57.5454,16.8,0.3
NGC6388,NGC6388,Globular Cluster,17.60484,-44.7356,7.4,8.4
NGC6389,NGC6389,Galaxy,17.54438,16.4018,12.1,1.2
NGC6390,NGC6390,Galaxy,17.47447,60.0942,14.5,0.9
NGC6391,NGC6391,Galaxy,17.48027,58.8509,14.8,0.8
NGC6392,NGC6392,Galaxy,17.72510,-69.7852,12.3,1.9
NGC6393,NGC6393,Galaxy,17.50235,59.5318,15.8,0.4
NGC6394,NGC6394,Galaxy,17.50595,59.6399,15.4,1.1
NGC6395,NGC6395,Galaxy,17.44202,71.0963,12.7,2.2
NGC6396,NGC6396,Open Cluster,17.62676,-35.0259,8.5,3.3
NGC6397,NGC6397,Globular Cluster,17.67816,-53.6737,5.2,15.3
NGC6398,NGC6398,Galaxy,17.71215,-61.6943,13.5,2.4
NGC6399,NGC6399,Galaxy,17.53064,59.6155,14.6,1.2
NGC6400,NGC6400,Open Cluster,17.67022,-36.9477,8.8,6.0
NGC6401,NGC6401,Globular Cluster,17.64359,-23.9088,10.7,4.5
NGC6403,NGC6403,Galaxy,17.72321,-61.6821,14.3,1.1
NGC6404,NGC6404,Open Cluster,17.66038,-33.2467,10.6,4.2
NGC6406,NGC6406,Double Star,17.63863,18.8331,,
NGC6407,NGC6407,Galaxy,17.74936,-60.7398,13.0,2.5
NGC6408,NGC6408,Galaxy,17.64649,18.8779,14.4,1.6
NGC6409,NGC6409,Galaxy,17.60983,50.7659,14.6,0.7
NGC6410,NGC6410,Double Star,17.58902,60.7931,,
NGC6411,NGC6411,Galaxy,17.59246,60.8134,11.9,1.8
NGC6412,NGC6412,Galaxy,17.49375,75.7044,11.8,2.1
NGC6413,NGC6413,Other,17.67798,12.6239,,
NGC6414,NGC6414,Galaxy,17.51024,74.3761,15.7,1.0
NGC6415,NGC6415,Star Association,17.73904,-35.0710,,
NGC6416,NGC6416,Open Cluster,17.73889,-32.3610,,6.9
NGC6417,NGC6417,Galaxy,17.69662,23.6722,14.3,1.4
NGC6418,NGC6418,Galaxy,17.63592,58.7149,14.5,0.7
NGC6419,NGC6419,Galaxy,17.60164,68.1558,15.3,1.0
NGC6420,NGC6420,Galaxy,17.60453,68.0524,15.4,1.0
NGC6421,NGC6421,Star Association,17.76228,-33.6926,,
NGC6422,NGC6422,Galaxy,17.60834,68.0586,15.0,1.2
NGC6423,NGC6423,Galaxy,17.61481,68.1715,15.6,0.6
NGC6424,NGC6424,Galaxy,17.60335,69.9889,14.7,0.8
NGC6425,NGC6425,Open Cluster,17.78380,-31.5294,7.2,4.8
NGC6426,NGC6426,Globular Cluster,17.74853,3.1701,,5.7
NGC6427,NGC6427,Galaxy,17.72739,25.4939,14.5,1.6
NGC6428,NGC6428,Double Star,17.73134,25.5548,,
NGC6429,NGC6429,Galaxy,17.73482,25.3507,14.2,1.8
NGC6430,NGC6430,Galaxy,17.75396,18.1389,14.7,1.7
NGC6432,NGC6432,Other,17.78956,-24.8875,,
NGC6433,NGC6433,Galaxy,17.73228,36.8001,14.0,1.9
NGC6434,NGC6434,Galaxy,17.61356,72.0890,13.2,2.1
NGC6435,NGC6435,Galaxy,17.66974,62.6418,14.9,0.9
NGC6436,NGC6436,Galaxy,17.68701,60.4497,14.8,1.0
NGC6437,NGC6437,Star Association,17.80587,-35.3662,,
NGC6438,NGC6438,Galaxy,18.37152,-85.4021,11.6,1.8
NGC6438A,NGC6438A,Galaxy,18.37653,-85.4063,12.6,3.4
NGC6439,NGC6439,Planetary Nebula,17.80550,-16.4789,12.6,0.1
NGC6440,NGC6440,Globular Cluster,17.81463,-20.3596,10.1,5.1
NGC6441,NGC6441,Globular Cluster,17.83690,-37.0511,8.0,4.8
NGC6442,NGC6442,Galaxy,17.78093,20.7611,14.4,1.4
NGC6443,NGC6443,Galaxy,17.74274,48.1141,14.7,1.1
NGC6444,NGC6444,Open Cluster,17.82644,-34.8197,,6.9
NGC6445,Little Gem,Planetary Nebula,17.82085,-20.0095,11.2,0.6
NGC6446,NGC6446,Galaxy,17.76875,35.5694,15.0,0.6
NGC6447,NGC6447,Galaxy,17.77145,35.5720,13.0,1.4
NGC6448,NGC6448,Other,17.72856,53.5461,,
NGC6449,NGC6449,Galaxy,17.72954,56.8041,14.6,0.9
NGC6450,NGC6450,Other,17.79232,18.5752,,
NGC6451,NGC6451,Open Cluster,17.84462,-30.2116,8.2,7.2
NGC6452,NGC6452,Galaxy,17.79959,20.8378,15.1,0.7
NGC6453,NGC6453,Globular Cluster,17.84770,-34.5999,10.5,5.4
NGC6454,NGC6454,Galaxy,17.74906,55.7048,13.5,1.4
NGC6455,NGC6455,Star Association,17.85225,-35.3378,,7.8
NGC6456,NGC6456,Galaxy,17.70885,67.5923,15.5,0.5
NGC6457,NGC6457,Galaxy,17.71468,66.4760,15.2,1.1
NGC6458,NGC6458,Galaxy,17.81972,20.8043,14.9,1.1
NGC6459,NGC6459,Galaxy,17.76311,55.7767,15.2,0.9
NGC6460,NGC6460,Galaxy,17.82510,20.7637,14.7,1.7
NGC6461,NGC6461,Galaxy,17.66570,74.0342,15.6,0.8
NGC6462,NGC6462,Galaxy,17.74691,61.9106,14.9,0.6
NGC6463,NGC6463,Galaxy,17.72620,67.6035,15.1,0.9
NGC6464,NGC6464,Galaxy,17.76320,60.8975,15.3,0.6
NGC6465,NGC6465,Other,17.88211,-25.3977,,
NGC6466,NGC6466,Galaxy,17.80225,51.3992,14.8,0.7
NGC6467,NGC6467,Galaxy,17.84449,17.5378,14.8,1.4
NGC6469,NGC6469,Open Cluster,17.88670,-22.2751,8.2,9.0
NGC6470,NGC6470,Galaxy,17.73746,67.6194,15.1,1.1
NGC6471,NGC6471,Galaxy Pair,17.73767,67.5919,,1.2
NGC6472,NGC6472,Galaxy,17.73419,67.6303,16.3,0.7
NGC6473,NGC6473,Galaxy,17.76607,57.2571,15.3,0.9
NGC6474,NGC6474,Galaxy,17.78488,57.3012,15.0,0.9
NGC6476,NGC6476,Star Association,17.90056,-29.1442,,
NGC6477,NGC6477,Galaxy,17.74167,67.6106,16.6,0.6
NGC6478,NGC6478,Galaxy,17.81065,51.1572,14.0,1.4
NGC6479,NGC6479,Galaxy,17.80600,54.1490,14.4,0.9
NGC6480,NGC6480,Star Association,17.90723,-30.4521,,2.7
NGC6481,NGC6481,Other,17.88025,4.1678,,3.9
NGC6482,NGC6482,Galaxy,17.86356,23.0719,11.3,2.0
NGC6483,NGC6483,Galaxy,17.99189,-63.6687,12.0,1.8
NGC6484,NGC6484,Galaxy,17.86305,24.4835,13.3,1.7
NGC6485,NGC6485,Galaxy,17.86465,31.4618,14.1,1.2
NGC6486,NGC6486,Galaxy,17.87647,29.8180,15.0,0.6
NGC6487,NGC6487,Galaxy,17.87829,29.8386,12.0,1.8
NGC6488,NGC6488,Galaxy,17.82249,62.2229,14.8,0.7
NGC6489,NGC6489,Galaxy,17.83370,60.0922,16.2,0.5
NGC6490,NGC6490,Galaxy,17.90846,18.3758,14.7,1.0
NGC6491,NGC6491,Galaxy,17.83353,61.5318,14.4,1.2
NGC6492,NGC6492,Galaxy,18.04676,-66.4306,11.9,2.4
NGC6493,NGC6493,Galaxy,17.83963,61.5594,15.4,1.1
NGC6495,NGC6495,Galaxy,17.91410,18.3269,13.9,1.4
NGC6496,NGC6496,Globular Cluster,17.98436,-44.2663,10.0,4.6
NGC6497,NGC6497,Galaxy,17.85499,59.4709,14.2,1.4
NGC6499,NGC6499,Double Star,17.92223,18.3598,,
NGC6500,NGC6500,Galaxy,17.93327,18.3382,12.5,2.1
NGC6501,NGC6501,Galaxy,17.93437,18.3731,13.1,1.7
NGC6502,NGC6502,Galaxy,18.07048,-65.4099,13.6,1.4
NGC6503,NGC6503,Galaxy,17.82401,70.1444,10.1,5.9
NGC6504,NGC6504,Galaxy,17.93492,33.2084,13.3,1.9
NGC6505,NGC6505,Galaxy,17.85207,65.5308,15.3,1.1
NGC6506,NGC6506,Open Cluster,17.99819,-24.6853,,
NGC6507,NGC6507,Open Cluster,17.99744,-17.4503,9.6,4.8
NGC6508,NGC6508,Galaxy,17.82957,72.0211,14.0,1.3
NGC6509,NGC6509,Galaxy,17.99035,6.2870,13.3,1.4
NGC6510,NGC6510,Galaxy,17.91092,60.8179,14.3,0.8
NGC6512,NGC6512,Galaxy,17.91397,62.6451,14.7,0.8
NGC6513,NGC6513,Galaxy,17.99292,24.8805,14.6,1.1
NGC6515,NGC6515,Galaxy,17.95700,50.7281,14.2,1.5
NGC6516,NGC6516,Galaxy,17.92133,62.6699,15.7,0.7
NGC6517,NGC6517,Globular Cluster,18.03066,-8.9595,11.1,4.8
NGC6518,NGC6518,Galaxy,17.99548,28.8667,14.9,0.8
NGC6519,NGC6519,Double Star,18.05559,-29.8042,,
NGC6520,NGC6520,Open Cluster,18.05671,-27.8861,7.6,5.4
NGC6521,NGC6521,Galaxy,17.93012,62.6123,13.9,1.6
NGC6522,NGC6522,Globular Cluster,18.05946,-30.0340,9.5,3.9
NGC6524,NGC6524,Galaxy,17.98742,45.8871,13.9,1.6
NGC6525,NGC6525,Open Cluster,18.03465,11.0383,,5.4
NGC6526,NGC6526,Nebula,18.06837,-24.4419,,40.0
NGC6527,NGC6527,Galaxy,18.02954,19.7287,14.9,1.5
NGC6528,NGC6528,Globular Cluster,18.08045,-30.0558,10.7,3.6
NGC6529,NGC6529,Star Association,18.09135,-36.2954,,
NGC6530,NGC6530,Cluster + Nebula,18.07529,-24.3581,4.6,6.0
NGC6532,NGC6532,Galaxy,17.98721,56.2318,14.9,1.7
NGC6534,NGC6534,Galaxy,17.93571,64.2837,15.4,0.9
NGC6535,NGC6535,Globular Cluster,18.06408,-0.2969,9.8,3.6
NGC6536,NGC6536,Galaxy,17.95454,64.9381,14.2,1.1
NGC6537,Red Spider Nebula,Planetary Nebula,18.08697,-19.8430,11.6,0.2
NGC6538,NGC6538,Galaxy,17.90461,73.4239,14.1,0.9
NGC6539,NGC6539,Globular Cluster,18.08049,-7.5859,,6.0
NGC6540,NGC6540,Globular Cluster,18.10221,-27.7628,,4.1
NGC6541,NGC6541,Globular Cluster,18.13398,-43.7159,7.3,7.5
NGC6542,NGC6542,Galaxy,17.99406,61.3594,13.9,1.4
NGC6543,Cat's Eye Nebula,Planetary Nebula,17.97594,66.6332,9.0,0.9
NGC6544,NGC6544,Globular Cluster,18.12222,-24.9984,9.9,6.0
NGC6545,NGC6545,Galaxy,18.20410,-63.7761,14.2,1.1
NGC6546,NGC6546,Open Cluster,18.12293,-23.2962,8.0,6.9
NGC6547,NGC6547,Galaxy,18.08612,25.2326,14.2,1.6
NGC6548,NGC6548,Galaxy,18.09979,18.5872,11.7,2.6
NGC6549,NGC6549,Galaxy,18.09708,18.5380,14.7,1.2
NGC6551,NGC6551,Other,18.14991,-29.5577,,
NGC6552,NGC6552,Galaxy,18.00201,66.6151,14.6,1.1
NGC6553,NGC6553,Globular Cluster,18.15486,-25.9079,9.1,5.4
NGC6554,NGC6554,Open Cluster,18.15666,-18.3787,,8.7
NGC6555,NGC6555,Galaxy,18.13032,17.6049,12.4,2.0
NGC6556,NGC6556,Star Association,18.16600,-27.5248,,
NGC6557,NGC6557,Galaxy,18.35689,-76.5830,14.0,1.4
NGC6558,NGC6558,Globular Cluster,18.17177,-31.7635,11.3,5.4
NGC6559,NGC6559,Nebula,18.16579,-24.1064,,15.0
NGC6560,NGC6560,Galaxy,18.08722,46.8816,13.6,1.1
NGC6561,NGC6561,Open Cluster,18.17524,-16.7257,,6.0
NGC6562,NGC6562,Galaxy,18.08359,56.2631,14.7,1.0
NGC6563,NGC6563,Planetary Nebula,18.20069,-33.8683,11.0,0.8
NGC6564,NGC6564,Other,18.15066,17.3946,,
NGC6565,NGC6565,Planetary Nebula,18.19794,-28.1783,11.6,0.2
NGC6566,NGC6566,Galaxy,18.11685,52.2601,15.5,0.7
NGC6567,NGC6567,Planetary Nebula,18.22922,-19.0758,11.0,0.1
NGC6568,NGC6568,Open Cluster,18.21229,-21.6280,8.6,7.8
NGC6569,NGC6569,Globular Cluster,18.22741,-31.8277,9.5,4.5
NGC6570,NGC6570,Galaxy,18.18536,14.0931,12.7,1.6
NGC6571,NGC6571,Galaxy,18.18038,21.2385,15.2,0.8
NGC6572,NGC6572,Planetary Nebula,18.20172,6.8537,8.1,0.2
NGC6573,NGC6573,Star Association,18.23972,-22.1744,,3.2
NGC6574,NGC6574,Galaxy,18.19756,14.9818,12.0,1.6
NGC6575,NGC6575,Galaxy,18.18264,31.1162,14.3,1.5
NGC6576,NGC6576,Galaxy,18.19667,21.4283,15.7,0.8
NGC6577,NGC6577,Galaxy,18.20034,21.4634,12.7,1.2
NGC6578,NGC6578,Planetary Nebula,18.27125,-20.4509,12.9,0.1
NGC6579,NGC6579,Galaxy,18.20884,21.4207,14.3,1.1
NGC6580,NGC6580,Galaxy,18.20936,21.4261,13.9,1.4
NGC6581,NGC6581,Galaxy,18.20512,25.6624,15.3,0.6
NGC6582,NGC6582,Galaxy Pair,18.18431,49.9106,,1.4
NGC6583,NGC6583,Open Cluster,18.26359,-22.1376,10.0,3.6
NGC6584,NGC6584,Globular Cluster,18.31046,-52.2152,8.2,5.1
NGC6585,NGC6585,Galaxy,18.20605,39.6330,13.5,2.0
NGC6586,NGC6586,Galaxy,18.22736,21.0901,14.5,1.1
NGC6587,NGC6587,Galaxy,18.23080,18.8252,13.7,1.8
NGC6588,NGC6588,Other,18.34968,-63.8100,,5.4
NGC6589,NGC6589,Nebula,18.28205,-19.7771,10.5,4.0
NGC6590,NGC6590,Reflection Nebula,18.28472,-19.8661,9.8,4.0
NGC6591,NGC6591,Galaxy,18.23442,21.0639,16.4,0.5
NGC6592,NGC6592,Galaxy,18.16408,61.4220,15.1,0.8
NGC6593,NGC6593,Galaxy,18.23432,22.2839,15.1,0.8
NGC6594,NGC6594,Galaxy,18.16820,61.1335,15.3,0.9
NGC6596,NGC6596,Open Cluster,18.29270,-16.6504,,6.6
NGC6597,NGC6597,Galaxy,18.18707,61.1807,15.4,0.9
NGC6598,NGC6598,Galaxy,18.14889,69.0679,14.1,1.2
NGC6599,NGC6599,Galaxy,18.26194,24.9124,12.8,1.2
NGC6601,NGC6601,Galaxy,18.19565,61.4533,15.5,0.8
NGC6602,NGC6602,Galaxy,18.27619,25.0440,14.6,0.8
NGC6603,NGC6603,Open Cluster,18.30749,-18.4061,11.1,4.2
NGC6604,NGC6604,Open Cluster,18.30082,-12.2431,6.5,9.6
NGC6605,NGC6605,Open Cluster,18.27269,-15.0152,6.0,6.3
NGC6606,NGC6606,Galaxy,18.24489,43.2686,14.4,0.9
NGC6607,NGC6607,Galaxy,18.20409,61.3329,15.6,0.6
NGC6608,NGC6608,Galaxy,18.20802,61.2982,16.6,0.9
NGC6609,NGC6609,Galaxy,18.20932,61.3319,15.2,0.8
NGC6612,NGC6612,Galaxy,18.26968,36.0786,15.5,1.0
NGC6614,NGC6614,Galaxy,18.41867,-63.2484,13.8,1.6
NGC6615,NGC6615,Galaxy,18.30930,13.2650,14.5,1.4
NGC6616,NGC6616,Galaxy,18.29474,22.2384,15.1,1.4
NGC6617,NGC6617,Galaxy,18.23403,61.3196,15.6,0.9
NGC6619,NGC6619,Galaxy,18.31543,23.6556,14.3,1.4
NGC6620,NGC6620,Planetary Nebula,18.38171,-26.8217,12.7,0.1
NGC6621,NGC6621,Galaxy,18.21536,68.3634,13.4,2.1
NGC6622,NGC6622,Galaxy,18.21661,68.3539,14.1,1.0
NGC6623,NGC6623,Galaxy Pair,18.32858,23.7056,,1.3
NGC6624,NGC6624,Globular Cluster,18.39460,-30.3613,,3.3
NGC6625,NGC6625,Open Cluster,18.37981,-11.9550,9.0,6.0
NGC6627,NGC6627,Galaxy,18.37748,15.6980,13.3,1.1
NGC6628,NGC6628,Galaxy,18.37275,23.4786,14.7,1.5
NGC6629,NGC6629,Planetary Nebula,18.42846,-23.2029,11.3,0.3
NGC6630,NGC6630,Galaxy,18.54309,-63.2933,13.9,0.8
NGC6631,NGC6631,Open Cluster,18.45316,-12.0312,11.7,5.7
NGC6632,NGC6632,Galaxy,18.41753,27.5353,12.2,2.4
NGC6633,NGC6633,Open Cluster,18.45423,6.5082,4.6,12.0
NGC6635,NGC6635,Galaxy,18.46031,14.8191,13.4,1.1
NGC6636,NGC6636,Galaxy Pair,18.36764,66.6202,,2.2
NGC6638,NGC6638,Globular Cluster,18.51562,-25.4964,9.7,4.2
NGC6639,NGC6639,Open Cluster,18.51647,-13.1558,,6.0
NGC6640,NGC6640,Galaxy,18.46896,34.3027,14.2,0.8
NGC6641,NGC6641,Galaxy,18.48260,22.9030,14.2,0.9
NGC6642,NGC6642,Globular Cluster,18.53173,-23.4761,10.2,3.9
NGC6643,NGC6643,Galaxy,18.32956,74.5684,11.1,3.3
NGC6644,NGC6644,Planetary Nebula,18.54298,-25.1294,10.7,0.0
NGC6645,NGC6645,Open Cluster,18.54386,-16.8839,8.5,5.4
NGC6646,NGC6646,Galaxy,18.49409,39.8651,12.6,1.5
NGC6647,NGC6647,Open Cluster,18.54704,-17.2287,8.0,3.6
NGC6648,NGC6648,Other,18.42717,64.9762,,
NGC6649,NGC6649,Open Cluster,18.55777,-10.4028,8.9,5.6
NGC6650,NGC6650,Galaxy,18.42444,68.0058,14.6,0.7
NGC6651,NGC6651,Galaxy,18.40547,71.6019,13.6,1.3
NGC6652,NGC6652,Globular Cluster,18.59604,-32.9903,9.8,5.1
NGC6653,NGC6653,Galaxy,18.74399,-73.2634,13.4,1.6
NGC6654,NGC6654,Galaxy,18.40210,73.1832,11.8,2.9
NGC6654A,NGC6654A,Galaxy,18.65693,73.5797,13.5,2.1
NGC6655,NGC6655,Double Star,18.57525,-5.9209,,
NGC6657,NGC6657,Galaxy,18.55041,34.0605,14.2,0.8
NGC6658,NGC6658,Galaxy,18.56546,22.8883,11.8,1.5
NGC6659,NGC6659,Open Cluster,18.56665,23.5949,,5.4
NGC6660,NGC6660,Galaxy,18.57685,22.9097,12.4,1.9
NGC6662,NGC6662,Galaxy,18.56977,32.0646,14.8,1.6
NGC6663,NGC6663,Galaxy,18.55936,40.0489,14.8,0.9
NGC6664,NGC6664,Open Cluster,18.60926,-8.2208,7.8,6.0
NGC6665,NGC6665,Galaxy,18.57500,30.7206,14.5,0.9
NGC6666,NGC6666,Other,18.57915,33.5876,,
NGC6667,NGC6667,Galaxy,18.51105,67.9870,12.6,1.9
NGC6669,NGC6669,Other,18.62086,22.1957,,
NGC6670,NGC6670,Galaxy Triplet,18.55985,59.8888,,1.2
NGC6670A,NGC6670A,Galaxy,18.56048,59.8897,15.3,0.7
NGC6670B,NGC6670B,Galaxy,18.55947,59.8882,16.0,0.8
NGC6671,NGC6671,Galaxy,18.62393,26.4172,13.7,1.4
NGC6672,NGC6672,Double Star,18.60400,42.9476,,
NGC6673,NGC6673,Galaxy,18.75176,-62.2972,11.7,2.6
NGC6674,NGC6674,Galaxy,18.64274,25.3751,12.1,4.0
NGC6675,NGC6675,Galaxy,18.62402,40.0577,13.3,1.3
NGC6676,NGC6676,Galaxy,18.55277,66.9591,15.2,1.5
NGC6677,NGC6677,Galaxy,18.56004,67.1107,13.9,0.8
NGC6679,NGC6679,Galaxy,18.55847,67.1373,13.6,0.6
NGC6680,NGC6680,Galaxy,18.66221,22.3164,15.4,0.6
NGC6682,NGC6682,Open Cluster,18.66038,-4.8137,,4.5
NGC6683,NGC6683,Open Cluster,18.70388,-6.2123,9.4,3.0
NGC6684,NGC6684,Galaxy,18.81608,-65.1734,10.5,4.2
NGC6684A,NGC6684A,Galaxy,18.87300,-64.8315,13.2,1.9
NGC6685,NGC6685,Galaxy,18.66629,39.9818,14.6,0.9
NGC6686,NGC6686,Galaxy,18.66862,40.1376,14.8,0.6
NGC6687,NGC6687,Galaxy,18.62281,59.6430,14.8,1.2
NGC6688,NGC6688,Galaxy,18.67781,36.2896,13.8,1.6
NGC6689,NGC6689,Galaxy,18.58063,70.5239,12.3,3.3
NGC6691,NGC6691,Galaxy,18.65340,55.6418,12.9,1.5
NGC6692,NGC6692,Galaxy Pair,18.69486,34.8436,14.3,1.1
NGC6695,NGC6695,Galaxy,18.71187,40.3669,13.5,1.2
NGC6696,NGC6696,Galaxy,18.66807,59.3340,16.0,0.9
NGC6697,NGC6697,Galaxy,18.75416,25.5126,14.5,1.2
NGC6698,NGC6698,Open Cluster,18.80139,-25.4772,,5.0
NGC6699,NGC6699,Galaxy,18.86723,-57.3208,12.2,1.7
NGC6700,NGC6700,Galaxy,18.76789,32.2796,14.1,1.5
NGC6701,NGC6701,Galaxy,18.72013,60.6533,12.8,1.4
NGC6702,NGC6702,Galaxy,18.78266,45.7057,12.2,1.6
NGC6703,NGC6703,Galaxy,18.78856,45.5506,11.4,2.4
NGC6704,NGC6704,Open Cluster,18.84605,-5.2054,9.2,3.3
NGC6706,NGC6706,Galaxy,18.94751,-63.1662,14.0,1.7
NGC6707,NGC6707,Galaxy,18.92279,-53.8184,12.6,2.6
NGC6708,NGC6708,Galaxy,18.92657,-53.7234,12.9,1.2
NGC6709,NGC6709,Open Cluster,18.85526,10.3187,6.7,8.7
NGC6710,NGC6710,Galaxy,18.84282,26.8384,13.1,1.7
NGC6711,NGC6711,Galaxy,18.81691,47.6581,12.9,1.0
NGC6712,NGC6712,Globular Cluster,18.88469,-8.7055,8.7,5.7
NGC6713,NGC6713,Galaxy,18.84571,33.9598,14.2,0.5
NGC6714,NGC6714,Star Association,18.78056,66.7450,,
NGC6716,NGC6716,Open Cluster,18.90955,-19.9011,7.5,7.2
NGC6717,NGC6717,Globular Cluster,18.91834,-22.7016,10.3,3.9
NGC6718,NGC6718,Galaxy,19.02462,-66.1102,14.2,1.5
NGC6719,NGC6719,Galaxy,19.05208,-68.5884,13.5,1.7
NGC6721,NGC6721,Galaxy,19.01411,-57.7594,12.0,1.9
NGC6722,NGC6722,Galaxy,19.06121,-64.8945,13.6,2.9
NGC6723,NGC6723,Globular Cluster,18.99254,-36.6315,,9.3
NGC6724,NGC6724,Open Cluster,18.94636,10.4286,,3.2
NGC6725,NGC6725,Galaxy,19.03239,-53.8631,12.4,2.6
NGC6726,NGC6726,Reflection Nebula,19.02758,-36.8913,,9.0
NGC6727,NGC6727,Reflection Nebula,19.02841,-36.8762,,80.0
NGC6728,NGC6728,Open Cluster,18.97918,-8.9660,,4.5
NGC6729,NGC6729,Nebula,19.03206,-36.9576,,25.0
NGC6730,NGC6730,Galaxy,19.12601,-68.9128,12.1,2.2
NGC6731,NGC6731,Double Star,18.95374,43.0768,,
NGC6732,NGC6732,Galaxy,18.94001,52.3776,14.4,0.9
NGC6733,NGC6733,Galaxy,19.10295,-62.1969,13.4,2.0
NGC6734,NGC6734,Galaxy,19.12065,-65.4619,13.8,1.4
NGC6735,NGC6735,Open Cluster,19.01038,-0.4754,,5.1
NGC6736,NGC6736,Galaxy,19.12479,-65.4286,14.3,1.1
NGC6737,NGC6737,Open Cluster,19.03819,-18.5470,,6.6
NGC6738,NGC6738,Star Association,19.02266,11.6156,8.3,5.4
NGC6739,NGC6739,Galaxy,19.13021,-61.3681,12.1,2.6
NGC6740,NGC6740,Galaxy,19.01403,28.7712,15.5,1.1
NGC6741,Phantom Streak Nebula,Planetary Nebula,19.04361,-0.4494,11.5,0.1
NGC6742,NGC6742,Planetary Nebula,18.98886,48.4653,13.4,0.6
NGC6743,NGC6743,Open Cluster,19.02241,29.2775,8.2,6.9
NGC6744,NGC6744,Galaxy,19.16281,-63.8575,9.2,15.7
NGC6744A,NGC6744A,Galaxy,19.14549,-63.7305,15.2,1.6
NGC6745,NGC6745,Galaxy Triplet,19.02825,40.7531,,2.3
NGC6746,NGC6746,Galaxy,19.17278,-61.9702,13.7,1.6
NGC6747,NGC6747,Galaxy,18.92268,72.7715,15.0,0.7
NGC6749,NGC6749,Globular Cluster,19.08767,1.9006,12.4,5.1
NGC6750,NGC6750,Galaxy,19.01003,59.1668,13.6,1.1
NGC6751,NGC6751,Planetary Nebula,19.09876,-5.9923,11.9,0.3
NGC6752,NGC6752,Globular Cluster,19.18105,-59.9819,6.3,13.2
NGC6753,NGC6753,Galaxy,19.18990,-57.0496,11.0,3.0
NGC6754,NGC6754,Galaxy,19.19048,-50.6418,12.2,2.0
NGC6755,NGC6755,Open Cluster,19.13029,4.2664,7.5,6.0
NGC6756,NGC6756,Open Cluster,19.14516,4.7058,10.6,3.6
NGC6757,NGC6757,Galaxy,19.08427,55.7152,13.9,1.7
NGC6758,NGC6758,Galaxy,19.23121,-56.3099,11.4,2.8
NGC6759,NGC6759,Galaxy,19.11579,50.3442,15.1,1.0
NGC6760,NGC6760,Globular Cluster,19.18668,1.0305,9.8,5.4
NGC6761,NGC6761,Galaxy,19.25133,-50.6568,13.4,1.6
NGC6762,NGC6762,Galaxy,19.09363,63.9340,14.1,1.6
NGC6764,NGC6764,Galaxy,19.13788,50.9332,13.6,2.5
NGC6765,NGC6765,Planetary Nebula,19.18514,30.5456,12.9,0.7
NGC6767,NGC6767,Double Star,19.19275,37.7254,,
NGC6768,NGC6768,Galaxy,19.27572,-40.2092,13.7,1.3
NGC6769,NGC6769,Galaxy,19.30630,-60.5011,11.8,2.9
NGC6770,NGC6770,Galaxy,19.31037,-60.4965,11.9,2.4
NGC6771,NGC6771,Galaxy,19.31097,-60.5460,12.5,2.4
NGC6772,NGC6772,Planetary Nebula,19.24342,-2.7068,12.7,1.1
NGC6773,NGC6773,Open Cluster,19.25235,4.8566,,
NGC6774,NGC6774,Open Cluster,19.27119,-16.2607,,30.0
NGC6775,NGC6775,Open Cluster,19.27857,-0.9334,,4.8
NGC6776,NGC6776,Galaxy,19.42199,-63.8602,12.1,2.0
NGC6776A,NGC6776A,Galaxy,19.41816,-63.6834,14.9,1.4
NGC6778,NGC6778,Planetary Nebula,19.30690,-1.5964,12.3,0.3
NGC6780,NGC6780,Galaxy,19.38080,-55.7758,12.7,2.0
NGC6781,NGC6781,Planetary Nebula,19.30785,6.5397,11.4,1.8
NGC6782,NGC6782,Galaxy,19.39942,-59.9225,12.0,2.5
NGC6783,NGC6783,Galaxy,19.27989,46.0172,15.2,0.7
NGC6784,NGC6784,Galaxy,19.44333,-65.6177,14.8,1.0
NGC6784A,NGC6784A,Galaxy,19.44199,-65.6261,15.0,0.9
NGC6786,NGC6786,Galaxy,19.18164,73.4102,13.8,0.8
NGC6787,NGC6787,Galaxy,19.26961,60.4175,14.9,0.8
NGC6788,NGC6788,Galaxy,19.44715,-54.9513,12.1,3.2
NGC6789,NGC6789,Galaxy,19.27838,63.9715,13.5,1.0
NGC6790,NGC6790,Planetary Nebula,19.38247,1.5133,10.5,0.1
NGC6791,NGC6791,Open Cluster,19.34812,37.7719,9.5,6.3
NGC6792,NGC6792,Galaxy,19.34928,43.1325,13.3,2.1
NGC6793,NGC6793,Open Cluster,19.38733,22.1410,,8.1
NGC6794,NGC6794,Galaxy,19.46774,-38.9187,12.9,1.5
NGC6795,NGC6795,Open Cluster,19.43945,3.5144,,
NGC6796,NGC6796,Galaxy,19.35858,61.1449,12.7,1.7
NGC6797,NGC6797,Other,19.48354,-25.6666,,
NGC6798,NGC6798,Galaxy,19.40088,53.6248,14.4,1.8
NGC6799,NGC6799,Galaxy,19.53793,-55.9079,13.5,1.8
NGC6800,NGC6800,Open Cluster,19.45213,25.1405,,6.0
NGC6801,NGC6801,Galaxy,19.45995,54.3729,14.7,1.4
NGC6802,NGC6802,Open Cluster,19.50973,20.2610,8.8,4.5
NGC6803,NGC6803,Planetary Nebula,19.52124,10.0560,11.4,0.1
NGC6804,NGC6804,Planetary Nebula,19.52650,9.2252,12.0,0.6
NGC6805,NGC6805,Galaxy,19.61270,-37.5544,14.3,1.2
NGC6806,NGC6806,Galaxy,19.61807,-42.2963,13.2,1.2
NGC6807,NGC6807,Planetary Nebula,19.57597,5.6842,12.0,0.0
NGC6808,NGC6808,Galaxy,19.73167,-70.6334,12.9,0.8
NGC6810,NGC6810,Galaxy,19.72618,-58.6556,11.4,3.8
NGC6811,NGC6811,Open Cluster,19.62164,46.3888,6.8,7.2
NGC6812,NGC6812,Galaxy,19.75673,-55.3468,13.6,1.8
NGC6813,NGC6813,Planetary Nebula,19.67290,27.3096,,3.0
NGC6814,NGC6814,Galaxy,19.71129,-10.3235,11.3,3.1
NGC6815,NGC6815,Star Association,19.67898,26.7590,,
NGC6816,NGC6816,Galaxy,19.73395,-28.4008,12.9,1.7
NGC6817,NGC6817,Galaxy Pair,19.62289,62.3831,,0.9
NGC6818,Little Gem Nebula,Planetary Nebula,19.73270,-14.1532,9.3,0.8
NGC6819,Foxhead Cluster,Open Cluster,19.68836,40.1867,7.3,6.9
NGC6820,NGC6820,Nebula,19.70778,23.0881,15.0,0.5
NGC6821,NGC6821,Galaxy,19.74002,-6.8334,13.1,1.0
NGC6822,Barnard's Galaxy,Galaxy,19.74937,-14.8034,10.1,17.4
NGC6823,NGC6823,Cluster + Nebula,19.71941,23.2999,7.1,6.0
NGC6824,NGC6824,Galaxy,19.72797,56.1095,11.8,1.9
NGC6825,NGC6825,Galaxy Pair,19.69856,64.0731,15.3,0.7
NGC6826,Blinking Planetary,Planetary Nebula,19.74670,50.5250,9.4,0.4
NGC6827,NGC6827,Open Cluster,19.81484,21.2151,,2.1
NGC6828,NGC6828,Open Cluster,19.83822,7.9026,,6.0
NGC6829,NGC6829,Galaxy,19.78543,59.9071,14.9,1.5
NGC6830,NGC6830,Open Cluster,19.84988,23.1001,7.9,4.2
NGC6831,NGC6831,Galaxy,19.79925,59.8925,14.6,1.3
NGC6832,NGC6832,Open Cluster,19.80424,59.4212,,3.3
NGC6833,NGC6833,Planetary Nebula,19.82961,48.9611,12.1,0.0
NGC6834,NGC6834,Open Cluster,19.87016,29.4082,7.8,4.5
NGC6835,NGC6835,Galaxy,19.90915,-12.5676,12.5,2.7
NGC6836,NGC6836,Galaxy,19.91113,-12.6879,13.0,1.4
NGC6837,NGC6837,Open Cluster,19.88573,11.6990,,3.0
NGC6839,NGC6839,Other,19.90000,18.0033,,
NGC6840,NGC6840,Open Cluster,19.92118,12.1146,,4.5
NGC6841,NGC6841,Galaxy,19.96363,-31.8107,12.6,1.6
NGC6842,NGC6842,Planetary Nebula,19.91729,29.2892,13.1,0.9
NGC6843,NGC6843,Open Cluster,19.93506,12.1638,,3.6
NGC6844,NGC6844,Galaxy,20.04726,-65.2299,13.6,1.3
NGC6845,NGC6845,Galaxy Group,20.01619,-47.0700,,4.1
NGC6845A,NGC6845A,Galaxy,20.01623,-47.0703,13.2,1.1
NGC6845B,NGC6845B,Galaxy,20.01814,-47.0591,13.9,0.8
NGC6845C,NGC6845C,Galaxy,20.01578,-47.0842,15.4,0.9
NGC6845D,NGC6845D,Galaxy,20.01489,-47.0952,14.7,0.8
NGC6846,NGC6846,Open Cluster,19.94114,32.3497,14.2,2.4
NGC6847,NGC6847,Cluster + Nebula,19.94384,30.2129,,10.0
NGC6848,NGC6848,Galaxy,20.04646,-56.0903,13.3,2.3
NGC6849,NGC6849,Galaxy,20.10434,-40.1983,12.1,2.1
NGC6850,NGC6850,Galaxy,20.05836,-54.8448,13.1,2.0
NGC6851,NGC6851,Galaxy,20.05955,-48.2845,11.8,2.2
NGC6851A,NGC6851A,Galaxy,20.09681,-47.9783,14.9,1.4
NGC6851B,NGC6851B,Galaxy,20.09443,-47.9791,14.8,1.1
NGC6852,NGC6852,Planetary Nebula,20.01088,1.7281,12.6,0.5
NGC6854,NGC6854,Galaxy,20.09411,-54.3756,12.3,2.3
NGC6855,NGC6855,Galaxy,20.11386,-56.3899,13.8,1.3
NGC6856,NGC6856,Open Cluster,19.98809,56.1309,,3.0
NGC6857,NGC6857,HII Region,20.03004,33.5259,11.4,0.6
NGC6858,NGC6858,Open Cluster,20.04983,11.2594,,4.2
NGC6859,NGC6859,Other,20.06375,0.4446,,
NGC6860,NGC6860,Galaxy,20.14636,-61.1002,13.5,1.3
NGC6861,NGC6861,Galaxy,20.12208,-48.3702,11.0,3.2
NGC6861B,NGC6861B,Galaxy,20.10151,-48.4744,15.1,1.2
NGC6861C,NGC6861C,Galaxy,20.11141,-48.6498,15.1,1.1
NGC6861D,NGC6861D,Galaxy,20.13874,-48.2114,11.9,2.4
NGC6861E,NGC6861E,Galaxy,20.18376,-48.6906,15.1,1.5
NGC6861F,NGC6861F,Galaxy,20.18661,-48.2758,15.3,1.8
NGC6862,NGC6862,Galaxy,20.14849,-56.3918,12.7,1.4
NGC6863,NGC6863,Other,20.08537,-3.5551,,
NGC6865,NGC6865,Galaxy,20.09902,-9.0409,14.7,0.6
NGC6866,NGC6866,Open Cluster,20.06533,44.1591,7.6,5.1
NGC6867,NGC6867,Galaxy,20.17491,-54.7833,13.9,1.6
NGC6868,NGC6868,Galaxy,20.16502,-48.3796,10.6,3.6
NGC6869,NGC6869,Galaxy,20.01178,66.2275,12.2,1.4
NGC6870,NGC6870,Galaxy,20.16968,-48.2871,11.9,2.6
NGC6871,NGC6871,Open Cluster,20.09984,35.7773,5.2,9.3
NGC6872,NGC6872,Galaxy,20.28238,-70.7679,11.6,4.7
NGC6873,NGC6873,Open Cluster,20.12053,21.1023,,3.0
NGC6874,NGC6874,Star Association,20.12586,38.2461,,
NGC6875,NGC6875,Galaxy,20.22013,-46.1616,12.0,2.1
NGC6875A,NGC6875A,Galaxy,20.19885,-46.1441,13.9,3.0
NGC6876,NGC6876,Galaxy,20.30532,-70.8588,10.8,3.5
NGC6876A,NGC6876A,Galaxy,20.18801,-71.0129,14.9,1.4
NGC6877,NGC6877,Galaxy,20.31006,-70.8531,12.2,2.4
NGC6878,NGC6878,Galaxy,20.23146,-44.5267,12.4,1.6
NGC6878A,NGC6878A,Galaxy,20.22667,-44.8162,13.2,1.9
NGC6879,NGC6879,Planetary Nebula,20.17406,16.9228,12.5,0.1
NGC6880,NGC6880,Galaxy,20.32490,-70.8599,13.3,2.5
NGC6881,NGC6881,Planetary Nebula,20.18125,37.4114,13.9,0.1
NGC6882,NGC6882,Open Cluster,20.19885,26.4888,14.1,7.5
NGC6883,NGC6883,Open Cluster,20.18882,35.8322,8.0,4.5
NGC6884,NGC6884,Planetary Nebula,20.17325,46.4608,10.9,0.1
NGC6886,NGC6886,Planetary Nebula,20.21192,19.9897,11.4,0.1
NGC6887,NGC6887,Galaxy,20.28814,-52.7967,12.1,3.4
NGC6888,Crescent Nebula,HII Region,20.20182,38.3549,7.4,20.0
NGC6889,NGC6889,Galaxy,20.31479,-53.9571,13.7,1.7
NGC6890,NGC6890,Galaxy,20.30503,-44.8067,12.7,1.6
NGC6891,NGC6891,Planetary Nebula,20.25246,12.7044,10.5,0.2
NGC6892,NGC6892,Other,20.28257,18.0197,,
NGC6893,NGC6893,Galaxy,20.34712,-48.2391,11.7,2.9
NGC6894,NGC6894,Planetary Nebula,20.27335,30.5651,12.3,0.7
NGC6895,NGC6895,Open Cluster,20.27566,50.2405,,5.1
NGC6896,NGC6896,Double Star,20.30099,30.6401,,
NGC6897,NGC6897,Galaxy,20.35035,-12.2547,14.6,0.9
NGC6898,NGC6898,Galaxy,20.35223,-12.3589,14.0,1.0
NGC6899,NGC6899,Galaxy,20.40618,-50.4339,12.8,1.8
NGC6900,NGC6900,Galaxy,20.35975,-2.5692,14.7,0.9
NGC6901,NGC6901,Galaxy,20.37264,6.4299,14.8,1.2
NGC6902,NGC6902,Galaxy,20.40782,-43.6535,11.5,2.7
NGC6902A,NGC6902A,Galaxy,20.38327,-44.2715,14.6,1.0
NGC6902B,NGC6902B,Galaxy,20.38529,-43.8686,13.8,1.3
NGC6903,NGC6903,Galaxy,20.39579,-19.3254,12.9,2.2
NGC6904,NGC6904,Open Cluster,20.36338,25.7415,,4.2
NGC6905,Blue Flash Nebula,Planetary Nebula,20.37305,20.1045,11.1,0.7
NGC6906,NGC6906,Galaxy,20.39275,6.4437,12.6,1.1
NGC6907,NGC6907,Galaxy,20.41851,-24.8092,11.2,3.3
NGC6908,NGC6908,Galaxy,20.41916,-24.8011,12.3,1.9
NGC6909,NGC6909,Galaxy,20.46080,-47.0270,12.0,2.4
NGC6910,NGC6910,Open Cluster,20.38668,40.7786,7.4,6.3
NGC6911,NGC6911,Galaxy,20.32731,66.7283,15.6,1.8
NGC6912,NGC6912,Galaxy,20.44780,-18.6173,13.2,1.3
NGC6914,NGC6914,Reflection Nebula,20.41203,42.4826,,3.0
NGC6915,NGC6915,Galaxy,20.46279,-3.0771,13.8,1.6
NGC6916,NGC6916,Galaxy,20.39252,58.3441,15.2,1.6
NGC6917,NGC6917,Galaxy,20.45788,8.0981,14.2,1.1
NGC6918,NGC6918,Galaxy,20.51309,-47.4737,14.5,1.0
NGC6919,NGC6919,Galaxy,20.52726,-44.2164,13.1,1.4
NGC6920,NGC6920,Galaxy,20.73261,-80.0008,12.0,2.3
NGC6921,NGC6921,Galaxy,20.47468,25.7234,13.4,1.1
NGC6922,NGC6922,Galaxy,20.49803,-2.1912,13.6,1.2
NGC6923,NGC6923,Galaxy,20.52752,-30.8319,12.0,2.5
NGC6924,NGC6924,Galaxy,20.55534,-25.4744,12.8,1.7
NGC6925,NGC6925,Galaxy,20.57238,-31.9809,11.3,4.7
NGC6926,NGC6926,Galaxy,20.55170,-2.0275,13.4,1.3
NGC6927,NGC6927,Galaxy,20.54395,9.9164,14.5,0.6
NGC6927A,NGC6927A,Galaxy,20.54353,9.8839,17.0,0.4
NGC6928,NGC6928,Galaxy,20.54728,9.9264,12.6,2.1
NGC6929,NGC6929,Galaxy,20.55602,-2.0372,13.7,0.4
NGC6930,NGC6930,Galaxy,20.54967,9.8744,12.9,1.4
NGC6931,NGC6931,Galaxy,20.56149,-11.3689,14.0,1.3
NGC6932,NGC6932,Galaxy,20.70238,-73.6194,13.3,2.5
NGC6933,NGC6933,Star,20.56061,7.3873,11.6,
NGC6934,NGC6934,Globular Cluster,20.56986,7.4041,9.8,5.4
NGC6935,NGC6935,Galaxy,20.63895,-52.1104,12.0,2.2
NGC6936,NGC6936,Galaxy,20.59897,-25.2800,14.0,1.8
NGC6937,NGC6937,Galaxy,20.64606,-52.1433,12.9,2.5
NGC6938,NGC6938,Open Cluster,20.57847,22.2146,,5.4
NGC6939,NGC6939,Open Cluster,20.52504,60.6621,7.8,12.0
NGC6940,NGC6940,Open Cluster,20.57408,28.2827,6.3,10.8
NGC6941,NGC6941,Galaxy,20.60652,-4.6188,14.2,1.7
NGC6942,NGC6942,Galaxy,20.67718,-54.3031,12.0,2.2
NGC6943,NGC6943,Galaxy,20.74271,-68.7477,11.4,3.8
NGC6944,NGC6944,Galaxy,20.63996,6.9964,13.7,1.1
NGC6944A,NGC6944A,Galaxy,20.63648,6.9027,14.9,1.0
NGC6945,NGC6945,Galaxy,20.65017,-4.9726,15.2,1.6
NGC6946,Fireworks Galaxy,Galaxy,20.58120,60.1539,9.1,11.4
NGC6947,NGC6947,Galaxy,20.68753,-32.4864,13.4,1.7
NGC6948,NGC6948,Galaxy,20.72476,-53.3567,13.8,2.0
NGC6949,NGC6949,Galaxy,20.58526,64.8028,14.5,1.3
NGC6950,NGC6950,Open Cluster,20.68488,16.6222,,4.5
NGC6951,NGC6951,Galaxy,20.62058,66.1056,12.4,3.2
NGC6953,NGC6953,Other,20.62951,65.7649,,
NGC6954,NGC6954,Galaxy,20.73422,3.2094,13.2,1.3
NGC6955,NGC6955,Galaxy,20.73833,2.5948,15.3,1.3
NGC6956,NGC6956,Galaxy,20.73159,12.5119,13.4,1.8
NGC6957,NGC6957,Galaxy,20.74654,2.5812,15.3,0.6
NGC6958,NGC6958,Galaxy,20.81183,-37.9974,11.4,2.4
NGC6959,NGC6959,Galaxy,20.78534,0.4302,14.7,0.5
NGC6960,Veil Nebula,Supernova Remnant,20.76616,30.5951,7.0,210.0
NGC6961,NGC6961,Galaxy,20.78625,0.3633,15.1,0.8
NGC6962,NGC6962,Galaxy,20.78863,0.3208,11.9,2.7
NGC6963,NGC6963,Double Star,20.78874,0.5106,15.2,
NGC6964,NGC6964,Galaxy,20.79008,0.3008,12.9,1.7
NGC6965,NGC6965,Galaxy,20.78899,0.4841,13.7,0.7
NGC6966,NGC6966,Double Star,20.79077,0.3677,,
NGC6967,NGC6967,Galaxy,20.79281,0.4116,13.0,1.2
NGC6968,NGC6968,Galaxy,20.80902,-8.3603,14.0,2.0
NGC6969,NGC6969,Galaxy,20.80767,7.7400,13.5,1.2
NGC6970,NGC6970,Galaxy,20.86929,-48.7778,12.6,1.5
NGC6971,NGC6971,Galaxy,20.82327,5.9956,14.7,1.1
NGC6972,NGC6972,Galaxy,20.83304,9.8991,14.0,1.2
NGC6973,NGC6973,Star,20.86831,-5.8952,,
NGC6974,NGC6974,Supernova Remnant,20.85120,31.8281,,
NGC6975,NGC6975,Galaxy,20.87390,-5.7723,14.8,1.0
NGC6977,NGC6977,Galaxy,20.87492,-5.7461,14.1,1.2
NGC6978,NGC6978,Galaxy,20.87651,-5.7111,14.1,1.5
NGC6979,NGC6979,Supernova Remnant,20.84111,32.0259,,7.0
NGC6980,NGC6980,Star,20.88026,-5.8379,,
NGC6982,NGC6982,Galaxy,20.95511,-51.8623,13.7,1.0
NGC6983,NGC6983,Galaxy,20.94540,-43.9860,14.2,0.8
NGC6984,NGC6984,Galaxy,20.96499,-51.8708,12.7,1.8
NGC6985,NGC6985,Galaxy,20.75083,-11.1042,14.8,1.2
NGC6985A,NGC6985A,Galaxy,20.75035,-11.1077,15.5,1.0
NGC6986,NGC6986,Galaxy,20.94185,-18.5666,14.7,1.0
NGC6987,NGC6987,Galaxy,20.96954,-48.6303,12.4,2.0
NGC6988,NGC6988,Galaxy,20.93027,10.5079,14.8,0.7
NGC6989,NGC6989,Open Cluster,20.90192,45.2393,,5.4
NGC6990,NGC6990,Galaxy,20.99914,-55.5620,14.0,1.2
NGC6991,NGC6991,Open Cluster,20.91444,47.4617,,23.0
NGC6992,Eastern Veil,Supernova Remnant,20.93863,31.7428,7.0,60.0
NGC6993,NGC6993,Galaxy,20.89835,-25.4725,14.0,1.5
NGC6995,Eastern Veil,Supernova Remnant,20.95299,31.2352,7.0,12.0
NGC6996,NGC6996,Star Association,20.94167,45.4730,,
NGC6997,NGC6997,Cluster + Nebula,20.94429,44.6315,10.0,6.9
NGC6998,NGC6998,Galaxy,21.02713,-28.0319,14.1,0.9
NGC6999,NGC6999,Galaxy,21.03321,-28.0589,14.9,1.2
NGC7000,North America Nebula,HII Region,20.98809,44.5288,4.0,120.0
NGC7001,NGC7001,Galaxy,21.01882,-0.1952,12.9,1.4
NGC7002,NGC7002,Galaxy,21.06244,-49.0297,12.4,2.1
NGC7003,NGC7003,Galaxy,21.01178,17.8049,13.8,1.0
NGC7004,NGC7004,Galaxy,21.06727,-49.1142,13.8,1.3
NGC7005,NGC7005,Other,21.03268,-12.8826,,
NGC7006,NGC7006,Globular Cluster,21.02479,16.1875,10.5,4.2
NGC7007,NGC7007,Galaxy,21.09109,-52.5520,11.9,3.4
NGC7008,NGC7008,Planetary Nebula,21.00911,54.5432,10.7,1.4
NGC7009,Saturn Nebula,Planetary Nebula,21.06966,-11.3632,8.0,0.7
NGC7010,NGC7010,Galaxy,21.07764,-12.3384,14.8,2.2
NGC7011,NGC7011,Open Cluster,21.03038,47.3543,,
NGC7012,NGC7012,Galaxy,21.11264,-44.8147,13.7,1.6
NGC7013,NGC7013,Galaxy,21.05933,29.8975,11.3,4.2
NGC7014,NGC7014,Galaxy,21.13116,-47.1790,12.3,2.0
NGC7015,NGC7015,Galaxy,21.09372,11.4142,12.5,1.7
NGC7016,NGC7016,Galaxy,21.12119,-25.4689,14.8,1.0
NGC7017,NGC7017,Galaxy Pair,21.12237,-25.4869,14.9,0.8
NGC7018,NGC7018,Galaxy Triplet,21.12371,-25.4277,16.8,0.9
NGC7019,NGC7019,Galaxy,21.10715,-24.4127,15.1,0.7
NGC7020,NGC7020,Galaxy,21.18891,-64.0253,11.7,4.1
NGC7022,NGC7022,Galaxy,21.15979,-49.3037,14.1,1.5
NGC7023,Iris Nebula,Nebula,21.02656,68.1696,7.2,10.0
NGC7024,NGC7024,Open Cluster,21.10225,41.4846,,4.9
NGC7025,NGC7025,Galaxy,21.12982,16.3359,14.0,2.0
NGC7026,NGC7026,Planetary Nebula,21.10513,47.8522,10.9,0.3
NGC7027,NGC7027,Planetary Nebula,21.11709,42.2365,8.5,0.2
NGC7028,NGC7028,Galaxy,21.09723,18.4682,14.8,0.6
NGC7029,NGC7029,Galaxy,21.19779,-49.2837,11.7,2.8
NGC7030,NGC7030,Galaxy,21.18704,-20.4859,14.6,0.9
NGC7031,NGC7031,Open Cluster,21.12015,50.8756,9.1,3.9
NGC7032,NGC7032,Galaxy,21.25636,-68.2879,13.6,1.2
NGC7033,NGC7033,Galaxy,21.16007,15.1249,15.2,0.9
NGC7034,NGC7034,Galaxy,21.16061,15.1507,15.2,1.0
NGC7035,NGC7035,Galaxy Pair,21.17956,-23.1358,15.4,1.2
NGC7035A,NGC7035A,Galaxy,21.17929,-23.1351,15.6,0.9
NGC7035B,NGC7035B,Galaxy,21.17981,-23.1371,15.4,1.2
NGC7036,NGC7036,Open Cluster,21.17011,15.3761,,4.5
NGC7037,NGC7037,Open Cluster,21.17937,33.7283,,6.0
NGC7038,NGC7038,Galaxy,21.25209,-47.2205,12.1,3.2
NGC7039,NGC7039,Open Cluster,21.17994,45.6218,7.6,7.8
NGC7040,NGC7040,Galaxy,21.22125,8.8650,14.8,1.0
NGC7041,NGC7041,Galaxy,21.27566,-48.3636,11.3,3.5
NGC7042,NGC7042,Galaxy,21.22941,13.5749,12.9,1.8
NGC7043,NGC7043,Galaxy,21.23449,13.6260,14.9,0.8
NGC7044,NGC7044,Open Cluster,21.21928,42.4962,12.0,6.0
NGC7045,NGC7045,Double Star,21.24724,4.5068,,
NGC7046,NGC7046,Galaxy,21.24890,2.8348,12.7,1.1
NGC7047,NGC7047,Galaxy,21.27435,-0.8265,14.8,1.3
NGC7048,NGC7048,Planetary Nebula,21.23756,46.2886,12.1,1.0
NGC7049,NGC7049,Galaxy,21.31675,-48.5622,10.6,3.9
NGC7050,NGC7050,Open Cluster,21.25238,36.1752,,3.6
NGC7051,NGC7051,Galaxy,21.33093,-8.7829,13.7,1.2
NGC7052,NGC7052,Galaxy,21.30918,26.4470,13.1,1.8
NGC7053,NGC7053,Galaxy,21.35211,23.0848,14.2,1.6
NGC7055,NGC7055,Open Cluster,21.32503,57.5456,,3.0
NGC7056,NGC7056,Galaxy,21.36877,18.6657,13.1,1.1
NGC7057,NGC7057,Galaxy,21.41631,-42.4604,13.8,1.4
NGC7058,NGC7058,Open Cluster,21.36488,50.8190,,5.1
NGC7059,NGC7059,Galaxy,21.45596,-60.0146,12.1,3.7
NGC7060,NGC7060,Galaxy,21.43155,-42.4113,12.8,2.0
NGC7061,NGC7061,Galaxy,21.45746,-49.0635,14.2,1.6
NGC7062,NGC7062,Open Cluster,21.39097,46.3785,8.3,3.6
NGC7063,NGC7063,Open Cluster,21.40603,36.4875,7.0,6.3
NGC7064,NGC7064,Galaxy,21.48416,-52.7676,12.1,3.7
NGC7065,NGC7065,Galaxy,21.44514,-6.9949,14.3,1.0
NGC7065A,NGC7065A,Galaxy,21.44940,-7.0215,14.3,1.1
NGC7066,NGC7066,Galaxy Pair,21.43722,14.1819,15.2,0.8
NGC7067,NGC7067,Open Cluster,21.40642,48.0093,9.7,2.4
NGC7068,NGC7068,Galaxy,21.44233,12.1843,14.8,0.8
NGC7069,NGC7069,Galaxy,21.46830,-1.6469,14.6,1.1
NGC7070,NGC7070,Galaxy,21.50704,-43.0871,12.3,2.5
NGC7070A,NGC7070A,Galaxy,21.52980,-42.8477,12.3,2.2
NGC7071,NGC7071,Star Association,21.44426,47.9196,,
NGC7072,NGC7072,Galaxy,21.51026,-43.1535,12.8,0.8
NGC7072A,NGC7072A,Galaxy,21.50713,-43.2026,13.9,0.8
NGC7073,NGC7073,Galaxy,21.49056,-11.4881,14.5,0.9
NGC7074,NGC7074,Galaxy,21.49412,6.6826,14.9,0.8
NGC7075,NGC7075,Galaxy,21.52583,-38.6179,12.7,1.4
NGC7076,NGC7076,Planetary Nebula,21.43986,62.8925,13.5,0.9
NGC7077,NGC7077,Galaxy,21.49989,2.4142,13.7,0.9
NGC7079,NGC7079,Galaxy,21.54313,-44.0676,11.7,2.3
NGC7080,NGC7080,Galaxy,21.50054,26.7178,12.4,1.6
NGC7081,NGC7081,Galaxy,21.52337,2.4913,13.7,0.8
NGC7082,NGC7082,Open Cluster,21.48826,47.1263,7.2,9.0
NGC7083,NGC7083,Galaxy,21.59575,-63.9028,11.2,3.6
NGC7084,NGC7084,Open Cluster,21.54254,17.5085,,6.0
NGC7085,NGC7085,Galaxy,21.54034,6.5812,15.3,1.0
NGC7086,NGC7086,Open Cluster,21.50765,51.6005,8.4,4.8
NGC7087,NGC7087,Galaxy,21.57596,-40.8186,13.0,0.9
NGC7088,NGC7088,Other,21.55614,-0.3826,,
NGC7090,NGC7090,Galaxy,21.60802,-54.5573,10.9,8.2
NGC7091,NGC7091,Galaxy,21.56887,-36.6537,13.5,1.9
NGC7093,NGC7093,Open Cluster,21.57269,45.9650,,3.6
NGC7094,NGC7094,Planetary Nebula,21.61471,12.7886,13.4,1.6
NGC7095,NGC7095,Galaxy,21.87401,-81.5308,11.9,2.7
NGC7096,NGC7096,Galaxy,21.68869,-63.9087,12.0,2.1
NGC7096A,NGC7096A,Galaxy,21.64674,-64.3502,14.2,2.0
NGC7097,NGC7097,Galaxy,21.67025,-42.5394,11.7,1.9
NGC7097A,NGC7097A,Galaxy,21.67718,-42.4803,14.3,0.7
NGC7098,NGC7098,Galaxy,21.73781,-75.1113,11.5,1.8
NGC7100,NGC7100,Star,21.65196,8.9515,,
NGC7101,NGC7101,Galaxy,21.65961,8.8769,14.9,0.8
NGC7102,NGC7102,Galaxy,21.66236,6.2863,14.1,1.5
NGC7103,NGC7103,Galaxy,21.66431,-22.4739,15.3,1.4
NGC7104,NGC7104,Galaxy,21.66755,-22.4248,15.4,0.8
NGC7105,NGC7105,Galaxy,21.69482,-10.6355,14.2,1.5
NGC7106,NGC7106,Galaxy,21.71016,-52.6995,13.3,1.7
NGC7107,NGC7107,Galaxy,21.70736,-44.7903,13.3,1.9
NGC7108,NGC7108,Galaxy,21.69826,-6.7088,14.9,1.2
NGC7109,NGC7109,Galaxy,21.69959,-34.4459,14.5,0.9
NGC7110,NGC7110,Galaxy,21.70337,-34.1622,14.3,1.4
NGC7112,NGC7112,Galaxy,21.70740,12.5693,15.1,1.0
NGC7114,Schmidt's Nova Cygni,Star,21.69556,42.8418,3.0,
NGC7115,NGC7115,Galaxy,21.72737,-25.3516,14.2,1.9
NGC7116,NGC7116,Galaxy,21.71117,28.9466,14.1,1.2
NGC7117,NGC7117,Galaxy,21.76307,-48.4204,12.8,1.7
NGC7118,NGC7118,Galaxy,21.76937,-48.3538,12.6,1.7
NGC7119,NGC7119,Galaxy Pair,21.77097,-46.5181,,1.0
NGC7119A,NGC7119A,Galaxy,21.77112,-46.5161,13.4,0.7
NGC7119B,NGC7119B,Galaxy,21.77088,-46.5184,13.8,0.6
NGC7120,NGC7120,Galaxy,21.74256,-6.5232,14.9,0.8
NGC7121,NGC7121,Galaxy,21.74794,-3.6197,14.4,1.2
NGC7122,NGC7122,Double Star,21.76328,-8.8296,,
NGC7123,NGC7123,Galaxy,21.84629,-70.3341,13.3,2.6
NGC7124,NGC7124,Galaxy,21.80150,-50.5652,12.2,2.6
NGC7125,NGC7125,Galaxy,21.82111,-60.7132,12.5,2.9
NGC7126,NGC7126,Galaxy,21.82170,-60.6092,12.3,2.5
NGC7127,NGC7127,Open Cluster,21.72833,54.6300,,2.7
NGC7128,NGC7128,Open Cluster,21.73272,53.7151,9.7,3.0
NGC7129,NGC7129,Cluster + Nebula,21.71640,66.1130,11.5,2.1
NGC7130,NGC7130,Galaxy,21.80542,-34.9513,12.7,1.6
NGC7131,NGC7131,Galaxy,21.79336,-13.1826,14.9,1.1
NGC7132,NGC7132,Galaxy,21.78794,10.2412,14.5,0.9
NGC7133,NGC7133,Other,21.74075,66.1684,,
NGC7134,NGC7134,Other,21.81563,-12.9731,,
NGC7135,NGC7135,Galaxy,21.82945,-34.8763,12.2,2.6
NGC7136,NGC7136,Double Star,21.82865,-11.7933,,
NGC7137,NGC7137,Galaxy,21.80362,22.1596,12.4,1.8
NGC7138,NGC7138,Galaxy,21.81697,12.5142,15.3,1.2
NGC7139,NGC7139,Planetary Nebula,21.76906,63.7919,13.3,1.3
NGC7140,NGC7140,Galaxy,21.87092,-55.5697,11.7,3.0
NGC7142,NGC7142,Open Cluster,21.75264,65.7744,9.3,9.6
NGC7143,NGC7143,Other,21.81491,29.9550,,
NGC7144,NGC7144,Galaxy,21.87845,-48.2537,11.0,3.4
NGC7145,NGC7145,Galaxy,21.88896,-47.8824,11.1,3.0
NGC7146,NGC7146,Galaxy,21.86316,3.0170,15.5,0.7
NGC7147,NGC7147,Galaxy,21.86623,3.0717,15.0,1.0
NGC7148,NGC7148,Double Star,21.86902,3.3415,,
NGC7149,NGC7149,Galaxy,21.86991,3.3011,14.5,1.3
NGC7150,NGC7150,Other,21.84000,49.7561,,
NGC7151,NGC7151,Galaxy,21.91782,-50.6579,13.5,2.7
NGC7152,NGC7152,Galaxy,21.89973,-29.2891,14.5,1.3
NGC7153,NGC7153,Galaxy,21.90984,-29.0636,14.4,1.9
NGC7154,NGC7154,Galaxy,21.92251,-34.8141,12.5,2.3
NGC7155,NGC7155,Galaxy,21.93604,-49.5219,12.1,2.1
NGC7156,NGC7156,Galaxy,21.90934,2.9430,12.7,1.4
NGC7157,NGC7157,Galaxy,21.94908,-25.3505,14.9,1.2
NGC7158,NGC7158,Other,21.95781,-11.5925,,
NGC7159,NGC7159,Galaxy,21.94045,13.5626,15.0,0.7
NGC7160,NGC7160,Open Cluster,21.89452,62.6033,6.1,4.2
NGC7161,NGC7161,Other,21.94941,2.9162,,
NGC7162,NGC7162,Galaxy,21.99420,-43.3060,12.7,3.0
NGC7162A,NGC7162A,Galaxy,22.00993,-43.1417,13.1,2.4
NGC7163,NGC7163,Galaxy,21.98901,-31.8832,13.2,2.2
NGC7164,NGC7164,Galaxy,21.93990,1.3639,15.6,0.7
NGC7165,NGC7165,Galaxy,21.99058,-16.5123,13.5,1.1
NGC7166,NGC7166,Galaxy,22.00914,-43.3897,12.0,0.8
NGC7167,NGC7167,Galaxy,22.00851,-24.6326,12.7,1.8
NGC7168,NGC7168,Galaxy,22.03539,-51.7431,11.9,2.2
NGC7169,NGC7169,Galaxy,22.04684,-47.6978,14.6,1.1
NGC7170,NGC7170,Galaxy,22.02396,-5.4328,14.8,1.1
NGC7171,NGC7171,Galaxy,22.01722,-13.2698,12.3,2.4
NGC7172,NGC7172,Galaxy,22.03386,-31.8697,12.2,2.8
NGC7173,NGC7173,Galaxy,22.03422,-31.9737,12.0,1.9
NGC7174,NGC7174,Galaxy,22.03513,-31.9930,12.2,2.5
NGC7175,NGC7175,Open Cluster,21.97773,54.8064,,4.5
NGC7176,NGC7176,Galaxy,22.03568,-31.9898,12.4,1.1
NGC7177,NGC7177,Galaxy,22.01146,17.7381,11.1,2.9
NGC7178,NGC7178,Galaxy,22.04033,-35.7904,14.8,1.2
NGC7179,NGC7179,Galaxy,22.08037,-64.0468,12.8,2.0
NGC7180,NGC7180,Galaxy,22.03846,-20.5478,12.6,1.7
NGC7181,NGC7181,Galaxy,22.02875,-1.9606,15.4,0.7
NGC7182,NGC7182,Galaxy,22.03102,-2.1966,15.3,0.8
NGC7183,NGC7183,Galaxy,22.03934,-18.9165,12.9,3.9
NGC7184,NGC7184,Galaxy,22.04439,-20.8128,11.0,6.0
NGC7185,NGC7185,Galaxy,22.04910,-20.4713,12.6,2.3
NGC7186,NGC7186,Other,22.01812,35.0788,,
NGC7187,NGC7187,Galaxy,22.04571,-32.8022,12.6,1.1
NGC7188,NGC7188,Galaxy,22.05806,-20.3180,14.0,1.8
NGC7189,NGC7189,Galaxy,22.05444,0.5711,14.4,1.0
NGC7190,NGC7190,Galaxy,22.05186,11.1993,15.1,1.0
NGC7191,NGC7191,Galaxy,22.11439,-64.6346,13.8,1.8
NGC7192,NGC7192,Galaxy,22.11393,-64.3162,11.3,2.4
NGC7193,NGC7193,Open Cluster,22.05043,10.8038,,
NGC7194,NGC7194,Galaxy,22.05859,12.6368,14.3,1.3
NGC7195,NGC7195,Galaxy,22.05841,12.6608,15.7,0.7
NGC7196,NGC7196,Galaxy,22.09856,-50.1193,12.0,2.8
NGC7197,NGC7197,Galaxy,22.04946,41.0590,14.4,1.7
NGC7198,NGC7198,Galaxy,22.08729,-0.6483,14.4,1.0
NGC7199,NGC7199,Galaxy,22.14162,-64.7061,13.1,1.2
NGC7200,NGC7200,Galaxy,22.11931,-49.9955,12.9,1.3
NGC7201,NGC7201,Galaxy,22.10887,-31.2630,13.9,1.7
NGC7202,NGC7202,Star,22.11201,-31.2179,,
NGC7203,NGC7203,Galaxy,22.11219,-31.1624,13.7,1.1
NGC7204,NGC7204,Galaxy Pair,22.11506,-31.0514,,1.6
NGC7204A,NGC7204A,Galaxy,22.11500,-31.0506,15.1,0.9
NGC7204B,NGC7204B,Galaxy,22.11535,-31.0531,14.5,1.1
NGC7205,NGC7205,Galaxy,22.14286,-57.4426,11.0,3.7
NGC7205A,NGC7205A,Galaxy,22.12556,-57.4640,14.0,1.1
NGC7206,NGC7206,Galaxy,22.09469,16.7853,14.7,1.2
NGC7207,NGC7207,Galaxy,22.09602,16.7677,15.6,0.7
NGC7208,NGC7208,Galaxy,22.14012,-29.0512,13.4,0.9
NGC7209,NGC7209,Open Cluster,22.08551,46.4835,7.7,6.0
NGC7211,NGC7211,Galaxy,22.10608,-8.0900,15.1,0.8
NGC7212,NGC7212,Galaxy Triplet,22.11703,10.2311,15.1,1.4
NGC7213,NGC7213,Galaxy,22.15453,-47.1666,11.2,4.8
NGC7214,NGC7214,Galaxy,22.15213,-27.8095,13.9,1.9
NGC7215,NGC7215,Galaxy,22.14291,0.5117,15.0,0.9
NGC7216,NGC7216,Galaxy,22.20996,-68.6619,12.6,1.6
NGC7217,NGC7217,Galaxy,22.13122,31.3593,10.5,4.5
NGC7218,NGC7218,Galaxy,22.16992,-16.6610,11.9,2.5
NGC7219,NGC7219,Galaxy,22.21917,-64.8490,12.6,1.8
NGC7220,NGC7220,Galaxy,22.19194,-22.9529,13.4,0.9
NGC7221,NGC7221,Galaxy,22.18757,-30.5632,12.2,2.3
NGC7222,NGC7222,Galaxy,22.18104,2.1058,15.4,1.1
NGC7223,NGC7223,Galaxy,22.16921,41.0173,13.4,1.4
NGC7224,NGC7224,Galaxy,22.19316,25.8645,14.9,1.5
NGC7225,NGC7225,Galaxy,22.21891,-26.1483,13.4,2.0
NGC7226,NGC7226,Open Cluster,22.17414,55.3986,9.6,3.0
NGC7227,NGC7227,Galaxy,22.19204,38.7214,14.9,1.2
NGC7228,NGC7228,Galaxy,22.19683,38.6992,14.9,1.4
NGC7229,NGC7229,Galaxy,22.23423,-29.3828,12.7,1.5
NGC7230,NGC7230,Galaxy,22.23700,-17.0741,14.4,1.0
NGC7231,NGC7231,Galaxy,22.20837,45.3285,13.9,1.7
NGC7232,NGC7232,Galaxy,22.26056,-45.8501,11.9,2.9
NGC7232A,NGC7232A,Galaxy,22.22818,-45.8937,13.9,2.2
NGC7232B,NGC7232B,Galaxy,22.26457,-45.7806,13.6,1.7
NGC7233,NGC7233,Galaxy,22.26361,-45.8464,12.5,1.7
NGC7234,NGC7234,Open Cluster,22.20695,57.2713,7.7,2.4
NGC7236,NGC7236,Galaxy,22.24583,13.8465,13.6,1.4
NGC7237,NGC7237,Galaxy,22.24636,13.8409,14.6,2.0
NGC7238,NGC7238,Other,22.25570,22.5192,,
NGC7239,NGC7239,Galaxy,22.25039,-5.0533,15.5,1.0
NGC7240,NGC7240,Galaxy,22.25627,37.2807,14.2,0.6
NGC7241,NGC7241,Galaxy,22.26385,19.2324,13.5,2.8
NGC7242,NGC7242,Galaxy Pair,22.26125,37.3006,,1.4
NGC7243,NGC7243,Open Cluster,22.25238,49.8975,6.4,15.0
NGC7244,NGC7244,Galaxy,22.27412,16.4714,13.9,0.9
NGC7245,NGC7245,Open Cluster,22.25320,54.3426,9.2,3.9
NGC7246,NGC7246,Galaxy,22.29519,-15.5713,13.8,2.3
NGC7247,NGC7247,Galaxy,22.29479,-23.7310,13.4,1.3
NGC7248,NGC7248,Galaxy,22.28165,40.5023,12.5,1.7
NGC7249,NGC7249,Galaxy,22.34194,-55.1249,13.4,1.0
NGC7250,NGC7250,Galaxy,22.30494,40.5624,12.6,2.1
NGC7251,NGC7251,Galaxy,22.34087,-15.7736,13.5,1.7
NGC7252,NGC7252,Galaxy,22.34576,-24.6783,12.1,1.9
NGC7253,NGC7253,Galaxy Pair,22.32469,29.3917,,2.6
NGC7253A,NGC7253A,Galaxy,22.32436,29.3958,14.0,1.6
NGC7253B,NGC7253B,Galaxy,22.32503,29.3878,13.9,1.3
NGC7254,NGC7254,Galaxy,22.37673,-21.7372,13.9,1.3
NGC7255,NGC7255,Galaxy,22.38556,-15.5414,15.2,1.5
NGC7257,NGC7257,Galaxy,22.37679,-4.1207,13.7,1.8
NGC7258,NGC7258,Galaxy,22.38280,-28.3451,14.0,1.5
NGC7259,NGC7259,Galaxy,22.38487,-28.9548,13.8,1.2
NGC7261,NGC7261,Open Cluster,22.33511,58.0518,8.4,6.9
NGC7262,NGC7262,Galaxy,22.39126,-32.3642,15.0,0.9
NGC7263,NGC7263,Galaxy,22.36257,36.3500,15.6,0.9
NGC7264,NGC7264,Galaxy,22.37049,36.3870,14.6,2.0
NGC7265,NGC7265,Galaxy,22.37429,36.2096,12.2,2.5
NGC7266,NGC7266,Galaxy,22.39971,-4.0734,14.4,0.7
NGC7267,NGC7267,Galaxy,22.40606,-33.6941,12.2,1.7
NGC7268,NGC7268,Galaxy Pair,22.42817,-31.2006,,1.4
NGC7269,NGC7269,Galaxy,22.42962,-13.1664,14.6,1.0
NGC7270,NGC7270,Galaxy,22.39654,32.4030,14.9,0.9
NGC7271,NGC7271,Galaxy,22.39933,32.3669,16.0,0.6
NGC7272,NGC7272,Galaxy,22.40881,16.5882,15.3,1.1
NGC7273,NGC7273,Galaxy,22.40256,36.1998,14.7,0.8
NGC7274,NGC7274,Galaxy,22.40309,36.1259,14.2,1.8
NGC7275,NGC7275,Galaxy,22.40479,32.4462,14.9,1.2
NGC7276,NGC7276,Galaxy,22.40399,36.0876,14.9,1.0
NGC7277,NGC7277,Galaxy,22.43637,-31.1453,14.2,1.3
NGC7278,NGC7278,Galaxy,22.47289,-60.1698,15.2,0.8
NGC7279,NGC7279,Galaxy,22.45352,-35.1404,13.8,1.2
NGC7280,NGC7280,Galaxy,22.44099,16.1482,12.2,2.0
NGC7281,NGC7281,Open Cluster,22.42249,57.8211,,4.8
NGC7282,NGC7282,Galaxy,22.43163,40.3149,15.3,0.8
NGC7283,NGC7283,Galaxy,22.47576,17.4703,15.8,0.9
NGC7284,NGC7284,Galaxy,22.47665,-24.8441,13.3,1.8
NGC7285,NGC7285,Galaxy,22.47722,-24.8408,12.8,2.7
NGC7286,NGC7286,Galaxy,22.46403,29.0960,13.3,1.8
NGC7287,NGC7287,Galaxy Pair,22.48019,-22.2025,14.8,0.7
NGC7287A,NGC7287A,Galaxy,22.48014,-22.2034,15.5,0.6
NGC7287B,NGC7287B,Galaxy,22.48019,-22.2018,16.8,0.6
NGC7288,NGC7288,Galaxy,22.47082,-2.8846,14.0,1.9
NGC7289,NGC7289,Galaxy,22.48896,-35.4720,14.3,1.6
NGC7290,NGC7290,Galaxy,22.47401,17.1474,13.3,1.5
NGC7291,NGC7291,Galaxy,22.47486,16.7831,14.8,1.6
NGC7292,NGC7292,Galaxy,22.47386,30.2923,12.6,1.8
NGC7293,Helix Nebula,Planetary Nebula,22.49405,-20.8373,7.3,16.3
NGC7294,NGC7294,Galaxy,22.53557,-25.3978,13.6,2.1
NGC7295,NGC7295,Open Cluster,22.46746,52.2891,9.7,2.7
NGC7297,NGC7297,Galaxy,22.51952,-37.8264,14.6,0.8
NGC7298,NGC7298,Galaxy,22.51407,-14.1883,13.8,1.3
NGC7299,NGC7299,Galaxy,22.52586,-37.8096,14.8,0.7
NGC7300,NGC7300,Galaxy,22.51664,-14.0035,12.8,2.1
NGC7301,NGC7301,Galaxy,22.50964,-17.5738,14.2,0.8
NGC7302,NGC7302,Galaxy,22.53994,-14.1205,12.2,1.7
NGC7303,NGC7303,Galaxy,22.52579,30.9560,13.6,1.5
NGC7304,NGC7304,Other,22.52903,30.9797,,
NGC7305,NGC7305,Galaxy,22.53721,11.7121,15.1,0.9
NGC7306,NGC7306,Galaxy,22.55457,-27.2466,13.5,1.8
NGC7307,NGC7307,Galaxy,22.56459,-40.9327,12.6,3.8
NGC7308,NGC7308,Galaxy,22.57559,-12.9339,14.4,1.3
NGC7309,NGC7309,Galaxy,22.57239,-10.3570,12.5,2.1
NGC7310,NGC7310,Galaxy,22.57692,-22.4851,14.2,0.9
NGC7311,NGC7311,Galaxy,22.56853,5.5699,13.3,1.5
NGC7312,NGC7312,Galaxy,22.57633,5.8174,14.4,0.9
NGC7313,NGC7313,Galaxy,22.59238,-26.1018,15.2,0.7
NGC7314,NGC7314,Galaxy,22.59616,-26.0505,11.2,4.2
NGC7315,NGC7315,Galaxy,22.59214,34.8034,13.9,1.6
NGC7316,NGC7316,Galaxy,22.59898,20.3223,13.0,1.2
NGC7317,NGC7317,Galaxy,22.59774,33.9449,13.7,0.8
NGC7318,NGC7318,Galaxy Pair,22.59933,33.9656,,2.5
NGC7318A,NGC7318A,Galaxy,22.59910,33.9655,13.4,1.5
NGC7318B,NGC7318B,Galaxy,22.59956,33.9659,14.0,2.4
NGC7319,NGC7319,Galaxy,22.60099,33.9757,13.5,1.7
NGC7320,NGC7320,Galaxy,22.60094,33.9481,13.0,2.5
NGC7320C,NGC7320C,Galaxy,22.60566,33.9850,15.5,0.6
NGC7321,NGC7321,Galaxy,22.60778,21.6218,13.9,1.4
NGC7322,NGC7322,Galaxy,22.63096,-37.2312,14.5,1.0
NGC7323,NGC7323,Galaxy,22.61491,19.1439,14.0,1.2
NGC7324,NGC7324,Galaxy,22.61692,19.1462,14.6,1.1
NGC7325,NGC7325,Double Star,22.61348,34.3680,14.7,
NGC7326,NGC7326,Double Star,22.61447,34.4231,,
NGC7327,NGC7327,Galaxy,22.60946,34.5036,16.1,0.5
NGC7328,NGC7328,Galaxy,22.62480,10.5316,13.0,1.9
NGC7329,NGC7329,Galaxy,22.67339,-66.4790,11.7,3.1
NGC7330,NGC7330,Galaxy,22.61561,38.5481,13.6,1.7
NGC7331,NGC7331,Galaxy,22.61778,34.4155,9.4,9.3
NGC7332,NGC7332,Galaxy,22.62348,23.7983,11.1,3.0
NGC7333,NGC7333,Star,22.61990,34.4378,15.1,
NGC7335,NGC7335,Galaxy,22.62205,34.4477,13.4,1.3
NGC7336,NGC7336,Galaxy,22.62276,34.4818,15.6,0.6
NGC7337,NGC7337,Galaxy,22.62406,34.3743,15.7,1.0
NGC7338,NGC7338,Double Star,22.62537,34.4145,,
NGC7339,NGC7339,Galaxy,22.62979,23.7867,12.2,3.2
NGC7340,NGC7340,Galaxy,22.62895,34.4100,14.6,0.9
NGC7341,NGC7341,Galaxy,22.65154,-22.6667,13.4,2.4
NGC7342,NGC7342,Galaxy,22.63699,35.4989,15.2,1.3
NGC7343,NGC7343,Galaxy,22.64385,34.0714,13.5,0.9
NGC7344,NGC7344,Galaxy,22.66007,-4.1590,14.6,1.2
NGC7345,NGC7345,Galaxy,22.64579,35.5406,15.0,1.1
NGC7346,NGC7346,Galaxy,22.65985,11.0833,15.7,0.4
NGC7347,NGC7347,Galaxy,22.66560,11.0276,14.5,1.6
NGC7348,NGC7348,Galaxy,22.67674,11.9062,14.8,1.0
NGC7349,NGC7349,Galaxy,22.68747,-21.7985,14.5,1.2
NGC7350,NGC7350,Double Star,22.68016,12.0065,,
NGC7351,NGC7351,Galaxy,22.69082,-4.4447,13.6,1.6
NGC7352,NGC7352,Other,22.66214,57.3944,,
NGC7353,NGC7353,Galaxy,22.70348,11.8773,16.7,0.7
NGC7354,NGC7354,Planetary Nebula,22.67211,61.2848,12.2,0.4
NGC7355,NGC7355,Galaxy,22.72516,-36.8652,15.1,1.0
NGC7356,NGC7356,Galaxy,22.70065,30.7088,15.3,1.3
NGC7357,NGC7357,Galaxy,22.70665,30.1714,15.1,0.6
NGC7358,NGC7358,Galaxy,22.76012,-65.1218,12.8,2.1
NGC7359,NGC7359,Galaxy,22.74667,-23.6881,12.4,2.2
NGC7360,NGC7360,Galaxy,22.72610,4.1512,14.5,0.8
NGC7361,NGC7361,Galaxy,22.70498,-30.0577,12.3,3.1
NGC7362,NGC7362,Galaxy,22.73036,8.7054,12.7,1.3
NGC7363,NGC7363,Galaxy,22.72220,34.0015,14.5,0.9
NGC7364,NGC7364,Galaxy,22.74010,-0.1621,13.4,1.6
NGC7365,NGC7365,Galaxy,22.75279,-19.9520,12.8,1.8
NGC7366,NGC7366,Galaxy,22.74073,10.7814,16.2,0.3
NGC7367,NGC7367,Galaxy,22.74290,3.6464,14.8,1.4
NGC7368,NGC7368,Galaxy,22.75880,-39.3418,13.2,2.9
NGC7369,NGC7369,Galaxy,22.73675,34.3512,14.7,0.9
NGC7370,NGC7370,Galaxy,22.76034,11.0578,16.4,0.7
NGC7371,NGC7371,Galaxy,22.76771,-11.0011,12.0,2.1
NGC7372,NGC7372,Galaxy,22.76278,11.1308,14.5,1.0
NGC7373,NGC7373,Galaxy,22.77206,3.2101,14.7,1.0
NGC7374,NGC7374,Galaxy,22.76693,10.8536,14.8,0.9
NGC7374B,NGC7374B,Galaxy,22.76644,10.8675,15.6,0.8
NGC7375,NGC7375,Galaxy,22.77557,21.0836,14.7,0.9
NGC7376,NGC7376,Galaxy,22.78816,3.6456,15.6,0.7
NGC7377,NGC7377,Galaxy,22.79653,-22.3121,11.2,3.9
NGC7378,NGC7378,Galaxy,22.79658,-11.8166,13.0,1.5
NGC7379,NGC7379,Galaxy,22.79249,40.2388,14.3,1.2
NGC7380,NGC7380,Cluster + Nebula,22.78917,58.1324,7.2,25.0
NGC7381,NGC7381,Galaxy,22.83560,-19.7251,14.9,0.7
NGC7382,NGC7382,Galaxy,22.83998,-36.8573,14.7,0.7
NGC7383,NGC7383,Galaxy,22.82656,11.5564,14.0,0.9
NGC7384,NGC7384,Star,22.82849,11.4874,,
NGC7385,NGC7385,Galaxy,22.83183,11.6086,12.1,1.9
NGC7386,NGC7386,Galaxy,22.83393,11.6984,12.5,2.0
NGC7387,NGC7387,Galaxy,22.83823,11.6367,14.0,1.0
NGC7388,NGC7388,Star,22.83917,11.7109,,
NGC7389,NGC7389,Galaxy,22.83779,11.5662,14.9,1.4
NGC7390,NGC7390,Galaxy,22.83878,11.5310,15.4,0.8
NGC7391,NGC7391,Galaxy,22.84337,-1.5448,12.1,1.5
NGC7392,NGC7392,Galaxy,22.86354,-20.6081,11.8,2.2
NGC7393,NGC7393,Galaxy,22.86058,-5.5573,13.3,2.0
NGC7394,NGC7394,Open Cluster,22.83547,52.1801,,
NGC7395,NGC7395,Galaxy,22.85081,37.0878,15.2,1.1
NGC7396,NGC7396,Galaxy,22.87296,1.0924,13.5,1.8
NGC7397,NGC7397,Galaxy,22.87964,1.1328,15.0,0.7
NGC7398,NGC7398,Galaxy,22.88035,1.2011,14.6,1.1
NGC7399,NGC7399,Galaxy,22.87757,-9.2678,14.5,1.1
NGC7400,NGC7400,Galaxy,22.90578,-45.3470,13.6,2.4
NGC7401,NGC7401,Galaxy,22.88293,1.1427,15.3,0.8
NGC7402,NGC7402,Galaxy,22.88458,1.1444,16.1,0.4
NGC7403,NGC7403,Star,22.88511,1.4827,,
NGC7404,NGC7404,Galaxy,22.90517,-39.3149,12.7,1.6
NGC7405,NGC7405,Galaxy,22.88255,12.5936,17.0,0.3
NGC7406,NGC7406,Galaxy,22.89896,-6.5793,14.2,0.9
NGC7407,NGC7407,Galaxy,22.88913,32.1307,14.1,1.7
NGC7408,NGC7408,Galaxy,22.93246,-63.6947,15.4,1.9
NGC7409,NGC7409,Galaxy,22.89670,20.2104,15.5,0.6
NGC7410,NGC7410,Galaxy,22.91693,-39.6613,11.2,6.0
NGC7411,NGC7411,Galaxy,22.90970,20.2362,14.6,1.0
NGC7412,NGC7412,Galaxy,22.92938,-42.6420,11.3,3.8
NGC7412A,NGC7412A,Galaxy,22.95250,-42.8045,14.0,0.6
NGC7413,NGC7413,Galaxy,22.91753,13.2205,15.2,1.1
NGC7414,NGC7414,Galaxy,22.92345,13.2483,16.8,0.6
NGC7415,NGC7415,Galaxy,22.91489,20.2616,15.0,0.8
NGC7416,NGC7416,Galaxy,22.92825,-5.4953,12.3,3.1
NGC7417,NGC7417,Galaxy,22.96375,-65.0386,12.3,2.2
NGC7418,NGC7418,Galaxy,22.94338,-37.0301,11.0,3.7
NGC7418A,NGC7418A,Galaxy,22.94479,-36.7727,13.6,1.8
NGC7419,NGC7419,Open Cluster,22.90557,60.8155,13.0,4.1
NGC7420,NGC7420,Galaxy,22.92557,29.8050,14.9,0.8
NGC7421,NGC7421,Galaxy,22.94843,-37.3473,12.0,2.4
NGC7422,NGC7422,Galaxy,22.93677,3.9268,14.3,0.8
NGC7423,NGC7423,Open Cluster,22.91904,57.0969,,3.6
NGC7424,NGC7424,Galaxy,22.95510,-41.0706,10.2,5.0
NGC7425,NGC7425,Galaxy,22.95432,-10.9500,15.2,1.0
NGC7426,NGC7426,Galaxy,22.93413,36.3614,13.5,1.6
NGC7427,NGC7427,Galaxy,22.95276,8.5056,15.3,0.6
NGC7428,NGC7428,Galaxy,22.95542,-1.0490,13.8,0.9
NGC7429,NGC7429,Open Cluster,22.93350,59.9739,,4.5
NGC7430,NGC7430,Galaxy,22.95826,8.7943,15.1,0.6
NGC7431,NGC7431,Galaxy,22.96075,26.1643,15.4,0.3
NGC7432,NGC7432,Galaxy,22.96721,13.1345,14.8,1.6
NGC7433,NGC7433,Galaxy,22.96436,26.1622,15.6,0.8
NGC7434,NGC7434,Galaxy,22.97262,-1.1839,15.2,0.6
NGC7435,NGC7435,Galaxy,22.96513,26.1389,15.4,1.3
NGC7436,NGC7436,Galaxy Pair,22.96581,26.1500,,1.2
NGC7436A,NGC7436A,Galaxy,22.96560,26.1500,15.0,0.7
NGC7436B,NGC7436B,Galaxy,22.96598,26.1499,13.9,1.9
NGC7437,NGC7437,Galaxy,22.96946,14.3085,13.9,1.7
NGC7438,NGC7438,Open Cluster,22.95566,54.3093,,5.7
NGC7439,NGC7439,Galaxy,22.96943,29.2284,15.1,1.0
NGC7440,NGC7440,Galaxy,22.97571,35.8024,13.5,1.2
NGC7441,NGC7441,Galaxy,22.94483,-7.3791,14.3,1.3
NGC7442,NGC7442,Galaxy,22.99071,15.5484,14.2,1.0
NGC7443,NGC7443,Galaxy,23.00246,-12.8079,12.9,1.7
NGC7444,NGC7444,Galaxy,23.00249,-12.8343,12.8,1.4
NGC7445,NGC7445,Galaxy,22.98957,39.1075,15.6,0.7
NGC7446,NGC7446,Galaxy,22.99139,39.0829,15.4,1.3
NGC7447,NGC7447,Other,23.00724,-10.5280,,
NGC7448,NGC7448,Galaxy,23.00100,15.9803,11.7,2.1
NGC7449,NGC7449,Galaxy,22.99379,39.1459,15.3,1.0
NGC7450,NGC7450,Galaxy,23.01328,-12.9185,14.3,1.5
NGC7451,NGC7451,Galaxy,23.01135,8.4679,14.9,1.1
NGC7452,NGC7452,Galaxy,23.01319,6.7455,16.5,0.5
NGC7453,NGC7453,Other,23.02372,-6.3565,,
NGC7454,NGC7454,Galaxy,23.01847,16.3884,11.9,1.5
NGC7455,NGC7455,Galaxy,23.01138,7.3031,15.3,0.7
NGC7456,NGC7456,Galaxy,23.03623,-39.5694,11.9,5.2
NGC7457,NGC7457,Galaxy,23.01665,30.1449,11.0,4.0
NGC7458,NGC7458,Galaxy,23.02462,1.7534,12.5,1.0
NGC7459,NGC7459,Galaxy Pair,23.01664,6.7500,,1.0
NGC7460,NGC7460,Galaxy,23.02859,2.2636,13.0,1.1
NGC7461,NGC7461,Galaxy,23.03009,15.5825,14.5,0.9
NGC7462,NGC7462,Galaxy,23.04625,-40.8353,12.2,5.0
NGC7463,NGC7463,Galaxy,23.03111,15.9819,13.2,1.6
NGC7464,NGC7464,Galaxy,23.03158,15.9738,14.4,0.5
NGC7465,NGC7465,Galaxy,23.03360,15.9648,13.3,1.1
NGC7466,NGC7466,Galaxy,23.03429,27.0526,14.4,1.5
NGC7467,NGC7467,Galaxy,23.04097,15.5541,15.4,0.8
NGC7468,NGC7468,Galaxy,23.04979,16.6053,13.6,0.8
NGC7469,NGC7469,Galaxy,23.05434,8.8740,12.6,1.4
NGC7470,NGC7470,Galaxy,23.08724,-50.1116,13.7,1.6
NGC7471,NGC7471,Other,23.06495,-22.9069,,
NGC7472,NGC7472,Galaxy,23.09406,3.0593,14.6,0.8
NGC7473,NGC7473,Galaxy,23.06586,30.1601,14.7,1.1
NGC7474,NGC7474,Galaxy,23.06790,20.0672,15.0,0.8
NGC7475,NGC7475,Galaxy Pair,23.06969,20.0811,,1.3
NGC7476,NGC7476,Galaxy,23.08663,-43.0994,13.6,1.3
NGC7477,NGC7477,Galaxy,23.07796,3.1180,16.9,0.4
NGC7478,NGC7478,Galaxy,23.08239,2.5778,16.4,0.4
NGC7479,NGC7479,Galaxy,23.08240,12.3229,11.1,3.6
NGC7480,NGC7480,Galaxy,23.08712,2.5494,14.8,1.3
NGC7481,NGC7481,Other,23.09767,-19.9397,,
NGC7483,NGC7483,Galaxy,23.09675,3.5451,14.2,1.4
NGC7484,NGC7484,Galaxy,23.11803,-36.2754,13.0,1.1
NGC7485,NGC7485,Galaxy,23.10135,34.1077,14.2,1.5
NGC7486,NGC7486,Other,23.10361,34.1015,,
NGC7487,NGC7487,Galaxy,23.11404,28.1790,14.7,1.8
NGC7488,NGC7488,Galaxy,23.13026,0.9405,14.6,0.6
NGC7489,NGC7489,Galaxy,23.12575,22.9980,14.2,1.2
NGC7490,NGC7490,Galaxy,23.12366,32.3751,12.7,1.8
NGC7491,NGC7491,Galaxy,23.13499,-5.9667,14.5,0.8
NGC7492,NGC7492,Globular Cluster,23.14074,-15.6115,10.5,3.0
NGC7493,NGC7493,Star,23.14212,0.9100,,
NGC7494,NGC7494,Galaxy,23.14961,-24.3696,15.2,0.9
NGC7495,NGC7495,Galaxy,23.14922,12.0480,13.1,1.6
NGC7496,NGC7496,Galaxy,23.16314,-43.4279,12.7,3.4
NGC7496A,NGC7496A,Galaxy,23.20647,-43.7782,14.6,1.4
NGC7497,NGC7497,Galaxy,23.15095,18.1772,12.3,2.8
NGC7498,NGC7498,Galaxy,23.16561,-24.4251,15.0,0.9
NGC7499,NGC7499,Galaxy,23.17289,7.5807,13.0,1.6
NGC7500,NGC7500,Galaxy,23.17495,11.0123,14.9,1.5
NGC7501,NGC7501,Galaxy,23.17512,7.5890,13.5,1.0
NGC7502,NGC7502,Other,23.17216,-21.7376,,
NGC7503,NGC7503,Galaxy,23.17841,7.5677,13.5,0.9
NGC7504,NGC7504,Star,23.17810,14.3863,,
NGC7505,NGC7505,Galaxy,23.18351,13.6316,15.4,1.0
NGC7506,NGC7506,Galaxy,23.19472,-2.1600,14.2,1.2
NGC7507,NGC7507,Galaxy,23.20211,-28.5396,10.0,3.3
NGC7508,NGC7508,Galaxy,23.19700,12.9404,15.7,0.8
NGC7509,NGC7509,Galaxy,23.20595,14.6094,16.5,1.3
NGC7510,NGC7510,Open Cluster,23.18438,60.5709,7.9,3.9
NGC7511,NGC7511,Galaxy,23.20730,13.7266,15.0,1.0
NGC7512,NGC7512,Galaxy,23.20581,31.1256,14.0,1.9
NGC7513,NGC7513,Galaxy,23.22056,-28.3575,11.8,3.2
NGC7514,NGC7514,Galaxy,23.20718,34.8815,13.2,1.3
NGC7515,NGC7515,Galaxy,23.21352,12.6793,12.5,1.6
NGC7516,NGC7516,Galaxy,23.21441,20.2484,14.5,1.3
NGC7517,NGC7517,Galaxy,23.22051,-2.1004,15.4,0.6
NGC7518,NGC7518,Galaxy,23.22020,6.3217,13.5,1.3
NGC7519,NGC7519,Galaxy,23.21979,10.7722,15.1,1.1
NGC7520,NGC7520,Other,23.22913,-23.7942,,
NGC7521,NGC7521,Galaxy,23.22649,-1.7315,14.9,0.5
NGC7522,NGC7522,Star,23.26011,-22.8949,,
NGC7523,NGC7523,Galaxy,23.22631,13.9868,15.6,1.3
NGC7524,NGC7524,Galaxy,23.22960,-1.7301,15.6,0.8
NGC7525,NGC7525,Galaxy Pair,23.22788,14.0230,,0.9
NGC7526,NGC7526,Other,23.23398,-9.2216,,
NGC7527,NGC7527,Galaxy,23.22827,24.9023,14.8,1.2
NGC7528,NGC7528,Galaxy,23.23896,10.2314,16.0,0.7
NGC7529,NGC7529,Galaxy,23.23422,8.9925,14.1,0.8
NGC7530,NGC7530,Galaxy,23.23662,-2.7793,15.0,0.9
NGC7531,NGC7531,Galaxy,23.24681,-43.5999,11.2,4.1
NGC7532,NGC7532,Galaxy,23.23951,-2.7282,14.8,1.3
NGC7533,NGC7533,Galaxy,23.23947,-2.0337,15.7,0.7
NGC7534,NGC7534,Galaxy,23.24074,-2.6983,14.2,1.0
NGC7535,NGC7535,Galaxy,23.23688,13.5819,13.7,1.5
NGC7536,NGC7536,Galaxy,23.23699,13.4264,13.4,1.6
NGC7537,NGC7537,Galaxy,23.24292,4.4984,13.2,1.8
NGC7538,NGC7538,Cluster + Nebula,23.22740,61.5124,,8.0
NGC7539,NGC7539,Galaxy,23.24151,23.6848,12.9,1.2
NGC7540,NGC7540,Galaxy,23.24335,15.9503,15.7,0.7
NGC7541,NGC7541,Galaxy,23.24553,4.5344,11.8,3.0
NGC7542,NGC7542,Galaxy,23.24490,10.6433,15.6,0.9
NGC7543,NGC7543,Galaxy,23.24294,28.3272,14.2,1.4
NGC7544,NGC7544,Galaxy,23.24916,-2.1993,15.9,0.8
NGC7545,NGC7545,Galaxy,23.25892,-38.5356,13.8,1.3
NGC7546,NGC7546,Galaxy,23.25157,-2.3247,14.9,0.7
NGC7547,NGC7547,Galaxy,23.25094,18.9734,14.7,1.1
NGC7548,NGC7548,Galaxy,23.25309,25.2819,14.4,1.1
NGC7549,NGC7549,Galaxy,23.25479,19.0417,14.1,1.9
NGC7550,NGC7550,Galaxy,23.25445,18.9618,13.2,1.4
NGC7551,NGC7551,Galaxy,23.25612,15.9410,15.7,0.6
NGC7552,NGC7552,Galaxy,23.26966,-42.5847,11.4,3.9
NGC7553,NGC7553,Galaxy,23.25919,19.0482,15.7,0.7
NGC7554,NGC7554,Galaxy,23.26148,-2.3786,15.9,1.0
NGC7555,NGC7555,Other,23.25857,12.5729,,
NGC7556,NGC7556,Galaxy,23.26235,-2.3815,16.0,2.1
NGC7556A,NGC7556A,Galaxy,23.26215,-2.3856,,0.3
NGC7557,NGC7557,Galaxy,23.26105,6.7083,14.2,0.7
NGC7558,NGC7558,Galaxy,23.26062,18.9197,15.9,0.9
NGC7559,NGC7559,Galaxy Pair,23.26286,13.2939,,1.5
NGC7559A,NGC7559A,Galaxy,23.26278,13.2969,16.4,0.6
NGC7559B,NGC7559B,Galaxy,23.26293,13.2903,14.4,1.3
NGC7560,NGC7560,Double Star,23.26493,4.4959,,
NGC7561,NGC7561,Star,23.26595,4.5227,,
NGC7562,NGC7562,Galaxy,23.26597,6.6875,11.6,2.2
NGC7562A,NGC7562A,Galaxy,23.26707,6.6523,14.8,1.3
NGC7563,NGC7563,Galaxy,23.26554,13.1961,12.8,1.5
NGC7564,NGC7564,Star,23.26700,7.3481,,
NGC7565,NGC7565,Other,23.27217,-0.0586,,
NGC7566,NGC7566,Galaxy,23.27706,-2.3306,14.4,1.6
NGC7567,NGC7567,Galaxy,23.26952,15.8500,15.4,0.9
NGC7568,NGC7568,Galaxy,23.27357,24.4970,14.5,0.9
NGC7569,NGC7569,Galaxy,23.27904,8.9054,14.5,1.0
NGC7570,NGC7570,Galaxy,23.27907,13.4830,13.2,1.6
NGC7571,NGC7571,Galaxy,23.30841,18.6887,14.9,1.2
NGC7572,NGC7572,Galaxy,23.28066,18.4832,14.0,1.0
NGC7573,NGC7573,Galaxy,23.27399,-22.1544,14.9,1.2
NGC7575,NGC7575,Galaxy,23.28913,5.6608,14.9,0.8
NGC7576,NGC7576,Galaxy,23.28965,-4.7279,12.9,1.0
NGC7577,NGC7577,Galaxy,23.28808,7.3654,,0.4
NGC7578,NGC7578,Galaxy Pair,23.28686,18.7044,,2.0
NGC7578A,NGC7578A,Galaxy,23.28665,18.7013,13.2,0.7
NGC7578B,NGC7578B,Galaxy,23.28710,18.7082,13.2,1.7
NGC7579,NGC7579,Galaxy,23.29413,9.4333,17.1,0.5
NGC7580,NGC7580,Galaxy,23.29344,14.0012,13.7,0.8
NGC7582,NGC7582,Galaxy,23.30653,-42.3706,11.0,7.0
NGC7583,NGC7583,Galaxy,23.29799,7.3794,14.4,0.9
NGC7584,NGC7584,Galaxy,23.29806,9.4333,15.2,0.8
NGC7585,NGC7585,Galaxy,23.30037,-4.6503,11.5,2.5
NGC7586,NGC7586,Galaxy,23.29878,8.5841,17.2,0.6
NGC7587,NGC7587,Galaxy,23.29976,9.6802,12.1,1.1
NGC7588,NGC7588,Galaxy,23.29939,18.7522,15.0,0.5
NGC7589,NGC7589,Galaxy,23.30435,0.2612,17.0,1.0
NGC7590,NGC7590,Galaxy,23.31523,-42.2391,12.3,3.0
NGC7591,NGC7591,Galaxy,23.30452,6.5858,13.2,1.6
NGC7592,NGC7592,Galaxy Triplet,23.30617,-4.4169,,1.2
NGC7592A,NGC7592A,Galaxy,23.30606,-4.4158,13.6,0.6
NGC7592B,NGC7592B,Galaxy,23.30627,-4.4161,13.6,0.9
NGC7592C,NGC7592C,Galaxy,23.30615,-4.4189,,0.2
NGC7593,NGC7593,Galaxy,23.29916,11.3492,13.5,1.0
NGC7594,NGC7594,Galaxy,23.30387,10.2983,13.8,1.3
NGC7595,NGC7595,Galaxy,23.30840,9.9324,,0.7
NGC7596,NGC7596,Galaxy,23.28667,-6.9120,15.1,0.9
NGC7598,NGC7598,Galaxy,23.30924,18.7494,15.7,0.3
NGC7599,NGC7599,Galaxy,23.32254,-42.2568,11.3,4.8
NGC7600,NGC7600,Galaxy,23.31496,-7.5804,11.9,2.1
NGC7601,NGC7601,Galaxy,23.31307,9.2336,14.0,1.0
NGC7602,NGC7602,Galaxy,23.31209,18.6984,15.5,0.6
NGC7603,NGC7603,Galaxy,23.31573,0.2439,14.0,1.2
NGC7604,NGC7604,Galaxy,23.29775,7.4299,15.2,0.4
NGC7606,NGC7606,Galaxy,23.31799,-8.4851,11.0,5.3
NGC7607,NGC7607,Double Star,23.31646,11.3417,,
NGC7608,NGC7608,Galaxy,23.32092,8.3501,14.2,1.4
NGC7609,NGC7609,Galaxy Pair,23.32514,9.5053,,1.1
NGC7610,NGC7610,Galaxy,23.32816,10.1850,13.1,2.2
NGC7611,NGC7611,Galaxy,23.32683,8.0633,12.6,1.7
NGC7612,NGC7612,Galaxy,23.32894,8.5764,12.8,1.6
NGC7613,NGC7613,Other,23.33104,0.1989,,
NGC7614,NGC7614,Other,23.33104,0.1989,,
NGC7615,NGC7615,Galaxy,23.33179,8.3994,14.3,0.8
NGC7617,NGC7617,Galaxy,23.33582,8.1658,13.9,0.9
NGC7618,NGC7618,Galaxy,23.32978,42.8526,14.3,1.2
NGC7619,NGC7619,Galaxy,23.33737,8.2062,11.1,2.5
NGC7620,NGC7620,Galaxy,23.33491,24.2211,13.4,0.9
NGC7621,NGC7621,Galaxy,23.34017,8.3663,15.6,0.7
NGC7622,NGC7622,Galaxy,23.36070,-62.1178,14.5,1.4
NGC7623,NGC7623,Galaxy,23.34167,8.3958,12.8,1.3
NGC7624,NGC7624,Galaxy,23.33961,27.3157,13.1,1.3
NGC7625,NGC7625,Galaxy,23.34170,17.2256,12.2,1.5
NGC7626,NGC7626,Galaxy,23.34515,8.2170,11.1,2.5
NGC7627,NGC7627,Galaxy,23.37526,11.8926,15.1,1.5
NGC7628,NGC7628,Galaxy,23.34858,25.8986,13.8,1.4
NGC7629,NGC7629,Galaxy,23.35538,1.4031,14.9,0.9
NGC7630,NGC7630,Galaxy,23.35453,11.3973,15.5,0.9
NGC7631,NGC7631,Galaxy,23.35741,8.2176,13.1,1.9
NGC7632,NGC7632,Galaxy,23.36692,-42.4805,12.2,2.6
NGC7633,NGC7633,Galaxy,23.38425,-67.6537,12.7,2.2
NGC7634,NGC7634,Galaxy,23.36160,8.8869,12.6,1.2
NGC7635,Bubble Nebula,HII Region,23.34600,61.2124,11.0,15.0
NGC7636,NGC7636,Galaxy,23.37582,-29.2807,14.9,1.0
NGC7637,NGC7637,Galaxy,23.44102,-81.9116,13.2,2.1
NGC7638,NGC7638,Galaxy Pair,23.37587,11.3288,15.5,0.7
NGC7639,NGC7639,Galaxy,23.38006,11.3729,15.9,0.7
NGC7640,NGC7640,Galaxy,23.36849,40.8454,11.0,8.1
NGC7642,NGC7642,Galaxy,23.38150,1.4428,14.7,0.5
NGC7643,NGC7643,Galaxy,23.38067,11.9888,13.2,1.5
NGC7645,NGC7645,Galaxy,23.39647,-29.3880,13.8,1.6
NGC7646,NGC7646,Galaxy,23.40193,-11.8607,14.0,1.0
NGC7647,NGC7647,Galaxy,23.39929,16.7773,12.9,1.8
NGC7648,NGC7648,Galaxy,23.39834,9.6675,12.9,1.6
NGC7649,NGC7649,Galaxy,23.40558,14.6471,13.6,1.6
NGC7650,NGC7650,Galaxy,23.42263,-57.7914,12.8,1.4
NGC7651,NGC7651,Galaxy Pair,23.40717,13.9700,,1.1
NGC7652,NGC7652,Galaxy,23.42706,-57.8874,14.5,1.2
NGC7653,NGC7653,Galaxy,23.41371,15.2756,12.7,1.6
NGC7655,NGC7655,Galaxy,23.44609,-68.0275,14.2,0.8
NGC7656,NGC7656,Galaxy,23.40872,-19.0591,14.5,1.0
NGC7657,NGC7657,Galaxy,23.44653,-57.8057,15.0,1.5
NGC7658,NGC7658,Galaxy Pair,23.44019,-39.2218,,1.5
NGC7658A,NGC7658A,Galaxy,23.44019,-39.2160,15.3,0.7
NGC7658B,NGC7658B,Galaxy,23.44024,-39.2266,14.5,1.0
NGC7659,NGC7659,Galaxy,23.43213,14.2098,14.8,1.0
NGC7660,NGC7660,Galaxy,23.43018,27.0299,12.7,1.9
NGC7661,NGC7661,Galaxy,23.45397,-65.2704,14.1,1.8
NGC7662,Copeland's Blue Snowball,Planetary Nebula,23.43164,42.5349,8.3,0.3
NGC7663,NGC7663,Galaxy,23.44589,-4.9667,17.4,0.4
NGC7664,NGC7664,Galaxy,23.44438,25.0801,12.7,1.5
NGC7665,NGC7665,Galaxy,23.45411,-9.3870,14.2,0.8
NGC7666,NGC7666,Other,23.45681,-4.1863,,
NGC7667,NGC7667,Galaxy,23.40642,-0.1081,14.6,1.1
NGC7668,NGC7668,Other,23.45606,-0.1913,,
NGC7669,NGC7669,Other,23.45606,-0.1913,,
NGC7670,NGC7670,Other,23.45606,-0.1913,,
NGC7671,NGC7671,Galaxy,23.45537,12.4674,12.8,1.4
NGC7672,NGC7672,Galaxy,23.45873,12.3852,14.0,0.8
NGC7673,NGC7673,Galaxy,23.46139,23.5890,12.8,1.0
NGC7674,NGC7674,Galaxy,23.46576,8.7790,14.2,1.1
NGC7675,NGC7675,Galaxy,23.46831,8.7686,14.7,0.8
NGC7676,NGC7676,Galaxy,23.48381,-59.7167,13.5,2.1
NGC7677,NGC7677,Galaxy,23.46837,23.5314,13.2,1.1
NGC7678,NGC7678,Galaxy,23.47442,22.4212,12.1,2.0
NGC7679,NGC7679,Galaxy,23.47964,3.5115,13.2,1.2
NGC7680,NGC7680,Galaxy,23.47642,32.4157,12.5,1.7
NGC7681,NGC7681,Galaxy,23.48191,17.3096,14.7,1.4
NGC7682,NGC7682,Galaxy,23.48443,3.5333,13.9,1.1
NGC7683,NGC7683,Galaxy,23.48439,11.4452,12.6,2.0
NGC7684,NGC7684,Galaxy,23.50890,0.0811,14.3,1.6
NGC7685,NGC7685,Galaxy,23.50931,3.9016,13.2,1.7
NGC7686,NGC7686,Open Cluster,23.50205,49.1341,5.6,3.6
NGC7687,NGC7687,Galaxy,23.51513,3.5466,14.9,1.1
NGC7688,NGC7688,Galaxy,23.51819,21.4115,15.4,0.9
NGC7689,NGC7689,Galaxy,23.55465,-54.0945,10.8,3.1
NGC7690,NGC7690,Galaxy,23.55071,-51.6984,12.3,2.2
NGC7691,NGC7691,Galaxy,23.54012,15.8478,12.8,1.7
NGC7692,NGC7692,Galaxy,23.54632,-5.5969,14.8,0.5
NGC7693,NGC7693,Galaxy,23.55292,-1.2919,14.6,0.8
NGC7694,NGC7694,Galaxy,23.55438,-2.7029,13.9,1.4
NGC7695,NGC7695,Galaxy,23.55417,-2.7202,15.9,0.6
NGC7696,NGC7696,Galaxy,23.56392,4.8708,14.8,0.8
NGC7697,NGC7697,Galaxy,23.58138,-65.3960,14.3,1.7
NGC7698,NGC7698,Galaxy,23.56711,24.9446,14.6,1.1
NGC7699,NGC7699,Galaxy,23.57418,-2.8994,15.7,0.7
NGC7700,NGC7700,Galaxy,23.57508,-2.9537,15.0,2.0
NGC7701,NGC7701,Galaxy,23.57542,-2.8543,14.4,1.2
NGC7702,NGC7702,Galaxy,23.59136,-56.0123,12.2,2.1
NGC7703,NGC7703,Galaxy,23.57969,16.0758,14.7,2.2
NGC7704,NGC7704,Galaxy,23.58362,4.8975,15.0,1.1
NGC7705,NGC7705,Galaxy,23.58403,4.8038,15.5,0.6
NGC7706,NGC7706,Galaxy,23.58624,4.9642,14.5,1.1
NGC7707,NGC7707,Galaxy,23.58094,44.3041,14.7,1.4
NGC7708,NGC7708,Open Cluster,23.58374,72.8332,,5.1
NGC7709,NGC7709,Galaxy,23.59096,-16.7051,13.6,2.2
NGC7710,NGC7710,Galaxy,23.59615,-2.8809,14.8,1.2
NGC7711,NGC7711,Galaxy,23.59427,15.3020,12.2,2.4
NGC7712,NGC7712,Galaxy,23.59768,23.6188,13.8,0.9
NGC7713,NGC7713,Galaxy,23.60416,-37.9381,11.2,4.9
NGC7713A,NGC7713A,Galaxy,23.61897,-37.7141,12.7,1.6
NGC7714,NGC7714,Galaxy,23.60392,2.1552,13.6,2.2
NGC7715,NGC7715,Galaxy,23.60615,2.1565,14.2,2.1
NGC7716,NGC7716,Galaxy,23.60874,0.2973,12.2,1.8
NGC7717,NGC7717,Galaxy,23.62880,-15.1185,13.8,1.7
NGC7718,NGC7718,Galaxy,23.63472,25.7197,15.2,1.0
NGC7719,NGC7719,Galaxy,23.63405,-22.9744,15.1,0.9
NGC7720,NGC7720,Galaxy Pair,23.64150,27.0314,,1.2
NGC7720A,NGC7720A,Galaxy,23.64154,27.0348,13.9,0.7
NGC7721,NGC7721,Galaxy,23.64685,-6.5179,11.7,3.1
NGC7722,NGC7722,Galaxy,23.64478,15.9546,13.5,2.1
NGC7723,NGC7723,Galaxy,23.64919,-12.9611,11.2,3.3
NGC7724,NGC7724,Galaxy,23.65199,-12.2241,13.8,1.5
NGC7725,NGC7725,Galaxy,23.65411,-4.5394,14.8,0.9
NGC7726,NGC7726,Galaxy,23.65331,27.1153,15.0,1.4
NGC7727,NGC7727,Galaxy,23.66492,-12.2928,10.6,3.6
NGC7728,NGC7728,Galaxy,23.66690,27.1337,14.1,1.4
NGC7729,NGC7729,Galaxy,23.67601,29.1882,14.4,1.7
NGC7730,NGC7730,Galaxy,23.67943,-20.5088,14.4,0.8
NGC7731,NGC7731,Galaxy,23.69141,3.7400,13.5,1.1
NGC7732,NGC7732,Galaxy,23.69274,3.7249,13.9,1.5
NGC7733,NGC7733,Galaxy,23.70915,-65.9565,14.3,1.3
NGC7734,NGC7734,Galaxy,23.71193,-65.9446,13.1,1.4
NGC7735,NGC7735,Galaxy,23.70481,26.2317,14.9,1.4
NGC7736,NGC7736,Galaxy,23.70716,-19.4523,12.9,1.7
NGC7737,NGC7737,Galaxy,23.71289,27.0529,14.7,1.1
NGC7738,NGC7738,Galaxy,23.73391,0.5166,14.2,1.2
NGC7739,NGC7739,Galaxy,23.74169,0.3205,14.9,0.8
NGC7740,NGC7740,Galaxy,23.72563,27.3119,14.9,1.1
NGC7741,NGC7741,Galaxy,23.73177,26.0756,11.3,3.6
NGC7742,NGC7742,Galaxy,23.73770,10.7671,11.6,1.7
NGC7743,NGC7743,Galaxy,23.73921,9.9341,12.4,2.6
NGC7744,NGC7744,Galaxy,23.74979,-42.9109,11.8,2.5
NGC7745,NGC7745,Galaxy,23.74605,25.9090,16.6,0.7
NGC7746,NGC7746,Galaxy,23.75556,-1.6849,14.4,1.2
NGC7747,NGC7747,Galaxy,23.75896,27.3609,14.4,1.4
NGC7748,NGC7748,Star,23.74908,69.7549,7.2,
NGC7749,NGC7749,Galaxy,23.76321,-29.5178,15.2,1.8
NGC7750,NGC7750,Galaxy,23.77718,3.7998,12.9,1.5
NGC7751,NGC7751,Galaxy,23.78287,6.8618,13.9,1.5
NGC7752,NGC7752,Galaxy,23.78293,29.4589,14.2,0.9
NGC7753,NGC7753,Galaxy,23.78468,29.4834,13.3,2.0
NGC7754,NGC7754,Galaxy,23.81978,-16.6006,15.0,0.7
NGC7755,NGC7755,Galaxy,23.79771,-30.5220,11.7,3.7
NGC7756,NGC7756,Star,23.80794,4.1252,,
NGC7757,NGC7757,Galaxy,23.81264,4.1711,12.8,1.8
NGC7758,NGC7758,Galaxy,23.81533,-22.0242,15.5,0.8
NGC7759,NGC7759,Galaxy,23.81519,-16.5412,13.9,1.5
NGC7760,NGC7760,Galaxy,23.81998,30.9831,14.7,1.1
NGC7761,NGC7761,Galaxy,23.85803,-13.3816,14.1,1.2
NGC7762,NGC7762,Open Cluster,23.83382,68.0380,,6.5
NGC7763,NGC7763,Galaxy,23.83769,-16.5900,15.2,0.7
NGC7764,NGC7764,Galaxy,23.84833,-40.7282,12.2,1.9
NGC7764A,NGC7764A,Galaxy,23.88958,-40.8103,13.2,0.7
NGC7765,NGC7765,Galaxy,23.84782,27.1663,15.7,0.7
NGC7766,NGC7766,Galaxy,23.84886,27.1263,16.2,0.9
NGC7767,NGC7767,Galaxy,23.84899,27.0871,14.1,1.1
NGC7768,NGC7768,Galaxy,23.84961,27.1474,12.3,1.5
NGC7769,NGC7769,Galaxy,23.85110,20.1504,11.8,1.8
NGC7770,NGC7770,Galaxy,23.85626,20.0965,13.8,1.0
NGC7771,NGC7771,Galaxy,23.85689,20.1118,12.1,2.5
NGC7772,NGC7772,Other,23.86277,16.2481,,13.2
NGC7773,NGC7773,Galaxy,23.86941,31.2766,14.4,1.1
NGC7774,NGC7774,Galaxy Pair,23.86978,11.4700,,1.2
NGC7775,NGC7775,Galaxy,23.87346,28.7727,13.8,1.0
NGC7776,NGC7776,Galaxy,23.90460,-13.5864,14.8,1.0
NGC7777,NGC7777,Galaxy,23.88681,28.2834,14.5,1.3
NGC7778,NGC7778,Galaxy,23.88880,7.8709,12.8,1.0
NGC7779,NGC7779,Galaxy,23.89077,7.8757,12.7,1.5
NGC7780,NGC7780,Galaxy,23.89227,8.1181,13.9,1.0
NGC7781,NGC7781,Galaxy,23.89611,7.8605,13.9,1.1
NGC7782,NGC7782,Galaxy,23.89830,7.9706,12.2,2.4
NGC7783,NGC7783,Galaxy Pair,23.90307,0.3799,,1.9
NGC7784,NGC7784,Galaxy,23.92046,21.7622,15.6,0.7
NGC7785,NGC7785,Galaxy,23.92195,5.9158,11.6,1.9
NGC7786,NGC7786,Galaxy,23.92265,21.5881,13.9,0.6
NGC7787,NGC7787,Galaxy,23.93551,0.5495,15.3,1.1
NGC7788,NGC7788,Open Cluster,23.94599,61.3999,9.4,2.4
NGC7789,NGC7789,Open Cluster,23.95668,56.7083,6.7,14.4
NGC7790,NGC7790,Open Cluster,23.97341,61.2083,8.5,3.6
NGC7791,NGC7791,Double Star,23.96592,10.7657,,
NGC7792,NGC7792,Galaxy,23.96766,16.5014,14.8,0.8
NGC7793,NGC7793,Galaxy,23.96384,-32.5910,9.3,10.4
NGC7794,NGC7794,Galaxy,23.97614,10.7281,13.7,1.2
NGC7795,NGC7795,Open Cluster,23.97707,60.0350,,2.2
NGC7796,NGC7796,Galaxy,23.98327,-55.4583,11.5,2.7
NGC7797,NGC7797,Galaxy,23.98302,3.6346,14.8,0.9
NGC7798,NGC7798,Galaxy,23.99042,20.7499,12.3,1.4
NGC7799,NGC7799,Star,23.99210,31.2956,,
NGC7800,NGC7800,Galaxy,23.99342,14.8056,13.3,1.7
NGC7801,NGC7801,Open Cluster,0.00596,50.7450,,4.2
NGC7802,NGC7802,Galaxy,0.01678,6.2421,14.6,1.2
NGC7803,NGC7803,Galaxy,0.02221,13.1113,14.1,0.9
NGC7804,NGC7804,Double Star,0.02189,7.7497,,
NGC7805,NGC7805,Galaxy,0.02410,31.4337,13.3,1.4
NGC7806,NGC7806,Galaxy,0.02501,31.4419,14.3,1.2
NGC7807,NGC7807,Galaxy,0.00738,-18.8419,15.6,0.7
NGC7808,NGC7808,Galaxy,0.05893,-10.7447,15.3,1.1
NGC7809,NGC7809,Galaxy,0.03596,2.9411,15.1,0.5
NGC7810,NGC7810,Galaxy,0.03866,12.9716,14.3,1.0
NGC7811,NGC7811,Galaxy,0.04069,3.3519,14.7,0.4
NGC7812,NGC7812,Galaxy,0.04846,-34.2356,14.0,1.1
NGC7813,NGC7813,Galaxy,0.06920,-11.9839,15.0,0.8
NGC7814,NGC7814,Galaxy,0.05414,16.1454,10.6,4.4
NGC7815,NGC7815,Star,0.05690,20.7042,,
NGC7816,NGC7816,Galaxy,0.06357,7.4786,13.9,1.6
NGC7817,NGC7817,Galaxy,0.06636,20.7523,12.1,3.3
NGC7818,NGC7818,Galaxy,0.06912,7.3794,15.1,0.9
NGC7819,NGC7819,Galaxy,0.07348,31.4721,13.6,1.4
NGC7820,NGC7820,Galaxy,0.07522,5.2003,13.8,1.5
NGC7821,NGC7821,Galaxy,0.08798,-16.4769,13.8,1.1
NGC7822,NGC7822,HII Region,0.05982,67.1616,,20.0
NGC7823,NGC7823,Galaxy,0.07933,-62.0616,13.5,1.1
NGC7824,NGC7824,Galaxy,0.08506,6.9201,14.4,1.6
NGC7825,NGC7825,Galaxy,0.08517,5.2037,15.4,0.9
NGC7826,NGC7826,Other,0.08870,-20.6883,,
NGC7827,NGC7827,Galaxy,0.09102,5.2223,14.5,1.3
NGC7828,NGC7828,Galaxy,0.10752,-13.4161,13.9,2.1
NGC7829,NGC7829,Galaxy,0.10805,-13.4206,13.9,2.1
NGC7830,NGC7830,Star,0.10052,8.3428,,
NGC7831,NGC7831,Galaxy,0.12209,32.6093,13.3,1.8
NGC7832,NGC7832,Galaxy,0.10791,-3.7161,13.6,1.7
NGC7833,NGC7833,Other,0.10874,27.6397,,
NGC7834,NGC7834,Galaxy,0.11051,8.3679,15.3,0.9
NGC7835,NGC7835,Galaxy,0.11299,8.4259,15.5,0.6
NGC7836,NGC7836,Galaxy,0.13379,33.0708,13.7,0.9
NGC7837,NGC7837,Galaxy,0.11428,8.3514,16.7,0.7
NGC7838,NGC7838,Galaxy,0.11499,8.3509,15.2,1.3
NGC7839,NGC7839,Double Star,0.11684,27.6352,,
NGC7840,NGC7840,Galaxy,0.11911,8.3835,16.5,0.7
NGC190 NED01,NGC190 NED01,Galaxy,0.64852,7.0627,14.9,0.9
NGC190 NED02,NGC190 NED02,Galaxy,0.64854,7.0567,15.7,0.7
NGC326 NED01,NGC326 NED01,Galaxy,0.97296,26.8663,13.3,1.0
NGC326 NED02,NGC326 NED02,Galaxy,0.97301,26.8646,,0.2
NGC414 NED01,NGC414 NED01,Galaxy,1.18819,33.1139,14.4,0.7
NGC414 NED02,NGC414 NED02,Galaxy,1.18832,33.1123,,0.5
NGC454 NED01,NGC454 NED01,Galaxy,1.23939,-55.4014,13.6,1.6
NGC454 NED02,NGC454 NED02,Galaxy,1.24026,-55.3971,13.6,1.9
NGC520 NED01,NGC520 NED01,Galaxy,1.40958,3.7949,11.5,4.1
NGC520 NED02,NGC520 NED02,Galaxy,1.40966,3.7898,12.4,1.6
NGC646 NED01,NGC646 NED01,Galaxy,1.62253,-64.8949,14.2,1.2
NGC646 NED02,NGC646 NED02,Galaxy,1.62497,-64.8963,14.5,0.6
NGC702 NED01,NGC702 NED01,Galaxy,1.85511,-4.0492,,0.4
NGC702 NED02,NGC702 NED02,Galaxy,1.85533,-4.0559,13.2,1.0
NGC745 NED01,NGC745 NED01,Galaxy,1.90214,-56.6937,14.5,1.8
NGC745 NED02,NGC745 NED02,Galaxy,1.90211,-56.6874,15.2,0.1
NGC745 NED03,NGC745 NED03,Galaxy,1.90315,-56.6855,15.1,1.1
NGC797 NED01,NGC797 NED01,Galaxy,2.05682,38.1122,16.5,0.5
NGC797 NED02,NGC797 NED02,Galaxy,2.05776,38.1169,12.6,1.2
NGC810 NED01,NGC810 NED01,Galaxy,2.09125,13.2512,15.0,1.4
NGC810 NED02,NGC810 NED02,Galaxy,2.09147,13.2510,15.8,1.0
NGC815 NED01,NGC815 NED01,Galaxy,2.17756,-15.8124,,0.1
NGC815 NED02,NGC815 NED02,Galaxy,2.17764,-15.8134,16.2,0.5
NGC970 NED01,NGC970 NED01,Galaxy,2.56965,32.9749,,0.3
NGC970 NED02,NGC970 NED02,Galaxy,2.56992,32.9773,15.7,0.7
NGC997 NED01,NGC997 NED01,Galaxy,2.62067,7.3098,,0.3
NGC997 NED02,NGC997 NED02,Galaxy,2.62069,7.3056,14.7,1.1
NGC1044 NED01,NGC1044 NED01,Galaxy,2.68504,8.7380,13.2,0.8
NGC1044 NED02,NGC1044 NED02,Galaxy,2.68535,8.7362,15.2,0.6
NGC1088 NED01,NGC1088 NED01,Galaxy,2.78445,16.1999,14.8,0.9
NGC1088 NED02,NGC1088 NED02,Galaxy,2.78469,16.2024,17.2,0.5
NGC1128 NED01,NGC1128 NED01,Galaxy,2.96157,6.0228,14.7,0.6
NGC1128 NED02,NGC1128 NED02,Galaxy,2.96154,6.0269,12.7,0.8
NGC1347 NED01,NGC1347 NED01,Galaxy,3.49494,-22.2791,13.8,1.0
NGC1347 NED02,NGC1347 NED02,Galaxy,3.49478,-22.2910,16.2,0.6
NGC1487 NED01,NGC1487 NED01,Galaxy,3.92927,-42.3677,11.9,2.3
NGC1487 NED02,NGC1487 NED02,Galaxy,3.92977,-42.3686,11.7,3.7
NGC2402 NED01,NGC2402 NED01,Galaxy,7.51294,9.6469,15.3,1.2
NGC2402 NED02,NGC2402 NED02,Galaxy,7.51328,9.6536,15.4,0.9
NGC2744 NED01,NGC2744 NED01,Galaxy,9.07742,18.4561,,0.3
NGC2744 NED02,NGC2744 NED02,Galaxy,9.07750,18.4644,13.4,1.7
NGC2829 NED01,NGC2829 NED01,Galaxy,9.32509,33.6485,16.7,0.5
NGC2829 NED02,NGC2829 NED02,Galaxy,9.32532,33.6478,16.9,0.4
NGC2881 NED01,NGC2881 NED01,Galaxy,9.43160,-11.9921,,0.7
NGC2881 NED02,NGC2881 NED02,Galaxy,9.43186,-11.9955,15.9,1.2
NGC2944 NED01,NGC2944 NED01,Galaxy,9.65503,32.3104,14.9,0.9
NGC2944 NED02,NGC2944 NED02,Galaxy,9.65545,32.3060,17.6,0.3
NGC2957 NED01,NGC2957 NED01,Galaxy,9.78771,72.9861,16.0,0.9
NGC3040 NED01,NGC3040 NED01,Galaxy,9.88429,19.4426,15.6,0.9
NGC3040 NED02,NGC3040 NED02,Galaxy,9.88475,19.4322,14.4,1.5
NGC3048 NED01,NGC3048 NED01,Galaxy,9.91568,16.4563,15.4,0.7
NGC3048 NED02,NGC3048 NED02,Galaxy,9.91612,16.4596,16.7,0.4
NGC3058 NED01,NGC3058 NED01,Galaxy,9.89310,-12.4791,,0.6
NGC3058 NED02,NGC3058 NED02,Galaxy,9.89338,-12.4821,14.6,1.3
NGC3303 NED01,NGC3303 NED01,Galaxy,10.61651,18.1377,15.6,0.6
NGC3303 NED02,NGC3303 NED02,Galaxy,10.61667,18.1359,14.5,1.1
NGC3405 NED01,NGC3405 NED01,Galaxy,10.82870,16.2388,14.7,1.3
NGC3405 NED02,NGC3405 NED02,Galaxy,10.82899,16.2422,15.6,0.7
NGC3406 NED01,NGC3406 NED01,Galaxy,10.86212,51.0222,13.8,1.4
NGC3406 NED02,NGC3406 NED02,Galaxy,10.86236,51.0251,14.8,1.1
NGC3492 NED01,NGC3492 NED01,Galaxy,11.01576,10.5042,15.3,1.0
NGC3492 NED02,NGC3492 NED02,Galaxy,11.01595,10.5055,13.1,1.2
NGC3537 NED01,NGC3537 NED01,Galaxy,11.14070,-10.2560,14.2,1.4
NGC3537 NED02,NGC3537 NED02,Galaxy,11.14081,-10.2588,,1.4
NGC3550 NED01,NGC3550 NED01,Galaxy,11.17739,28.7678,14.4,0.9
NGC3550 NED02,NGC3550 NED02,Galaxy,11.17733,28.7676,13.2,1.1
NGC3651 NED01,NGC3651 NED01,Galaxy,11.37398,24.2991,14.2,1.4
NGC3651 NED02,NGC3651 NED02,Galaxy,11.37399,24.2954,15.2,0.8
NGC3764 NED01,NGC3764 NED01,Galaxy,11.61517,17.8886,14.9,0.7
NGC3764 NED02,NGC3764 NED02,Galaxy,11.61491,17.8904,18.1,0.2
NGC3836 NED01,NGC3836 NED01,Galaxy,11.72486,-16.7943,,0.4
NGC3836 NED02,NGC3836 NED02,Galaxy,11.72496,-16.7965,13.7,1.2
NGC3991 NED01,NGC3991 NED01,Galaxy,11.95844,32.3338,13.1,1.2
NGC3991 NED02,NGC3991 NED02,Galaxy,11.95881,32.3417,14.9,0.8
NGC4015 NED01,NGC4015 NED01,Galaxy,11.97850,25.0366,14.1,1.6
NGC4015 NED02,NGC4015 NED02,Galaxy,11.97867,25.0438,14.2,0.8
NGC4054 NED01,NGC4054 NED01,Galaxy,12.05346,57.8934,15.4,0.7
NGC4054 NED02,NGC4054 NED02,Galaxy,12.05373,57.8981,17.4,0.4
NGC4054 NED03,NGC4054 NED03,Galaxy,12.05384,57.8906,15.9,0.6
NGC4098 NED01,NGC4098 NED01,Galaxy,12.10099,20.6081,14.4,1.3
NGC4098 NED02,NGC4098 NED02,Galaxy,12.10117,20.6039,15.1,1.2
NGC4453 NED01,NGC4453 NED01,Galaxy,12.47967,6.5120,15.7,0.6
NGC4453 NED02,NGC4453 NED02,Galaxy,12.47991,6.5036,17.8,0.3
NGC4656 NED01,NGC4656 NED01,Galaxy,12.73269,32.1702,10.5,6.5
NGC4774 NED01,NGC4774 NED01,Galaxy,12.88501,36.8263,17.2,0.4
NGC4774 NED02,NGC4774 NED02,Galaxy,12.88516,36.8191,14.3,0.6
NGC4837 NED01,NGC4837 NED01,Galaxy,12.94675,48.2969,14.6,1.3
NGC4837 NED02,NGC4837 NED02,Galaxy,12.94719,48.3001,14.4,0.3
NGC4922 NED01,NGC4922 NED01,Galaxy,13.02348,29.3084,14.0,1.2
NGC4922 NED02,NGC4922 NED02,Galaxy,13.02368,29.3138,14.0,0.6
NGC4969 NED01,NGC4969 NED01,Galaxy,13.11743,13.6374,15.0,0.8
NGC4969 NED02,NGC4969 NED02,Galaxy,13.11763,13.6371,15.6,0.7
NGC5096 NED01,NGC5096 NED01,Galaxy,13.33575,33.0879,15.3,0.9
NGC5096 NED02,NGC5096 NED02,Galaxy,13.33588,33.0907,16.4,0.7
NGC5096 NED03,NGC5096 NED03,Galaxy,13.33558,33.0896,16.6,0.7
NGC5098 NED01,NGC5098 NED01,Galaxy,13.33826,33.1448,15.1,0.8
NGC5098 NED02,NGC5098 NED02,Galaxy,13.33743,33.1434,14.7,1.1
NGC5100 NED01,NGC5100 NED01,Galaxy,13.34933,8.9855,17.1,0.7
NGC5144 NED01,NGC5144 NED01,Galaxy,13.38152,70.5101,15.7,0.9
NGC5144 NED02,NGC5144 NED02,Galaxy,13.38169,70.5147,13.2,1.0
NGC5222 NED01,NGC5222 NED01,Galaxy,13.58221,13.7422,13.9,1.5
NGC5222 NED02,NGC5222 NED02,Galaxy,13.58266,13.7443,15.6,0.9
NGC5256 NED01,NGC5256 NED01,Galaxy,13.63814,48.2756,13.4,0.2
NGC5256 NED02,NGC5256 NED02,Galaxy,13.63828,48.2781,14.0,1.5
NGC5259 NED01,NGC5259 NED01,Galaxy,13.65643,30.9924,16.4,0.8
NGC5259 NED02,NGC5259 NED02,Galaxy,13.65685,30.9908,15.2,0.9
NGC5331 NED01,NGC5331 NED01,Galaxy,13.87115,2.1009,16.6,1.1
NGC5331 NED02,NGC5331 NED02,Galaxy,13.87123,2.1086,14.9,0.6
NGC5421 NED01,NGC5421 NED01,Galaxy,14.02816,33.8268,14.4,1.2
NGC5421 NED02,NGC5421 NED02,Galaxy,14.02836,33.8215,15.1,1.0
NGC5514 NED01,NGC5514 NED01,Galaxy,14.22734,7.6605,14.4,1.1
NGC5514 NED02,NGC5514 NED02,Galaxy,14.22761,7.6580,15.9,0.8
NGC5591 NED01,NGC5591 NED01,Galaxy,14.37591,13.7172,13.9,0.8
NGC5591 NED02,NGC5591 NED02,Galaxy,14.37632,13.7174,15.8,1.0
NGC5625 NED01,NGC5625 NED01,Galaxy,14.45017,39.9562,16.7,0.5
NGC5625 NED02,NGC5625 NED02,Galaxy,14.45065,39.9573,14.8,1.0
NGC5747 NED01,NGC5747 NED01,Galaxy,14.73911,12.1283,14.4,0.4
NGC5747 NED02,NGC5747 NED02,Galaxy,14.73911,12.1320,14.4,1.0
NGC5805 NED01,NGC5805 NED01,Galaxy,14.95323,49.6290,15.9,0.7
NGC5805 NED02,NGC5805 NED02,Galaxy,14.95337,49.6269,17.6,0.4
NGC5860 NED01,NGC5860 NED01,Galaxy,15.10934,42.6404,14.3,1.1
NGC5860 NED02,NGC5860 NED02,Galaxy,15.10939,42.6428,15.2,0.3
NGC5910 NED01,NGC5910 NED01,Galaxy,15.32341,20.8908,15.6,0.7
NGC5910 NED02,NGC5910 NED02,Galaxy,15.32354,20.8964,14.6,1.1
NGC5910 NED03,NGC5910 NED03,Galaxy,15.32384,20.8995,16.6,0.6
NGC6052 NED01,NGC6052 NED01,Galaxy,16.08691,20.5424,13.2,0.8
NGC6052 NED02,NGC6052 NED02,Galaxy,16.08701,20.5424,15.3,0.7
NGC6074 NED01,NGC6074 NED01,Galaxy,16.18799,14.2550,15.6,0.5
NGC6074 NED02,NGC6074 NED02,Galaxy,16.18812,14.2587,15.1,0.8
NGC6076 NED01,NGC6076 NED01,Galaxy,16.18695,26.8720,15.3,1.0
NGC6076 NED02,NGC6076 NED02,Galaxy,16.18717,26.8733,15.4,0.6
NGC6080 NED01,NGC6080 NED01,Galaxy,16.21629,2.1773,14.2,1.2
NGC6080 NED02,NGC6080 NED02,Galaxy,16.21652,2.1811,15.6,1.2
NGC6088 NED01,NGC6088 NED01,Galaxy,16.17851,57.4665,13.8,1.1
NGC6088 NED02,NGC6088 NED02,Galaxy,16.17899,57.4621,14.1,0.8
NGC6089 NED01,NGC6089 NED01,Galaxy,16.21115,33.0349,14.8,0.8
NGC6089 NED02,NGC6089 NED02,Galaxy,16.21148,33.0377,15.5,1.4
NGC6090 NED01,NGC6090 NED01,Galaxy,16.19454,52.4566,14.7,0.8
NGC6090 NED02,NGC6090 NED02,Galaxy,16.19467,52.4575,14.5,0.4
NGC6174 NED01,NGC6174 NED01,Galaxy,16.49625,40.8749,16.6,0.4
NGC6174 NED02,NGC6174 NED02,Galaxy,16.49648,40.8727,15.7,0.7
NGC6175 NED01,NGC6175 NED01,Galaxy,16.49931,40.6307,14.7,1.4
NGC6175 NED02,NGC6175 NED02,Galaxy,16.49946,40.6286,14.7,1.3
NGC6230 NED01,NGC6230 NED01,Galaxy,16.84520,4.6050,16.2,0.6
NGC6230 NED02,NGC6230 NED02,Galaxy,16.84631,4.6046,15.5,0.7
NGC6274 NED01,NGC6274 NED01,Galaxy,16.98903,29.9464,14.3,0.6
NGC6274 NED02,NGC6274 NED02,Galaxy,16.98929,29.9406,16.6,0.8
NGC6351 NED01,NGC6351 NED01,Galaxy,17.31974,36.0604,16.0,0.3
NGC6351 NED02,NGC6351 NED02,Galaxy,17.31991,36.0611,17.3,0.1
NGC6471 NED01,NGC6471 NED01,Galaxy,17.73696,67.5931,15.3,0.9
NGC6471 NED02,NGC6471 NED02,Galaxy,17.73838,67.5911,16.0,0.5
NGC6582 NED01,NGC6582 NED01,Galaxy,18.18385,49.9119,14.4,0.8
NGC6582 NED02,NGC6582 NED02,Galaxy,18.18477,49.9092,15.2,1.4
NGC6623 NED01,NGC6623 NED01,Galaxy,18.32856,23.7018,14.4,0.1
NGC6623 NED02,NGC6623 NED02,Galaxy,18.32857,23.7096,14.4,1.4
NGC6636 NED01,NGC6636 NED01,Galaxy,18.36746,66.6166,14.0,1.9
NGC6636 NED02,NGC6636 NED02,Galaxy,18.36809,66.6220,16.0,0.7
NGC6670 NED03,NGC6670 NED03,Galaxy,18.56084,59.8881,,0.3
NGC6745 NED01,NGC6745 NED01,Galaxy,19.02818,40.7479,13.2,0.9
NGC6745 NED02,NGC6745 NED02,Galaxy,19.02826,40.7600,16.9,0.7
NGC6745 NED03,NGC6745 NED03,Galaxy,19.02833,40.7514,,0.3
NGC6817 NED01,NGC6817 NED01,Galaxy,19.62257,62.3827,16.3,0.3
NGC6817 NED02,NGC6817 NED02,Galaxy,19.62316,62.3836,15.6,0.7
NGC7242 NED01,NGC7242 NED01,Galaxy,22.26097,37.2987,14.0,1.2
NGC7242 NED02,NGC7242 NED02,Galaxy,22.26155,37.3028,17.9,0.3
NGC7268 NED01,NGC7268 NED01,Galaxy,22.42798,-31.2007,14.4,1.3
NGC7268 NED02,NGC7268 NED02,Galaxy,22.42838,-31.2000,15.4,1.0
NGC7459 NED01,NGC7459 NED01,Galaxy,23.01657,6.7494,15.4,1.3
NGC7459 NED02,NGC7459 NED02,Galaxy,23.01672,6.7511,,0.3
NGC7475 NED01,NGC7475 NED01,Galaxy,23.06951,20.0795,15.0,1.4
NGC7475 NED02,NGC7475 NED02,Galaxy,23.06990,20.0850,15.1,0.5
NGC7525 NED01,NGC7525 NED01,Galaxy,23.22785,14.0244,17.9,0.1
NGC7525 NED02,NGC7525 NED02,Galaxy,23.22792,14.0210,15.2,0.8
NGC7609 NED01,NGC7609 NED01,Galaxy,23.32501,9.5082,14.3,1.2
NGC7609 NED02,NGC7609 NED02,Galaxy,23.32530,9.5030,16.1,0.7
NGC7651 NED01,NGC7651 NED01,Galaxy,23.40721,13.9723,14.5,1.3
NGC7651 NED02,NGC7651 NED02,Galaxy,23.40713,13.9671,16.2,0.5
NGC7720 NED01,NGC7720 NED01,Galaxy,23.64150,27.0315,12.9,1.5
NGC7774 NED01,NGC7774 NED01,Galaxy,23.86964,11.4703,14.5,1.3
NGC7774 NED02,NGC7774 NED02,Galaxy,23.86991,11.4697,14.6,0.9
NGC7783 NED01,NGC7783 NED01,Galaxy,23.90280,0.3829,14.0,1.6
NGC7783 NED02,NGC7783 NED02,Galaxy,23.90336,0.3770,15.0,0.8
IC1,IC1,Double Star,0.14085,27.7177,,
IC2,IC2,Galaxy,0.18358,-12.8229,15.5,1.0
IC3,IC3,Galaxy,0.20169,-0.4152,14.8,0.9
IC4,IC4,Galaxy,0.22415,17.4864,14.1,1.2
IC5,IC5,Galaxy,0.29304,-9.5434,14.6,1.0
IC6,IC6,Galaxy,0.31529,-3.2761,14.6,1.2
IC7,IC7,Galaxy,0.31477,10.5947,14.6,0.9
IC8,IC8,Galaxy,0.31742,-3.2221,15.2,0.8
IC9,IC9,Galaxy,0.32888,-14.1219,15.4,0.6
IC10,IC10,Galaxy,0.33815,59.3038,10.3,6.8
IC12,IC12,Galaxy,0.33751,-2.6531,15.1,1.0
IC13,IC13,Galaxy,0.33891,7.7005,14.9,1.3
IC14,IC14,Double Star,0.37536,10.4902,,
IC15,IC15,Galaxy,0.46600,-0.0613,15.9,0.4
IC16,IC16,Galaxy,0.46879,-13.0939,15.2,0.6
IC17,IC17,Galaxy,0.47494,2.6486,14.8,0.7
IC18,IC18,Galaxy,0.47638,-11.5867,15.0,1.1
IC19,IC19,Galaxy,0.47763,-11.6408,15.2,0.8
IC20,IC20,Galaxy,0.47769,-13.0103,14.9,0.9
IC21,IC21,Galaxy,0.48623,-0.1638,15.5,0.5
IC22,IC22,Galaxy,0.49255,-9.0808,14.7,0.8
IC23,IC23,Galaxy,0.51411,-12.7203,15.1,0.8
IC24,IC24,Double Star,0.52129,30.8393,,
IC25,IC25,Galaxy,0.52003,-0.4074,15.3,0.9
IC27,IC27,Galaxy,0.55173,-13.3715,15.8,0.6
IC28,IC28,Galaxy,0.55242,-13.4563,15.6,0.3
IC29,IC29,Galaxy,0.56967,-2.1776,15.8,0.7
IC30,IC30,Galaxy,0.57076,-2.0846,15.2,0.7
IC31,IC31,Galaxy,0.57351,12.2682,15.6,1.2
IC32,IC32,Galaxy,0.58380,-2.1417,16.1,0.6
IC33,IC33,Galaxy,0.58477,-2.1377,15.3,0.8
IC34,IC34,Galaxy,0.59345,9.1242,13.8,2.8
IC35,IC35,Galaxy,0.62774,10.3580,15.0,0.9
IC36,IC36,Galaxy,0.63046,-15.4413,15.5,0.3
IC37,IC37,Galaxy,0.64283,-15.3587,16.2,0.7
IC38,IC38,Galaxy,0.64410,-15.4198,15.0,0.8
IC40,IC40,Galaxy,0.65594,2.4562,15.0,1.1
IC41,IC41,Galaxy,0.66121,-14.1743,15.2,0.7
IC42,IC42,Galaxy,0.68496,-15.4281,15.4,0.8
IC43,IC43,Galaxy,0.70613,29.6416,13.2,1.3
IC45,IC45,Other,0.71009,29.6552,,
IC46,IC46,Galaxy,0.71610,27.2535,14.3,0.8
IC47,IC47,Galaxy,0.71528,-13.7407,16.1,0.4
IC48,IC48,Galaxy,0.72624,-8.1865,13.2,1.1
IC49,IC49,Galaxy,0.73226,1.8503,13.8,1.3
IC50,IC50,Galaxy,0.76825,-9.5030,14.7,1.0
IC51,IC51,Galaxy,0.77339,-13.4424,13.8,1.7
IC52,IC52,Galaxy,0.80661,4.0919,15.3,0.9
IC53,IC53,Galaxy,0.84466,10.6003,15.3,0.9
IC54,IC54,Double Star,0.84635,-2.2878,,
IC55,IC55,Galaxy,0.86177,7.7185,15.0,0.6
IC56,IC56,Galaxy,0.85832,-12.8443,15.1,0.8
IC57,IC57,Galaxy,0.91347,11.8412,15.5,1.0
IC58,IC58,Galaxy,0.91734,-13.6781,15.5,0.8
IC59,IC59,Reflection Nebula,0.95795,61.1437,,10.0
IC60,IC60,Galaxy,0.93451,-13.3579,15.8,1.0
IC61,IC61,Galaxy,0.95200,7.5071,15.2,1.3
IC62,IC62,Galaxy,0.97887,11.8080,15.0,0.8
IC63,IC63,HII Region,0.99134,60.9117,13.3,10.0
IC64,IC64,Galaxy,0.99012,27.0591,14.0,1.0
IC65,IC65,Galaxy,1.01539,47.6820,13.6,2.6
IC66,IC66,Galaxy,1.00903,30.7972,14.1,1.2
IC69,IC69,Galaxy,1.02324,31.0408,14.7,0.8
IC70,IC70,Galaxy,1.01776,0.0508,16.8,0.4
IC71,IC71,Star,1.02202,-6.7672,,
IC72,IC72,Star,1.02631,-6.7779,,
IC73,IC73,Galaxy,1.08137,4.7671,15.4,0.6
IC74,IC74,Galaxy,1.09887,4.0902,15.6,0.6
IC75,IC75,Galaxy,1.11989,10.8369,15.0,0.7
IC76,IC76,Galaxy,1.13659,-4.5545,15.4,0.8
IC77,IC77,Galaxy,1.14549,-15.4209,15.0,0.5
IC78,IC78,Galaxy,1.14658,-15.8451,15.2,1.8
IC79,IC79,Galaxy,1.14714,-15.9486,14.9,1.2
IC80,IC80,Galaxy Pair,1.14747,-15.4075,,1.2
IC81,IC81,Galaxy,1.15618,-1.6959,14.5,1.2
IC82,IC82,Galaxy,1.15161,-16.0003,14.8,0.9
IC83,IC83,Galaxy,1.17494,1.6894,15.2,0.7
IC84,IC84,Galaxy,1.19044,1.6402,15.2,0.7
IC85,IC85,Star,1.19710,-0.4525,,
IC86,IC86,Galaxy,1.22459,-16.2417,15.3,0.7
IC87,IC87,Galaxy,1.23772,0.7653,15.4,0.7
IC88,IC88,Galaxy,1.24203,0.7917,18.1,0.5
IC90,IC90,Galaxy,1.27510,-7.9771,14.8,1.2
IC91,IC91,Galaxy,1.31095,2.5537,16.5,0.7
IC93,IC93,Galaxy,1.31732,-17.0604,13.6,1.2
IC94,IC94,Star,1.33486,32.7173,,
IC95,IC95,Galaxy,1.32163,-12.5741,16.2,0.6
IC96,IC96,Galaxy,1.34256,29.6173,14.7,0.8
IC98,IC98,Galaxy,1.34858,-12.6047,16.3,0.7
IC99,IC99,Galaxy,1.37427,-12.9526,15.8,0.6
IC100,IC100,Galaxy,1.38166,-4.6430,14.5,1.0
IC101,IC101,Galaxy,1.40237,9.9305,15.0,1.2
IC102,IC102,Galaxy,1.40731,9.8866,15.6,0.8
IC103,IC103,Galaxy,1.41012,2.0442,15.4,0.9
IC104,IC104,Double Star,1.40933,-1.4567,8.8,
IC105,IC105,Galaxy,1.41285,2.0753,15.6,0.6
IC107,IC107,Galaxy,1.42352,14.8646,14.2,1.6
IC108,IC108,Galaxy,1.41082,-12.6356,15.5,1.3
IC109,IC109,Galaxy,1.42030,2.0662,14.9,0.8
IC110,IC110,Other,1.42961,33.5147,,
IC111,IC111,Other,1.43337,33.4971,,
IC112,IC112,Galaxy,1.43417,11.4430,14.2,0.7
IC113,IC113,Galaxy,1.44042,19.1920,,0.3
IC114,IC114,Galaxy,1.43961,9.9099,15.6,1.4
IC115,IC115,Galaxy,1.44846,19.2147,14.0,0.8
IC116,IC116,Galaxy,1.44738,-4.9823,14.6,0.9
IC118,IC118,Galaxy,1.46001,-4.9975,15.8,0.7
IC119,IC119,Galaxy,1.46528,-2.0405,15.2,1.2
IC120,IC120,Galaxy,1.47027,-1.9155,15.1,0.9
IC121,IC121,Galaxy,1.47272,2.5130,14.2,1.0
IC122,IC122,Galaxy,1.47033,-14.8389,16.0,0.7
IC123,IC123,Galaxy,1.48096,2.4464,15.2,0.7
IC124,IC124,Star,1.48586,-1.9370,14.4,
IC125,IC125,Galaxy,1.48843,-13.2798,16.2,0.6
IC126,IC126,Galaxy,1.49663,-1.9838,15.7,0.9
IC127,IC127,Galaxy,1.49656,-6.9801,9.2,1.7
IC128,IC128,Galaxy,1.52330,-12.6244,15.3,0.8
IC129,IC129,Galaxy,1.52535,-12.6544,15.3,1.2
IC130,IC130,Galaxy,1.52465,-15.5916,15.5,0.8
IC131,IC131,HII Region,1.55405,30.7533,12.5,0.3
IC132,IC132,HII Region,1.55442,30.9456,14.8,0.7
IC133,IC133,HII Region,1.55422,30.8884,18.4,0.5
IC134,IC134,Star,1.55694,30.9007,16.0,
IC135,IC135,HII Region,1.57098,30.6201,,0.4
IC136,IC136,Star Association,1.57112,30.5621,11.0,
IC137,IC137,Star Association,1.56081,30.5225,,
IC138,IC138,Galaxy,1.55055,-0.6898,14.7,1.1
IC139,IC139,Star Association,1.56646,30.5674,13.1,
IC140,IC140,Star Association,1.56616,30.5501,,
IC141,IC141,Galaxy,1.54770,-14.8146,14.3,1.2
IC142,IC142,HII Region,1.56543,30.7578,14.2,0.5
IC143,IC143,HII Region,1.56970,30.7764,11.4,0.3
IC144,IC144,Galaxy,1.62801,-13.3147,15.7,0.7
IC145,IC145,Galaxy,1.64402,0.7415,15.4,0.7
IC147,IC147,Galaxy,1.66660,-14.8626,15.2,0.8
IC148,IC148,Galaxy,1.70749,13.9770,13.8,1.8
IC149,IC149,Galaxy,1.70705,-16.3004,14.4,1.3
IC150,IC150,Galaxy,1.71598,4.2002,14.9,0.9
IC151,IC151,Other,1.73263,13.2026,,
IC152,IC152,Other,1.73539,13.0359,,
IC153,IC153,Other,1.74339,12.6289,,
IC154,IC154,Galaxy,1.75452,10.6492,14.8,1.2
IC155,IC155,Other,1.79231,60.6108,,
IC156,IC156,Galaxy,1.75811,10.5527,14.9,1.5
IC157,IC157,Other,1.76178,12.8733,,
IC158,IC158,Galaxy,1.76487,-6.9357,15.9,0.7
IC159,IC159,Galaxy,1.77363,-8.6366,14.2,1.4
IC160,IC160,Galaxy,1.77488,-13.2477,14.9,1.3
IC161,IC161,Galaxy,1.81215,10.5079,14.3,0.9
IC162,IC162,Galaxy,1.81484,10.5216,14.5,1.3
IC163,IC163,Galaxy,1.82083,20.7113,13.3,1.6
IC164,IC164,Galaxy,1.81900,-3.9044,14.0,1.6
IC166,IC166,Open Cluster,1.87328,61.8526,11.7,7.5
IC167,IC167,Galaxy,1.85238,21.9128,13.3,1.6
IC168,IC168,Galaxy,1.84101,-8.5229,14.8,1.1
IC169,IC169,Galaxy,1.84427,-12.6796,15.8,0.7
IC170,IC170,Galaxy,1.86598,-8.5176,15.3,0.8
IC171,IC171,Galaxy,1.91950,35.2819,13.7,2.3
IC172,IC172,Galaxy,1.91506,0.8112,14.7,0.5
IC173,IC173,Galaxy,1.93254,1.2852,14.1,0.9
IC174,IC174,Galaxy,1.93780,3.7619,14.5,1.5
IC175,IC175,Galaxy,1.93857,1.3324,15.7,0.5
IC176,IC176,Galaxy,1.94817,-2.0190,14.9,1.8
IC177,IC177,Galaxy,1.95016,-0.0899,15.5,0.5
IC178,IC178,Galaxy,1.98191,36.6747,13.3,0.9
IC179,IC179,Galaxy,2.00319,38.0213,12.6,1.1
IC180,IC180,Galaxy,2.00011,23.6043,15.3,0.8
IC181,IC181,Galaxy,2.00065,23.6586,15.8,0.6
IC182,IC182,Galaxy,1.99772,7.4118,14.5,1.1
IC183,IC183,Galaxy,1.99279,-5.3471,14.9,1.2
IC184,IC184,Galaxy,1.99756,-6.8404,13.9,1.1
IC185,IC185,Galaxy,2.00168,-1.5283,15.7,0.8
IC186,IC186,Galaxy Triplet,2.00681,-1.5517,,1.1
IC186A,IC186A,Galaxy,2.00667,-1.5529,14.9,1.2
IC186B,IC186B,Galaxy,2.00707,-1.5498,15.8,0.7
IC187,IC187,Galaxy,2.02521,26.4810,13.8,2.2
IC188,IC188,Galaxy,2.02958,26.5469,14.4,0.5
IC189,IC189,Galaxy,2.03136,23.5515,14.8,0.8
IC190,IC190,Galaxy,2.03536,23.5498,15.0,0.2
IC192,IC192,Galaxy,2.04233,16.0142,14.8,0.9
IC193,IC193,Galaxy,2.04194,11.0931,14.6,1.4
IC194,IC194,Galaxy,2.05145,2.6143,15.2,1.9
IC195,IC195,Galaxy,2.06239,14.7093,13.2,1.5
IC196,IC196,Galaxy,2.06383,14.7391,14.1,2.5
IC197,IC197,Galaxy,2.06804,2.7868,14.2,1.0
IC198,IC198,Galaxy,2.10087,9.2956,14.8,1.0
IC199,IC199,Galaxy,2.10539,9.2274,15.3,1.3
IC200,IC200,Galaxy,2.09073,31.1753,12.8,1.4
IC201,IC201,Galaxy,2.12091,9.1151,16.8,0.5
IC202,IC202,Galaxy,2.12463,9.1683,15.2,1.4
IC203,IC203,Galaxy,2.12490,9.1226,16.9,0.6
IC204,IC204,Galaxy,2.12419,-1.4302,15.8,0.6
IC205,IC205,Galaxy,2.12429,-2.0913,14.8,0.9
IC206,IC206,Galaxy,2.15852,-6.9684,14.3,1.2
IC207,IC207,Galaxy,2.16093,-6.9222,14.5,1.8
IC208,IC208,Galaxy,2.14104,6.3949,14.7,1.3
IC209,IC209,Galaxy,2.14964,-7.0589,13.8,1.5
IC210,IC210,Galaxy,2.15786,-9.6803,13.8,2.4
IC211,IC211,Galaxy,2.18556,3.8525,14.1,1.7
IC212,IC212,Galaxy,2.22729,16.5939,15.8,0.8
IC213,IC213,Galaxy,2.23452,16.4559,13.2,1.4
IC214,IC214,Galaxy,2.23489,5.1733,14.2,0.6
IC215,IC215,Galaxy,2.23596,-6.8063,15.6,0.8
IC216,IC216,Galaxy,2.26542,-2.0151,15.9,0.5
IC217,IC217,Galaxy,2.26957,-11.9267,15.1,2.0
IC218,IC218,Galaxy,2.28535,1.2823,15.6,0.9
IC219,IC219,Galaxy,2.31079,-6.9033,14.4,1.6
IC220,IC220,Galaxy,2.31992,-12.7816,15.1,0.7
IC221,IC221,Galaxy,2.37803,28.2570,13.8,1.5
IC222,IC222,Galaxy,2.37996,11.6383,15.1,0.8
IC223,IC223,Galaxy,2.36697,-20.7459,14.1,1.1
IC224,IC224,Galaxy,2.41254,-12.5645,15.0,0.9
IC225,IC225,Galaxy,2.44119,1.1605,14.8,1.0
IC226,IC226,Galaxy,2.46276,28.2088,16.0,0.8
IC227,IC227,Galaxy,2.46767,28.1753,15.4,2.0
IC229,IC229,Other,2.45614,-23.8130,,
IC230,IC230,Galaxy,2.47980,-10.8314,15.5,0.6
IC231,IC231,Galaxy,2.49900,1.1791,15.1,0.7
IC232,IC232,Galaxy,2.51989,1.2656,14.3,1.1
IC233,IC233,Galaxy,2.52797,2.8099,15.5,0.3
IC234,IC234,Galaxy,2.52714,-0.1402,15.2,0.7
IC235,IC235,Galaxy,2.54744,20.6412,14.3,0.4
IC236,IC236,Galaxy,2.54884,-0.1313,16.0,0.7
IC237,IC237,Galaxy,2.55877,1.1399,14.7,0.5
IC238,IC238,Galaxy,2.58963,12.8377,14.0,1.4
IC239,IC239,Galaxy,2.60774,38.9699,11.2,4.2
IC240,IC240,Other,2.64960,41.7194,,
IC241,IC241,Galaxy,2.63181,2.3280,14.5,0.9
IC242,IC242,Double Star,2.63998,-6.9339,,
IC243,IC243,Galaxy,2.64227,-6.9021,15.5,1.2
IC244,IC244,Galaxy,2.65687,2.7288,15.3,0.7
IC245,IC245,Galaxy,2.64851,-14.3056,15.0,1.1
IC246,IC246,Galaxy,2.67461,2.4786,15.4,0.7
IC247,IC247,Galaxy,2.66911,-11.7338,14.7,0.9
IC248,IC248,Galaxy,2.69051,17.8122,14.3,1.0
IC250,IC250,Galaxy,2.68174,-13.3136,15.1,0.9
IC251,IC251,Galaxy,2.68718,-14.9578,15.0,0.8
IC252,IC252,Galaxy,2.69587,-14.8483,15.3,1.0
IC253,IC253,Galaxy,2.70160,-15.0468,14.9,0.9
IC254,IC254,Galaxy,2.70138,-15.1066,14.9,0.3
IC255,IC255,Galaxy,2.78422,16.2880,15.7,0.6
IC256,IC256,Galaxy,2.82786,46.9547,14.3,0.5
IC257,IC257,Galaxy,2.82929,46.9762,12.7,1.9
IC258,IC258,Galaxy,2.82947,41.0517,15.5,1.5
IC259,IC259,Galaxy,2.82802,41.0551,15.4,0.7
IC260,IC260,Galaxy,2.85024,46.9548,15.1,1.5
IC262,IC262,Galaxy,2.86202,42.8283,14.7,2.1
IC263,IC263,Galaxy,2.82777,-0.0699,14.7,0.7
IC264,IC264,Galaxy,2.81323,-0.1092,16.9,0.5
IC265,IC265,Galaxy,2.91222,41.6553,15.5,0.7
IC266,IC266,Galaxy,2.91801,42.2623,15.7,0.7
IC267,IC267,Galaxy,2.89729,12.8492,13.1,1.9
IC268,IC268,Galaxy,2.92415,-14.1030,15.3,1.0
IC269,IC269,Galaxy,2.92402,-14.0668,15.3,1.2
IC270,IC270,Galaxy,2.92894,-14.2079,14.1,1.8
IC271,IC271,Galaxy,2.93318,-12.0079,14.7,1.1
IC272,IC272,Galaxy,2.93512,-14.1866,14.9,1.0
IC273,IC273,Galaxy,2.95299,2.7751,14.3,1.5
IC274,IC274,Other,3.00145,44.2132,,
IC275,IC275,Galaxy Triplet,3.01592,44.3483,,1.0
IC276,IC276,Galaxy,2.97807,-15.7031,14.0,1.7
IC277,IC277,Galaxy,2.99739,2.7714,13.1,1.0
IC278,IC278,Galaxy,3.02512,37.7660,14.7,2.2
IC279,IC279,Galaxy,3.02006,16.2092,15.2,0.5
IC280,IC280,Other,3.05100,42.3593,,
IC283,IC283,Galaxy,3.06402,-0.2044,17.9,0.7
IC284,IC284,Galaxy,3.10275,42.3719,11.6,4.3
IC285,IC285,Galaxy,3.06839,-12.0154,15.0,1.4
IC286,IC286,Other,3.07978,-6.4845,,
IC287,IC287,Galaxy,3.08273,-12.0704,15.4,0.8
IC288,IC288,Galaxy,3.12581,42.3876,14.9,1.0
IC289,IC289,Planetary Nebula,3.17202,61.3168,13.2,0.6
IC290,IC290,Galaxy,3.16187,40.9742,15.4,1.2
IC291,IC291,Galaxy,3.12401,-12.5874,14.7,1.2
IC292,IC292,Galaxy,3.17026,40.7657,13.5,1.2
IC293,IC293,Galaxy,3.18227,41.1371,15.5,1.1
IC294,IC294,Galaxy,3.18420,40.6221,15.5,1.5
IC295,IC295,Other,3.18354,40.6153,,
IC296,IC296,Other,3.18466,40.6269,,
IC297,IC297,Double Star,3.22177,42.1488,,
IC298,IC298,Galaxy Pair,3.18858,1.3147,,0.8
IC298A,IC298A,Galaxy,3.18847,1.3150,16.1,0.5
IC298B,IC298B,Galaxy,3.18876,1.3134,15.1,0.4
IC299,IC299,Galaxy,3.18404,-13.1096,15.8,0.9
IC300,IC300,Galaxy,3.23778,42.4153,16.1,0.7
IC301,IC301,Galaxy,3.24659,42.2226,14.9,1.3
IC302,IC302,Galaxy,3.21424,4.7070,12.9,1.8
IC303,IC303,Galaxy,3.21135,-11.6899,16.2,0.6
IC304,IC304,Galaxy,3.25038,37.8818,14.7,1.1
IC305,IC305,Galaxy,3.25106,37.8600,15.6,0.8
IC306,IC306,Galaxy,3.21673,-11.7157,15.5,0.7
IC307,IC307,Galaxy,3.22923,-0.2414,14.5,1.6
IC308,IC308,Galaxy,3.27106,41.1807,14.2,1.2
IC309,IC309,Galaxy,3.26841,40.8046,14.8,1.0
IC310,IC310,Galaxy,3.27861,41.3250,12.7,1.5
IC311,IC311,Galaxy,3.27965,40.0036,15.7,1.0
IC312,IC312,Galaxy,3.30239,41.7541,14.6,1.2
IC313,IC313,Galaxy,3.34942,41.8938,14.8,1.3
IC315,IC315,Galaxy,3.31926,4.0386,15.5,0.7
IC316,IC316,Galaxy Pair,3.35553,41.9306,,0.8
IC317,IC317,Galaxy,3.31542,-12.7402,14.9,0.9
IC318,IC318,Galaxy,3.34551,-14.5682,14.7,1.1
IC319,IC319,Star,3.39140,41.4164,,
IC320,IC320,Galaxy,3.43311,40.7890,15.3,1.1
IC321,IC321,Galaxy,3.40822,-14.9855,14.8,1.0
IC322,IC322,Galaxy,3.43346,3.6806,15.3,0.8
IC323,IC323,Other,3.49265,41.8551,,
IC325,IC325,Galaxy,3.51357,-7.0467,15.6,0.8
IC326,IC326,Galaxy,3.51017,-14.4256,15.4,1.1
IC327,IC327,Galaxy,3.51944,-14.6921,15.2,0.8
IC328,IC328,Galaxy,3.51971,-14.6379,14.6,0.7
IC329,IC329,Galaxy,3.53371,0.2794,15.1,1.0
IC330,IC330,Galaxy,3.53556,0.3534,15.0,1.0
IC331,IC331,Galaxy,3.53863,0.2826,14.8,0.9
IC332,IC332,Galaxy,3.54373,1.3826,15.3,1.0
IC333,IC333,Other,3.56761,-4.5849,,
IC334,IC334,Galaxy,3.75474,76.6383,11.5,2.3
IC335,IC335,Galaxy,3.59196,-34.4471,13.0,2.6
IC336,IC336,Nebula,3.63251,23.3631,,
IC337,IC337,Other,3.61786,-6.7212,,
IC338,IC338,Galaxy,3.62725,3.1188,14.9,0.8
IC339,IC339,Star,3.63395,-18.3978,,
IC340,IC340,Galaxy,3.65809,-13.1151,14.8,1.6
IC341,IC341,Nebula,3.68214,21.9602,,134.9
IC342,IC342,Galaxy,3.78014,68.0964,9.7,19.8
IC343,IC343,Galaxy,3.66865,-18.4435,13.2,1.5
IC344,IC344,Galaxy,3.69154,-4.6659,14.9,0.9
IC345,IC345,Galaxy,3.68587,-18.3141,14.7,0.9
IC346,IC346,Galaxy,3.69574,-18.2670,12.6,1.9
IC347,IC347,Galaxy,3.70907,-4.2986,14.0,1.4
IC348,omi Per Cloud,Cluster + Nebula,3.74283,32.1628,,10.0
IC349,Barnard's Merope Nebula,Reflection Nebula,3.77225,23.9398,,25.7
IC350,IC350,Galaxy,3.74351,-11.8008,14.9,1.1
IC351,IC351,Planetary Nebula,3.79250,35.0469,11.9,0.1
IC352,IC352,Galaxy,3.79373,-8.7318,15.7,0.7
IC353,IC353,Nebula,3.88363,25.8480,,182.0
IC354,IC354,Nebula,3.89942,23.1470,,128.8
IC355,IC355,Galaxy,3.89618,19.9739,15.4,0.7
IC356,IC356,Galaxy,4.12970,69.8124,10.2,4.0
IC357,IC357,Galaxy,4.06222,22.1591,14.6,0.9
IC358,IC358,Galaxy,4.06191,19.8949,15.2,1.2
IC359,IC359,Galaxy,4.20788,27.7020,15.4,1.3
IC359A,IC359A,Reflection Nebula,4.31139,28.2900,,15.0
IC360,IC360,Nebula,4.15071,26.1312,,180.0
IC361,IC361,Open Cluster,4.31408,58.2495,11.7,7.2
IC362,IC362,Galaxy,4.27845,-12.2001,14.2,1.8
IC363,IC363,Galaxy,4.31539,3.0330,15.2,0.3
IC364,IC364,Galaxy,4.31853,3.1889,15.3,0.8
IC365,IC365,Galaxy,4.32059,3.3483,14.8,0.9
IC366,IC366,Galaxy,4.32821,2.3598,15.7,0.3
IC367,IC367,Galaxy,4.34472,-14.7811,14.5,1.7
IC368,IC368,Galaxy,4.37853,-12.6152,15.1,1.0
IC369,IC369,Galaxy,4.39117,-11.7901,15.4,0.8
IC370,IC370,Galaxy,4.40046,-9.3948,14.9,1.0
IC371,IC371,Star,4.50350,-0.5610,,
IC372,IC372,Galaxy,4.50118,-5.0100,15.3,1.0
IC373,IC373,Galaxy,4.51188,-4.8703,15.0,1.0
IC374,IC374,Galaxy,4.54243,16.6342,15.8,0.2
IC375,IC375,Galaxy,4.51754,-12.9740,15.2,0.8
IC376,IC376,Galaxy,4.52050,-12.4334,16.1,0.6
IC377,IC377,Galaxy,4.52126,-12.4551,14.8,1.0
IC378,IC378,Galaxy,4.52442,-12.2997,15.6,0.8
IC379,IC379,Galaxy,4.53081,-7.2384,14.7,0.9
IC380,IC380,Galaxy,4.52814,-12.9270,15.2,0.8
IC382,IC382,Galaxy,4.63210,-9.5193,13.5,2.0
IC383,IC383,Galaxy,4.64945,9.8925,15.6,0.6
IC384,IC384,Galaxy,4.65508,-7.8391,15.1,0.5
IC385,IC385,Galaxy,4.65874,-7.0975,15.4,1.1
IC387,IC387,Galaxy,4.69561,-7.0862,13.0,1.6
IC388,IC388,Galaxy Pair,4.69815,-7.3055,,1.0
IC389,IC389,Galaxy,4.69989,-7.3115,15.1,1.1
IC390,IC390,Galaxy,4.70108,-7.2064,15.5,1.1
IC391,IC391,Galaxy,4.95587,78.1888,12.7,1.4
IC392,IC392,Galaxy,4.77382,3.5056,13.5,1.4
IC393,IC393,Galaxy,4.79772,-15.5252,14.9,0.8
IC394,IC394,Other,4.81409,-6.2802,,
IC396,IC396,Galaxy,4.96639,68.3234,13.1,2.4
IC397,IC397,Other,5.01851,40.4249,,
IC398,IC398,Galaxy,4.97016,-7.7802,,1.2
IC399,IC399,Galaxy,5.02889,-4.2888,14.8,0.5
IC400,IC400,Galaxy,5.06268,-15.8191,16.7,1.6
IC401,IC401,Galaxy,5.07212,-10.0765,13.9,1.8
IC402,IC402,Galaxy,5.10412,-9.1074,14.4,1.3
IC403,IC403,Other,5.25436,39.9721,,
IC404,IC404,Galaxy,5.22211,9.7549,15.5,0.7
IC405,Flaming Star Nebula,Nebula,5.27486,34.3562,10.0,50.0
IC406,IC406,Other,5.29694,39.8860,,
IC407,IC407,Galaxy,5.29517,-15.5234,14.2,1.9
IC408,IC408,Galaxy,5.32913,-25.0643,13.8,1.9
IC409,IC409,Galaxy Pair,5.32599,3.3184,,0.9
IC410,IC410,Nebula,5.37833,33.3667,,40.0
IC411,IC411,Galaxy,5.33850,-25.3245,14.1,1.4
IC412,IC412,Galaxy,5.36575,3.4864,14.6,1.2
IC413,IC413,Galaxy,5.36633,3.4822,14.7,1.1
IC414,IC414,Galaxy,5.36527,3.3420,14.4,0.6
IC415,IC415,Galaxy,5.35601,-15.5426,15.4,0.8
IC416,IC416,Galaxy,5.39899,-17.2604,13.9,1.4
IC417,IC417,HII Region,5.46833,34.4239,,13.0
IC418,IC418,Planetary Nebula,5.45783,-12.6973,9.4,0.2
IC419,IC419,Other,5.51445,30.1179,,
IC420,IC420,Nebula,5.53597,-4.5047,,6.0
IC421,IC421,Galaxy,5.53572,-7.9183,12.6,3.0
IC422,IC422,Galaxy,5.53849,-17.2239,,1.0
IC423,IC423,Nebula,5.55611,-0.6145,,6.0
IC424,IC424,Nebula,5.56034,-0.4131,,2.5
IC425,IC425,Other,5.61942,32.4297,,
IC426,IC426,Nebula,5.60872,-0.2983,,10.0
IC427,IC427,Nebula,5.60501,-6.6164,,
IC428,IC428,Nebula,5.60672,-6.4516,,
IC429,IC429,Nebula,5.63857,-7.0405,,
IC430,IC430,Nebula,5.64332,-7.0831,14.4,11.0
IC431,IC431,Reflection Nebula,5.67056,-1.4628,,8.0
IC432,IC432,Reflection Nebula,5.68222,-1.5070,,10.0
IC433,IC433,Galaxy,5.67538,-11.6656,,1.4
IC434,Flame Nebula,HII Region,5.68358,-2.4538,11.0,90.0
IC435,IC435,Reflection Nebula,5.71683,-2.3126,,4.0
IC436,IC436,Other,5.89447,38.6248,,
IC437,IC437,Galaxy,5.86039,-12.5650,15.2,1.0
IC438,IC438,Galaxy,5.88336,-17.8761,12.1,2.8
IC439,IC439,Other,5.94431,32.0227,,
IC440,IC440,Galaxy,6.32036,80.0685,14.2,1.8
IC441,IC441,Galaxy,6.04517,-12.4991,14.4,1.2
IC442,IC442,Galaxy,6.60330,82.9682,14.0,1.2
IC443,Gem A,Supernova Remnant,6.27706,22.5317,12.0,50.0
IC444,IC444,Reflection Nebula,6.30944,23.3133,7.0,8.0
IC445,IC445,Galaxy,6.62257,67.8599,14.3,0.9
IC446,IC446,Cluster + Nebula,6.51838,10.4593,,5.0
IC447,IC447,HII Region,6.51676,9.8974,7.7,25.0
IC448,IC448,HII Region,6.54593,7.3886,,15.0
IC449,IC449,Galaxy,6.76142,71.3438,13.7,1.8
IC450,IC450,Galaxy,6.87007,74.4271,14.1,1.4
IC451,IC451,Galaxy,6.88111,74.4807,14.8,1.3
IC453,IC453,Star,6.81985,-16.9067,,
IC454,IC454,Galaxy,6.85175,12.9220,14.5,1.7
IC455,IC455,Galaxy,7.58269,85.5372,14.3,1.1
IC456,IC456,Galaxy,7.00487,-30.1638,13.0,2.3
IC458,IC458,Galaxy,7.17615,50.1189,14.4,0.9
IC459,IC459,Galaxy,7.17741,50.1773,15.8,0.6
IC460,IC460,Galaxy,7.17896,50.2024,15.3,0.8
IC461,IC461,Galaxy,7.17918,50.0814,15.7,0.6
IC462,IC462,Star,7.18217,50.1808,,
IC463,IC463,Galaxy,7.18358,50.1177,,0.3
IC464,IC464,Galaxy,7.18465,50.1369,14.7,0.8
IC466,IC466,HII Region,7.14411,-4.3180,12.1,1.0
IC467,IC467,Galaxy,7.50511,79.8725,12.6,2.0
IC468,IC468,Other,7.28861,-13.2187,,
IC469,IC469,Galaxy,7.93308,85.1589,13.5,2.4
IC470,IC470,Double Star,7.39208,46.0787,12.9,
IC471,IC471,Galaxy,7.72679,49.6676,14.2,0.7
IC472,IC472,Galaxy,7.73065,49.6142,14.3,1.6
IC473,IC473,Other,7.70684,9.2553,,
IC474,IC474,Galaxy,7.76870,26.5051,14.9,1.3
IC475,IC475,Galaxy,7.78590,30.4888,14.8,0.8
IC476,IC476,Galaxy,7.78787,26.9510,15.4,0.6
IC477,IC477,Galaxy,7.86859,23.4830,15.4,1.1
IC478,IC478,Galaxy,7.89488,26.4927,15.3,0.7
IC479,IC479,Galaxy,7.90617,27.0088,15.0,0.6
IC480,IC480,Galaxy,7.92311,26.7433,15.0,1.8
IC481,IC481,Galaxy,7.98413,24.1606,15.1,0.9
IC482,IC482,Galaxy,7.99647,25.3570,15.0,0.6
IC483,IC483,Double Star,7.99788,25.9253,,
IC484,IC484,Galaxy,8.00029,26.6659,15.3,0.9
IC485,IC485,Galaxy,8.00549,26.7014,15.3,1.2
IC486,IC486,Galaxy,8.00583,26.6135,13.2,0.9
IC488,IC488,Other,8.01375,25.9019,,
IC489,IC489,Star,8.02715,25.9964,,
IC490,IC490,Galaxy,8.05559,25.8114,15.7,0.6
IC491,IC491,Galaxy,8.06528,26.5206,15.3,0.7
IC492,IC492,Galaxy,8.09407,26.1682,17.2,1.0
IC493,IC493,Galaxy,8.12433,25.1340,14.8,0.8
IC494,IC494,Galaxy,8.10670,1.0361,14.3,1.3
IC495,IC495,Galaxy,8.13873,9.0139,15.5,0.5
IC496,IC496,Galaxy,8.16227,25.8816,15.4,0.6
IC497,IC497,Galaxy,8.16835,24.9221,14.3,0.8
IC498,IC498,Galaxy,8.15841,5.2807,14.6,1.2
IC499,IC499,Galaxy,8.75481,85.7400,13.8,1.9
IC500,IC500,Galaxy,8.21100,-16.0508,,1.8
IC501,IC501,Galaxy,8.31322,24.5374,15.5,0.7
IC502,IC502,Galaxy,8.36767,8.7526,15.4,0.6
IC503,IC503,Galaxy,8.36963,3.2681,14.1,1.3
IC504,IC504,Galaxy,8.37811,4.2624,14.2,1.5
IC505,IC505,Galaxy,8.38935,4.3725,14.6,1.4
IC506,IC506,Galaxy,8.39187,4.2995,14.7,1.2
IC508,IC508,Galaxy,8.47286,25.1247,14.7,0.8
IC509,IC509,Galaxy,8.53431,24.0109,13.2,1.0
IC510,IC510,Galaxy Pair,8.53628,-2.1622,,0.8
IC511,IC511,Galaxy,8.68068,73.4867,14.4,1.2
IC512,IC512,Galaxy,9.06384,85.5017,13.1,1.7
IC513,IC513,Galaxy,8.55141,-12.3556,14.6,1.5
IC514,IC514,Galaxy,8.58952,-2.0471,15.3,0.6
IC515,IC515,Galaxy,8.59203,-1.9011,15.6,1.0
IC516,IC516,Galaxy,8.59744,-1.8712,15.9,0.6
IC517,IC517,Galaxy,8.60614,-2.0556,15.4,0.6
IC518,IC518,Other,8.60193,0.6926,,
IC519,IC519,Galaxy,8.67622,2.6113,15.4,0.5
IC520,IC520,Galaxy,8.89507,73.4909,11.8,2.1
IC521,IC521,Galaxy,8.77888,2.5374,14.8,0.9
IC522,IC522,Galaxy,8.90970,57.1667,13.9,1.2
IC523,IC523,Galaxy,8.88648,9.1482,15.0,0.9
IC524,IC524,Galaxy,8.97023,-19.1919,15.1,0.9
IC525,IC525,Galaxy,9.02291,-1.8540,15.0,0.9
IC526,IC526,Galaxy,9.04466,10.8416,14.9,0.8
IC527,IC527,Galaxy,9.16161,37.6016,14.7,1.4
IC528,IC528,Galaxy,9.15626,15.7962,15.0,1.4
IC529,IC529,Galaxy,9.30911,73.7593,12.3,3.2
IC530,IC530,Galaxy,9.25471,11.8857,14.2,1.9
IC531,IC531,Galaxy,9.29745,-0.2785,14.8,0.8
IC532,IC532,Other,9.31771,-16.7549,,
IC533,IC533,Galaxy,9.33983,-3.9920,15.7,0.9
IC534,IC534,Galaxy,9.35429,3.1511,15.1,1.2
IC535,IC535,Galaxy,9.37117,-1.0403,15.8,0.7
IC536,IC536,Galaxy,9.41114,25.1102,15.1,1.1
IC537,IC537,Galaxy,9.42295,-12.3918,14.2,1.3
IC539,IC539,Galaxy,9.48562,-2.5491,14.3,1.0
IC540,IC540,Galaxy,9.50287,7.9028,14.7,1.1
IC541,IC541,Other,9.50855,-4.2537,,
IC542,IC542,Galaxy,9.51839,-13.1814,15.0,1.2
IC543,IC543,Other,9.51919,-14.7725,,
IC544,IC544,Galaxy,9.59816,24.8949,15.4,0.8
IC545,IC545,Galaxy,9.60149,24.9489,14.8,0.6
IC546,IC546,Galaxy,9.58062,-16.3844,14.8,1.3
IC548,IC548,Galaxy,9.63869,9.4460,15.3,0.8
IC549,IC549,Galaxy,9.67868,3.9598,15.0,0.6
IC550,IC550,Galaxy,9.67461,-6.9461,14.7,1.1
IC551,IC551,Galaxy,9.68336,6.9361,14.6,0.8
IC552,IC552,Galaxy,9.68794,10.6470,14.4,1.1
IC553,IC553,Galaxy,9.67920,-5.4354,14.4,1.1
IC554,IC554,Galaxy,9.69914,12.2963,14.4,1.3
IC557,IC557,Galaxy,9.73400,10.9881,14.7,1.1
IC558,IC558,Galaxy,9.75010,29.4523,13.9,0.9
IC559,IC559,Galaxy,9.74552,9.6150,14.8,1.1
IC560,IC560,Galaxy,9.76484,-0.2683,14.4,1.4
IC561,IC561,Galaxy,9.76634,3.1452,15.1,0.5
IC562,IC562,Galaxy,9.76775,-3.9712,15.0,1.2
IC563,IC563,Galaxy,9.77232,3.0456,14.8,1.0
IC564,IC564,Galaxy,9.77252,3.0714,14.2,1.6
IC565,IC565,Galaxy Pair,9.79743,15.8526,,1.0
IC566,IC566,Galaxy,9.83233,-0.2314,15.3,0.6
IC567,IC567,Star,9.84272,12.7847,,
IC568,IC568,Galaxy,9.85231,15.7304,14.7,1.1
IC569,IC569,Galaxy,9.85782,10.9201,15.3,0.8
IC570,IC570,Galaxy,9.86416,15.7558,16.0,0.5
IC571,IC571,Galaxy,9.87544,15.7754,15.3,0.7
IC572,IC572,Galaxy,9.87578,15.8269,14.8,0.5
IC574,IC574,Galaxy,9.90751,-6.9534,14.8,1.1
IC575,IC575,Galaxy,9.90915,-6.8576,14.3,1.5
IC576,IC576,Galaxy,9.91862,11.0396,15.5,0.6
IC577,IC577,Galaxy,9.93444,10.4989,14.6,0.6
IC578,IC578,Galaxy,9.93782,10.4861,14.7,1.2
IC579,IC579,Galaxy,9.94428,-13.7749,15.2,1.1
IC581,IC581,Galaxy,9.96988,15.9470,14.9,1.0
IC582,IC582,Galaxy,9.98340,17.8171,14.6,1.0
IC583,IC583,Galaxy,9.98474,17.8214,15.2,0.9
IC584,IC584,Galaxy,9.98476,10.3611,15.0,0.5
IC585,IC585,Galaxy,9.99559,12.9886,14.8,1.2
IC586,IC586,Galaxy,9.99731,-6.9228,15.2,0.8
IC587,IC587,Galaxy,10.05144,-2.4000,14.3,1.2
IC588,IC588,Galaxy,10.03529,3.0577,14.2,0.9
IC589,IC589,Galaxy,10.07331,-5.6789,15.3,0.7
IC590,IC590,Galaxy Pair,10.09729,0.6329,,0.9
IC591,IC591,Galaxy,10.12436,12.2745,14.1,0.9
IC592,IC592,Galaxy,10.13299,-2.4973,14.2,0.9
IC593,IC593,Galaxy,10.13834,-2.5268,14.4,0.8
IC594,IC594,Galaxy,10.14222,-0.6669,14.8,1.1
IC595,IC595,Galaxy,10.16059,11.0002,15.2,0.8
IC596,IC596,Galaxy,10.17537,10.0424,15.1,1.0
IC597,IC597,Galaxy,10.16999,-6.8992,15.7,0.5
IC598,IC598,Galaxy,10.21349,43.1455,13.7,1.6
IC599,IC599,Galaxy,10.22014,-5.6290,15.1,1.2
IC600,IC600,Galaxy,10.28636,-3.4978,13.7,1.9
IC601,IC601,Galaxy,10.30425,7.0388,15.4,0.5
IC602,IC602,Galaxy,10.30548,7.0493,13.6,1.0
IC603,IC603,Galaxy,10.32362,-5.6562,14.9,1.3
IC605,IC605,Galaxy,10.37337,1.1983,14.6,0.8
IC607,IC607,Galaxy,10.40238,16.7419,14.7,1.3
IC608,IC608,Galaxy,10.40587,-6.0393,14.8,0.9
IC609,IC609,Galaxy,10.42651,-2.2152,14.3,1.4
IC610,IC610,Galaxy,10.44121,20.2282,14.6,1.9
IC612,IC612,Galaxy,10.45163,11.0549,15.4,0.4
IC613,IC613,Galaxy,10.45216,11.0107,15.0,0.8
IC614,IC614,Galaxy,10.44774,-3.4647,14.8,0.8
IC615,IC615,Galaxy,10.45611,11.0800,15.3,1.2
IC616,IC616,Galaxy,10.54654,15.8608,14.6,0.9
IC619,IC619,Galaxy,10.56388,12.8784,14.8,0.8
IC620,IC620,Galaxy,10.55929,11.8714,15.3,0.7
IC621,IC621,Galaxy,10.55584,2.6161,15.2,0.9
IC623,IC623,Galaxy,10.58917,3.5584,14.9,0.9
IC624,IC624,Galaxy,10.60422,-8.3339,14.3,2.4
IC625,IC625,Galaxy,10.71057,-23.9356,13.8,2.2
IC626,IC626,Galaxy,10.61586,-7.0239,15.2,1.2
IC627,IC627,Galaxy,10.62219,-3.3578,14.6,0.7
IC628,IC628,Galaxy,10.62672,5.6037,14.8,0.9
IC630,IC630,Galaxy,10.64267,-7.1705,13.0,2.1
IC631,IC631,Galaxy,10.64969,-7.0524,16.2,0.7
IC632,IC632,Galaxy,10.65328,-0.4095,14.2,1.0
IC633,IC633,Galaxy,10.65677,-0.3893,14.6,0.7
IC634,IC634,Galaxy,10.68191,5.9918,15.1,1.0
IC635,IC635,Galaxy,10.69592,15.6433,15.1,1.1
IC636,IC636,Galaxy,10.69739,4.3308,14.9,0.9
IC637,IC637,Galaxy,10.70609,15.3596,15.3,0.8
IC638,IC638,Galaxy,10.72999,15.8951,15.5,0.8
IC639,IC639,Galaxy,10.76445,16.9304,14.8,1.4
IC640,IC640,Other,10.78068,34.7676,,
IC641,IC641,Other,10.79706,34.6728,,
IC642,IC642,Galaxy,10.80226,18.1887,13.9,1.4
IC643,IC643,Galaxy,10.82422,12.2010,15.1,1.3
IC645,IC645,Galaxy,10.83593,-6.0429,15.4,0.5
IC646,IC646,Galaxy,10.85977,55.4658,15.4,0.8
IC647,IC647,Galaxy,10.84291,-12.8548,15.8,0.7
IC648,IC648,Galaxy,10.85009,12.2874,14.9,0.9
IC649,IC649,Galaxy Pair,10.84783,1.1639,,0.7
IC650,IC650,Galaxy,10.84460,-13.4421,14.9,0.9
IC651,IC651,Galaxy,10.84956,-2.1504,13.1,0.7
IC653,IC653,Galaxy,10.86855,-0.5608,14.1,2.1
IC654,IC654,Galaxy,10.89733,-11.7256,15.1,1.2
IC655,IC655,Galaxy,10.90618,-0.3650,15.3,1.0
IC656,IC656,Other,10.91893,17.6129,,
IC657,IC657,Galaxy,10.96488,-4.9049,15.3,1.1
IC658,IC658,Galaxy,10.97118,8.2417,14.6,1.1
IC659,IC659,Galaxy,10.96774,-6.2605,15.4,1.2
IC660,IC660,Galaxy,10.97407,1.3829,15.5,0.8
IC661,IC661,Galaxy,10.98097,1.6506,15.3,0.8
IC662,IC662,Galaxy,10.98904,1.5988,15.6,0.8
IC663,IC663,Galaxy,11.01035,10.4372,15.4,0.8
IC664,IC664,Galaxy,11.01260,10.5531,14.7,1.9
IC665,IC665,Galaxy,11.00831,-13.8668,15.2,1.0
IC666,IC666,Galaxy,11.02078,10.4811,15.2,0.6
IC667,IC667,Galaxy,11.11015,15.0887,15.6,0.7
IC668,IC668,Galaxy,11.11099,15.0409,15.4,0.7
IC669,IC669,Galaxy,11.12127,6.3025,14.3,1.1
IC670,IC670,Galaxy,11.12467,6.7142,14.6,1.1
IC671,IC671,Galaxy,11.12544,0.7831,14.6,1.2
IC672,IC672,Galaxy,11.13423,-12.4842,,0.8
IC673,IC673,Galaxy,11.15703,-0.0977,14.7,1.3
IC674,IC674,Galaxy,11.18510,43.6330,14.4,1.4
IC675,IC675,Double Star,11.18260,3.5942,,
IC676,IC676,Galaxy,11.21106,9.0558,13.4,1.9
IC677,IC677,Galaxy,11.23236,12.3011,13.7,1.4
IC678,IC678,Galaxy,11.23511,6.5772,15.4,0.8
IC679,IC679,Galaxy,11.27684,-13.9721,15.4,0.5
IC680,IC680,Galaxy,11.29853,-1.9464,14.6,0.8
IC681,IC681,Galaxy,11.30887,-12.1402,14.8,0.9
IC683,IC683,Galaxy,11.35883,2.7518,15.5,0.7
IC685,IC685,Galaxy,11.36848,17.7534,16.3,0.7
IC686,IC686,Galaxy,11.38480,5.6447,15.6,0.5
IC687,IC687,Galaxy,11.40481,47.8475,14.9,1.1
IC688,IC688,Galaxy,11.39451,-9.7956,15.0,1.0
IC690,IC690,Galaxy,11.40573,-8.3420,15.3,1.2
IC691,IC691,Galaxy,11.44564,59.1554,13.7,1.1
IC692,IC692,Galaxy,11.43152,9.9875,14.2,0.8
IC693,IC693,Galaxy,11.44684,-5.0040,14.7,1.0
IC694,IC694,Galaxy,11.47425,58.5785,18.2,0.2
IC695,IC695,Galaxy,11.46619,-11.7153,15.3,0.7
IC696,IC696,Galaxy,11.47776,9.0987,14.5,0.9
IC697,IC697,Galaxy,11.47624,-1.6296,15.4,0.7
IC698,IC698,Galaxy,11.48440,9.1121,14.4,1.0
IC699,IC699,Galaxy,11.48514,8.9886,14.5,1.2
IC700,IC700,Galaxy Group,11.48763,20.5849,,1.1
IC701,IC701,Galaxy,11.51686,20.4689,14.6,0.7
IC702,IC702,Galaxy,11.51520,-4.9220,15.6,0.8
IC705,IC705,Galaxy,11.54899,50.2419,15.1,0.8
IC706,IC706,Galaxy,11.55351,-13.3381,15.0,1.5
IC707,IC707,Galaxy,11.56240,21.3801,13.8,0.7
IC708,IC708,Galaxy,11.56645,49.0621,14.1,1.5
IC709,IC709,Galaxy,11.57071,49.0432,15.0,1.1
IC710,IC710,Galaxy,11.57428,25.8765,15.7,0.8
IC711,IC711,Galaxy,11.57960,48.9561,15.2,0.9
IC712,IC712,Galaxy,11.58036,49.0777,14.4,3.0
IC713,IC713,Star,11.57895,16.8469,,
IC715,IC715,Galaxy Pair,11.61517,-8.3774,,1.0
IC715NW,IC715NW,Galaxy,11.61506,-8.3758,15.0,0.9
IC715SE,IC715SE,Galaxy,11.61526,-8.3787,,0.3
IC716,IC716,Galaxy,11.65093,-0.2060,14.8,1.6
IC718,IC718,Galaxy,11.66466,8.8745,14.6,1.1
IC719,IC719,Galaxy,11.67181,9.0099,13.8,1.2
IC720,IC720,Galaxy Pair,11.70619,8.7678,,1.3
IC721,IC721,Galaxy,11.70802,-8.3403,15.2,1.6
IC722,IC722,Galaxy,11.71216,8.9742,14.8,0.9
IC723,IC723,Galaxy,11.71600,-8.3325,14.6,0.8
IC724,IC724,Galaxy,11.72630,8.9425,13.7,2.4
IC725,IC725,Galaxy,11.72482,-1.6680,14.9,0.7
IC726,IC726,Galaxy,11.72925,33.3919,15.9,0.9
IC727,IC727,Galaxy,11.74128,10.7838,14.9,1.6
IC728,IC728,Galaxy,11.74735,-1.6013,14.5,1.2
IC729,IC729,Galaxy,11.75509,33.3358,15.3,0.6
IC731,IC731,Galaxy,11.75502,49.5704,15.8,0.7
IC732,IC732,Galaxy Pair,11.76656,20.4428,,1.1
IC732N,IC732N,Galaxy,11.76651,20.4470,15.4,0.7
IC732S,IC732S,Galaxy,11.76663,20.4389,15.4,0.7
IC733,IC733,Galaxy,11.76627,-8.1558,16.1,0.7
IC734,IC734,Galaxy Pair,11.76772,-8.2678,,1.1
IC735,IC735,Galaxy,11.80356,13.2094,14.9,1.2
IC736,IC736,Galaxy,11.80559,12.7166,15.6,0.7
IC737,IC737,Galaxy,11.80764,12.7274,14.8,0.8
IC738,IC738,Galaxy,11.81524,-4.6819,14.9,0.8
IC739,IC739,Galaxy,11.85869,23.8629,14.9,1.1
IC741,IC741,Galaxy,11.84216,-4.8359,15.0,1.0
IC742,IC742,Galaxy,11.85062,20.7997,13.9,1.1
IC743,IC743,Galaxy,11.88952,-13.2649,15.2,1.2
IC744,IC744,Galaxy,11.90132,23.1922,15.9,0.6
IC745,IC745,Galaxy,11.90341,0.1366,13.5,0.8
IC746,IC746,Galaxy,11.92643,25.8894,14.5,1.0
IC747,IC747,Galaxy,11.95136,-8.2923,15.3,0.7
IC748,IC748,Galaxy,11.95742,7.4609,15.1,0.8
IC749,IC749,Galaxy,11.97612,42.7340,12.3,2.1
IC750,IC750,Galaxy,11.98117,42.7225,11.8,2.1
IC751,IC751,Galaxy,11.98128,42.5703,14.4,1.1
IC752,IC752,Galaxy,11.98750,42.5668,15.3,0.6
IC753,IC753,Galaxy,11.98691,-0.5238,14.4,1.1
IC754,IC754,Galaxy,11.98987,-1.6545,14.3,1.0
IC756,IC756,Galaxy,12.04939,4.8459,17.5,1.7
IC758,IC758,Galaxy,12.06997,62.5054,14.2,1.8
IC759,IC759,Other,12.08593,20.2600,,
IC760,IC760,Galaxy,12.09820,-29.2921,13.5,1.8
IC761,IC761,Galaxy,12.09825,-12.6733,15.4,1.0
IC762,IC762,Galaxy,12.13666,25.7571,14.8,0.8
IC763,IC763,Galaxy,12.13759,25.8115,15.4,0.9
IC764,IC764,Galaxy,12.17061,-29.7368,12.4,4.8
IC765,IC765,Other,12.17527,16.1352,,
IC766,IC766,Galaxy,12.18156,-12.6553,14.9,1.8
IC767,IC767,Galaxy,12.18409,12.1040,14.4,0.9
IC768,IC768,Galaxy,12.19656,12.1437,14.5,1.3
IC769,IC769,Galaxy,12.20898,12.1238,13.4,2.2
IC770,IC770,Galaxy,12.21731,-4.5534,16.0,0.5
IC771,IC771,Galaxy,12.25368,13.1845,14.7,0.7
IC772,IC772,Galaxy,12.25441,23.9582,15.4,0.8
IC773,IC773,Galaxy,12.30225,6.1396,14.5,0.8
IC774,IC774,Galaxy,12.31424,-6.7666,15.7,0.8
IC775,IC775,Galaxy,12.31491,12.9127,13.3,1.1
IC776,IC776,Galaxy,12.31747,8.8561,14.3,1.1
IC777,IC777,Galaxy,12.32327,28.3099,14.5,0.8
IC779,IC779,Galaxy,12.32742,29.8832,15.0,1.0
IC780,IC780,Galaxy,12.33288,25.7717,14.4,1.2
IC781,IC781,Galaxy,12.33425,14.9615,14.2,1.3
IC782,IC782,Galaxy,12.36027,5.7657,14.3,1.1
IC783,IC783,Galaxy,12.36078,15.7451,14.1,1.2
IC784,IC784,Galaxy,12.37501,-4.6527,14.1,2.1
IC785,IC785,Galaxy,12.38391,-13.2236,14.7,1.1
IC786,IC786,Galaxy,12.38637,-13.2047,14.0,1.0
IC787,IC787,Galaxy,12.42364,16.1242,14.9,1.1
IC789,IC789,Galaxy,12.43903,7.4602,14.8,1.0
IC791,IC791,Galaxy,12.44986,22.6396,14.4,1.1
IC792,IC792,Galaxy,12.45244,16.3254,14.8,1.0
IC794,IC794,Galaxy,12.46906,12.0933,13.5,1.3
IC795,IC795,Galaxy,12.47537,23.3049,15.2,0.7
IC796,IC796,Galaxy,12.49065,16.4048,13.8,1.5
IC797,IC797,Galaxy,12.53188,15.1239,13.6,1.1
IC798,IC798,Galaxy,12.54261,15.4154,14.3,0.9
IC800,IC800,Galaxy,12.56574,15.3548,13.7,1.5
IC801,IC801,Galaxy,12.56249,52.2548,14.7,1.1
IC802,IC802,Star,12.59934,74.3013,,
IC803,IC803,Galaxy Group,12.66028,16.5880,,1.2
IC804,IC804,Galaxy,12.68777,-5.0091,14.5,1.0
IC806,IC806,Galaxy,12.70234,-17.3494,15.5,0.9
IC807,IC807,Galaxy,12.70347,-17.4036,14.6,1.1
IC808,IC808,Other,12.69849,19.9321,,
IC809,IC809,Galaxy,12.70241,11.7543,13.7,1.0
IC810,IC810,Galaxy,12.70252,12.5968,14.3,1.6
IC812,IC812,Galaxy,12.74746,-4.4346,14.8,0.9
IC813,IC813,Galaxy,12.75329,23.0361,13.4,0.9
IC814,IC814,Galaxy,12.75948,-8.0922,15.8,0.8
IC815,IC815,Galaxy,12.77296,11.8766,15.4,0.8
IC816,IC816,Galaxy,12.77954,9.8506,14.9,1.1
IC817,IC817,Galaxy,12.78244,9.8571,14.9,0.7
IC818,IC818,Galaxy,12.77904,29.7353,15.1,0.9
IC821,IC821,Galaxy,12.79060,29.7878,13.8,1.0
IC822,IC822,Galaxy,12.79599,30.0772,15.4,0.7
IC823,IC823,Star,12.79746,27.2092,,
IC825,IC825,Galaxy,12.83866,-5.3630,15.5,0.6
IC826,IC826,Galaxy,12.85554,31.0596,14.7,0.7
IC827,IC827,Galaxy,12.86529,16.2829,14.9,0.9
IC828,IC828,Galaxy,12.87101,-8.1329,15.0,0.7
IC829,IC829,Galaxy,12.87429,-15.5185,13.5,0.4
IC830,IC830,Galaxy,12.85459,53.6963,14.2,1.2
IC831,IC831,Galaxy,12.87891,26.4704,15.2,0.9
IC832,IC832,Galaxy,12.89975,26.4441,14.9,0.8
IC833,IC833,Galaxy,12.94394,-6.7334,16.7,0.4
IC834,IC834,Galaxy,12.93850,26.3589,15.1,0.9
IC835,IC835,Galaxy,12.94786,26.4877,14.9,0.8
IC836,IC836,Galaxy,12.93167,63.6123,14.5,1.2
IC837,IC837,Galaxy,12.95867,26.5122,15.5,0.9
IC838,IC838,Galaxy,12.97044,26.4269,15.4,0.7
IC839,IC839,Galaxy,12.97085,28.1259,14.6,0.5
IC840,IC840,Galaxy,12.97834,10.6165,15.0,0.8
IC841,IC841,Galaxy,12.99648,21.8132,15.1,1.0
IC842,IC842,Galaxy,13.01099,29.0194,13.9,1.1
IC844,IC844,Galaxy,13.05506,-30.5211,13.7,1.8
IC845,IC845,Galaxy,13.08262,12.0791,15.3,0.8
IC846,IC846,Galaxy,13.08920,23.0956,15.1,0.7
IC848,IC848,Galaxy,13.11710,16.0071,15.4,0.7
IC849,IC849,Galaxy,13.12741,-0.9425,14.1,1.0
IC850,IC850,Galaxy,13.13062,-0.8684,15.0,0.9
IC851,IC851,Galaxy,13.14287,21.0498,13.9,1.1
IC852,IC852,Galaxy,13.12688,60.1572,14.8,1.2
IC853,IC853,Galaxy,13.14492,52.7743,13.6,1.0
IC854,IC854,Galaxy,13.16388,24.5776,14.3,0.9
IC855,IC855,Galaxy,13.17692,-4.4845,14.8,0.7
IC856,IC856,Galaxy,13.17822,20.5368,15.2,0.7
IC857,IC857,Galaxy,13.23060,17.0762,14.6,1.0
IC858,IC858,Galaxy,13.24776,17.2268,14.7,1.6
IC859,IC859,Galaxy,13.24924,17.2252,15.2,0.7
IC860,IC860,Galaxy,13.25098,24.6189,14.5,1.0
IC861,IC861,Galaxy,13.25206,34.3288,15.6,0.8
IC862,IC862,Galaxy,13.27094,20.0477,15.3,0.5
IC863,IC863,Galaxy,13.28678,-17.2545,14.3,1.1
IC864,IC864,Galaxy,13.28569,20.6917,17.0,0.6
IC865,IC865,Galaxy,13.29319,-5.8339,15.3,0.7
IC866,IC866,Galaxy,13.28799,20.6910,15.5,0.7
IC867,IC867,Galaxy,13.28883,20.6381,14.9,1.3
IC868,IC868,Galaxy,13.29126,20.6123,14.8,0.8
IC869,IC869,Galaxy Pair,13.29188,20.6811,,1.0
IC870,IC870,Galaxy,13.29192,20.6001,15.2,0.8
IC871,IC871,Galaxy,13.29963,4.4034,14.5,1.6
IC872,IC872,Galaxy,13.28378,6.3571,15.1,1.2
IC873,IC873,Galaxy,13.30452,4.4643,15.2,0.9
IC874,IC874,Galaxy,13.31681,-27.6286,13.5,1.3
IC875,IC875,Galaxy,13.28544,57.5394,13.0,1.6
IC876,IC876,Galaxy,13.30961,4.4863,14.6,0.9
IC877,IC877,Other,13.29927,6.0821,,
IC878,IC878,Other,13.30010,6.1204,,
IC879,IC879,Galaxy,13.32794,-27.4290,14.1,0.8
IC880,IC880,Other,13.30204,6.1121,,
IC881,IC881,Galaxy,13.33232,15.8505,14.6,1.5
IC882,IC882,Galaxy,13.33526,15.8981,14.8,0.8
IC883,IC883,Galaxy,13.34315,34.1395,14.7,0.8
IC884,IC884,Other,13.36525,-12.7297,,
IC885,IC885,Galaxy,13.37526,21.3164,14.5,1.0
IC886,IC886,Galaxy,13.39930,-4.3954,16.0,0.7
IC887,IC887,Other,13.40332,-12.4604,,
IC889,IC889,Galaxy,13.44376,11.8695,15.2,0.9
IC890,IC890,Galaxy,13.47377,-16.0923,15.2,1.2
IC891,IC891,Galaxy,13.49998,0.3051,14.6,0.8
IC892,IC892,Galaxy,13.52941,-2.7131,14.3,1.6
IC893,IC893,Galaxy,13.52983,-2.6116,14.8,1.0
IC894,IC894,Galaxy,13.53467,17.0490,16.4,1.1
IC896,IC896,Galaxy,13.56951,4.8685,14.9,1.0
IC897,IC897,Galaxy,13.57207,17.8481,15.6,0.8
IC898,IC898,Galaxy,13.56928,13.2808,15.5,0.6
IC899,IC899,Galaxy,13.58318,-8.0916,15.1,0.8
IC900,IC900,Galaxy,13.57861,9.3369,13.1,1.3
IC901,IC901,Galaxy,13.59511,13.3309,15.2,0.7
IC902,IC902,Galaxy,13.60034,49.9608,14.5,2.2
IC903,IC903,Galaxy,13.64058,-0.2276,13.6,1.6
IC904,IC904,Galaxy,13.64228,0.5402,14.2,1.1
IC905,IC905,Galaxy,13.66748,23.1430,14.9,0.9
IC906,IC906,Galaxy,13.66944,23.3411,15.5,0.8
IC907,IC907,Galaxy,13.65639,51.0511,14.3,1.1
IC908,IC908,Galaxy,13.68859,-4.3442,14.4,0.9
IC909,IC909,Galaxy,13.68088,24.4733,14.7,0.7
IC910,IC910,Galaxy,13.68552,23.2821,15.1,0.7
IC911,IC911,Galaxy,13.69038,23.2475,15.4,0.6
IC912,IC912,Galaxy,13.69135,23.2454,15.2,0.7
IC913,IC913,Galaxy,13.69157,23.1669,15.5,0.7
IC914,IC914,Galaxy,13.69461,23.1890,15.2,0.8
IC915,IC915,Galaxy,13.72426,-17.3328,15.1,0.5
IC916,IC916,Galaxy,13.71060,24.4651,15.4,0.9
IC917,IC917,Star,13.70868,55.6369,,
IC918,IC918,Galaxy,13.71050,55.5296,18.0,0.6
IC919,IC919,Galaxy,13.71319,55.5214,15.7,0.5
IC920,IC920,Galaxy,13.75685,-12.5742,14.3,0.9
IC921,IC921,Galaxy,13.71889,55.6512,,0.3
IC922,IC922,Galaxy,13.71566,55.6039,18.1,0.8
IC923,IC923,Galaxy,13.72061,55.6031,16.4,0.6
IC924,IC924,Galaxy,13.76044,-12.4551,15.2,0.8
IC925,IC925,Galaxy,13.72114,55.6158,17.5,0.5
IC926,IC926,Galaxy,13.72757,55.6315,17.5,0.3
IC927,IC927,Galaxy,13.76455,-12.4645,15.4,0.9
IC928,IC928,Galaxy,13.73000,55.5679,18.7,0.3
IC929,IC929,Galaxy,13.72917,55.6338,17.8,0.5
IC930,IC930,Galaxy,13.72932,55.6465,17.1,0.4
IC931,IC931,Galaxy,13.73033,55.6240,,0.2
IC932,IC932,Galaxy,13.73089,55.6467,18.1,0.5
IC933,IC933,Galaxy,13.75449,23.2189,14.5,1.2
IC934,IC934,Galaxy,13.73122,55.6568,17.4,0.4
IC936,IC936,Galaxy,13.73571,55.7061,17.4,0.4
IC937,IC937,Galaxy,13.74137,55.6302,17.5,0.5
IC938,IC938,Galaxy,13.74201,55.6274,16.5,0.8
IC939,IC939,Galaxy,13.79531,3.4115,14.4,1.0
IC940,IC940,Galaxy,13.79936,3.4496,15.3,0.7
IC941,IC941,Galaxy,13.80990,24.0151,15.2,0.9
IC942,IC942,Galaxy,13.79476,56.6216,15.2,1.0
IC943,IC943,Galaxy,13.84226,3.1942,14.7,0.9
IC944,IC944,Galaxy,13.85858,14.0922,14.5,1.5
IC945,IC945,Galaxy,13.78550,72.0704,15.1,1.0
IC946,IC946,Galaxy,13.86899,14.1162,14.3,0.9
IC947,IC947,Galaxy,13.87664,0.8184,13.8,1.7
IC948,IC948,Galaxy,13.87409,14.0913,14.2,1.2
IC949,IC949,Galaxy,13.87132,22.5216,15.2,1.3
IC950,IC950,Galaxy Pair,13.87394,14.4897,,0.8
IC951,IC951,Galaxy,13.86311,50.9783,14.3,1.1
IC952,IC952,Galaxy,13.89498,3.3774,14.7,1.2
IC953,IC953,Other,13.91589,-30.2833,,
IC954,IC954,Galaxy,13.83247,71.1646,14.4,1.0
IC955,IC955,Other,13.92870,-30.2612,,
IC956,IC956,Galaxy Pair,13.91130,20.7215,,0.8
IC957,IC957,Other,13.93566,-30.2376,,
IC959,IC959,Galaxy,13.93428,13.5058,14.3,1.5
IC960,IC960,Galaxy Pair,13.93321,17.5058,,1.8
IC960A,IC960A,Galaxy,13.93308,17.4992,15.5,0.6
IC960B,IC960B,Galaxy,13.93337,17.5116,15.1,0.9
IC961,IC961,Galaxy,13.92966,25.8404,15.5,0.8
IC962,IC962,Galaxy,13.95367,12.0213,14.0,0.8
IC963,IC963,Galaxy,13.95695,17.4078,15.2,0.6
IC964,IC964,Galaxy,13.96149,17.5087,15.4,0.6
IC965,IC965,Galaxy,13.96319,17.5105,15.2,0.8
IC966,IC966,Galaxy,13.97056,5.4083,14.8,0.9
IC967,IC967,Galaxy,13.97304,14.4573,14.7,1.0
IC968,IC968,Galaxy Pair,14.01034,-2.9076,,1.1
IC969,IC969,Galaxy,14.02950,-4.1804,15.9,0.6
IC970,IC970,Galaxy,14.04284,14.5526,14.6,1.3
IC971,IC971,Galaxy,14.06466,-10.1406,12.9,2.3
IC972,IC972,Planetary Nebula,14.07386,-17.2282,13.9,0.7
IC974,IC974,Star,14.10954,-5.4924,16.7,
IC975,IC975,Galaxy,14.11912,15.3181,15.5,0.8
IC976,IC976,Galaxy,14.14536,-1.1616,14.0,1.5
IC977,IC977,Galaxy,14.14501,-3.0024,15.2,0.7
IC978,IC978,Galaxy,14.14947,-2.9738,15.2,1.0
IC979,IC979,Galaxy,14.15899,14.8318,14.4,1.1
IC980,IC980,Galaxy,14.17289,-7.3426,15.2,0.8
IC981,IC981,Galaxy,14.17448,-4.1714,15.0,0.9
IC982,IC982,Galaxy,14.16641,17.6961,14.5,0.9
IC983,IC983,Galaxy,14.16788,17.7338,12.0,2.3
IC984,IC984,Galaxy,14.16882,18.3647,14.4,1.9
IC985,IC985,Galaxy,14.19246,-3.2198,14.6,0.8
IC986,IC986,Galaxy,14.19062,1.2865,14.7,0.8
IC987,IC987,Galaxy,14.19219,19.1723,15.4,0.6
IC988,IC988,Galaxy,14.24224,3.1902,14.7,0.6
IC989,IC989,Galaxy,14.24759,3.1309,13.1,1.0
IC990,IC990,Galaxy,14.26366,39.7979,15.3,0.5
IC991,IC991,Galaxy,14.29683,-13.8729,13.8,1.6
IC992,IC992,Galaxy,14.30414,0.8911,14.8,0.9
IC993,IC993,Galaxy,14.30517,11.2164,15.4,0.8
IC994,IC994,Galaxy,14.30629,11.1952,14.6,1.5
IC995,IC995,Galaxy,14.27531,57.8101,14.5,1.7
IC996,IC996,Galaxy,14.28946,57.6299,14.6,1.4
IC997,IC997,Galaxy Pair,14.33312,-4.4512,,1.5
IC998,IC998,Galaxy,14.33869,-4.4164,15.7,0.9
IC999,IC999,Galaxy,14.32574,17.8753,14.6,0.8
IC1000,IC1000,Galaxy,14.32786,17.8547,14.5,1.0
IC1001,IC1001,Galaxy,14.34435,5.4274,15.0,0.8
IC1002,IC1002,Galaxy,14.34508,5.4858,15.4,0.6
IC1003,IC1003,Galaxy,14.35827,5.0732,15.3,1.0
IC1004,IC1004,Galaxy,14.35063,17.7006,15.8,0.9
IC1006,IC1006,Galaxy,14.38308,23.7943,15.1,0.9
IC1007,IC1007,Galaxy,14.41016,4.5592,15.0,0.8
IC1008,IC1008,Galaxy Pair,14.39516,28.3479,,0.8
IC1009,IC1009,Galaxy,14.43822,12.3529,15.2,0.9
IC1010,IC1010,Galaxy,14.45566,1.0259,14.6,1.5
IC1011,IC1011,Galaxy,14.46792,1.0063,14.7,0.8
IC1012,IC1012,Galaxy,14.45264,30.9482,14.7,1.1
IC1013,IC1013,Galaxy,14.46635,25.8663,16.6,0.9
IC1014,IC1014,Galaxy,14.47179,13.7802,13.9,2.0
IC1015,IC1015,Galaxy Triplet,14.47199,15.4201,,1.0
IC1017,IC1017,Galaxy,14.46867,25.8688,14.6,1.1
IC1018,IC1018,Galaxy,14.47022,25.8305,16.1,0.6
IC1019,IC1019,Galaxy,14.47041,25.9474,15.1,0.6
IC1020,IC1020,Galaxy,14.48041,26.0323,14.9,1.1
IC1021,IC1021,Galaxy,14.48809,20.6545,15.0,0.6
IC1022,IC1022,Galaxy,14.50051,3.7729,15.2,1.0
IC1023,IC1023,Open Cluster,14.54032,-35.8036,,5.1
IC1024,IC1024,Galaxy,14.52422,3.0091,14.0,1.1
IC1025,IC1025,Galaxy,14.52452,7.0639,15.3,0.6
IC1027,IC1027,Galaxy,14.49681,53.9650,15.2,1.4
IC1028,IC1028,Galaxy,14.55456,41.6504,14.7,1.0
IC1029,IC1029,Galaxy,14.54091,49.9046,11.3,2.8
IC1031,IC1031,Galaxy,14.57333,48.0374,15.4,0.8
IC1032,IC1032,Galaxy,14.57763,47.9680,15.7,0.7
IC1033,IC1033,Galaxy,14.57826,47.9378,15.0,1.1
IC1034,IC1034,Galaxy,14.62048,14.6651,15.6,0.6
IC1035,IC1035,Galaxy,14.63617,9.3360,14.9,1.1
IC1036,IC1036,Galaxy,14.63966,18.1112,15.7,0.6
IC1037,IC1037,Galaxy,14.64038,18.1840,14.8,1.0
IC1038,IC1038,Galaxy,14.65762,11.9286,15.4,0.6
IC1039,IC1039,Galaxy,14.67483,3.4327,15.7,0.7
IC1040,IC1040,Galaxy,14.67298,9.4761,15.4,0.5
IC1041,IC1041,Galaxy,14.67719,3.3770,14.9,0.9
IC1042,IC1042,Galaxy,14.67751,3.4697,14.7,1.1
IC1043,IC1043,Galaxy,14.67871,3.3740,15.8,0.7
IC1044,IC1044,Galaxy,14.69139,9.4309,14.8,1.5
IC1046,IC1046,Galaxy,14.63151,69.0145,14.7,0.8
IC1047,IC1047,Galaxy,14.70555,19.1918,15.5,0.7
IC1048,IC1048,Galaxy,14.71611,4.8895,13.9,2.1
IC1049,IC1049,Galaxy,14.65920,62.0029,14.7,0.9
IC1050,IC1050,Galaxy,14.73531,18.0126,15.2,0.8
IC1051,IC1051,Galaxy,14.73655,19.0202,15.4,0.7
IC1052,IC1052,Galaxy,14.73725,20.6140,15.4,1.0
IC1053,IC1053,Galaxy,14.76201,16.9469,15.2,0.6
IC1054,IC1054,Galaxy,14.77534,1.2748,14.8,1.0
IC1055,IC1055,Galaxy,14.79047,-13.7161,13.1,2.3
IC1056,IC1056,Galaxy,14.76362,50.3941,14.3,1.5
IC1058,IC1058,Galaxy,14.82011,17.0209,14.9,1.5
IC1059,IC1059,Galaxy,14.84516,-0.8758,15.2,0.9
IC1060,IC1060,Galaxy,14.86315,-7.2326,15.1,1.2
IC1061,IC1061,Galaxy,14.85396,18.7576,16.0,0.5
IC1062,IC1062,Galaxy,14.85491,18.6870,15.3,0.9
IC1063,IC1063,Galaxy,14.86973,4.6821,14.9,0.7
IC1065,IC1065,Galaxy,14.82266,63.2706,13.7,0.9
IC1066,IC1066,Galaxy,14.88413,3.2960,14.1,1.2
IC1067,IC1067,Galaxy,14.88479,3.3318,13.5,1.8
IC1068,IC1068,Galaxy,14.89248,3.0773,14.6,0.9
IC1069,IC1069,Galaxy,14.84626,54.4112,14.9,1.5
IC1070,IC1070,Galaxy,14.89758,3.4847,15.9,0.8
IC1071,IC1071,Galaxy,14.90347,4.7500,14.5,1.1
IC1072,IC1072,Galaxy,14.90365,4.8416,15.3,0.9
IC1073,IC1073,Galaxy,14.90399,4.7944,15.5,0.5
IC1074,IC1074,Galaxy,14.86592,51.2649,15.1,0.9
IC1075,IC1075,Galaxy,14.91368,18.1060,14.9,1.2
IC1076,IC1076,Galaxy,14.91656,18.0373,13.7,0.9
IC1077,IC1077,Galaxy,14.95603,-19.2137,13.5,1.3
IC1078,IC1078,Galaxy,14.94139,9.3545,14.7,1.0
IC1079,IC1079,Galaxy,14.94338,9.3697,14.7,1.5
IC1080,IC1080,Galaxy,14.96662,-6.7233,15.0,1.2
IC1081,IC1081,Galaxy,14.98196,-19.2391,14.8,1.7
IC1082,IC1082,Galaxy,14.98125,7.0073,15.3,0.9
IC1083,IC1083,Galaxy,14.92595,68.4086,15.2,0.7
IC1084,IC1084,Galaxy,15.02080,-7.4749,14.2,0.9
IC1085,IC1085,Galaxy,15.04538,17.2525,14.9,0.9
IC1086,IC1086,Galaxy,15.05810,17.1144,15.3,0.7
IC1087,IC1087,Galaxy,15.11219,3.7768,15.5,0.7
IC1088,IC1088,Star,15.11317,3.7919,,
IC1089,IC1089,Galaxy,15.12389,7.1167,15.2,1.0
IC1090,IC1090,Other,15.09532,42.6824,,
IC1091,IC1091,Galaxy,15.13709,-11.1409,14.3,1.1
IC1092,IC1092,Galaxy,15.12670,9.3582,15.0,1.0
IC1093,IC1093,Galaxy,15.12657,14.5480,15.0,1.0
IC1094,IC1094,Galaxy Triplet,15.12839,14.6250,,0.8
IC1095,IC1095,Galaxy,15.14307,13.6706,15.3,0.7
IC1096,IC1096,Galaxy,15.13932,19.1921,15.7,0.6
IC1097,IC1097,Galaxy,15.14203,19.1843,14.8,0.9
IC1098,IC1098,Star,15.10701,55.6017,,
IC1099,IC1099,Galaxy,15.11518,56.5090,14.8,1.1
IC1101,IC1101,Galaxy,15.18225,5.7448,15.3,1.2
IC1102,IC1102,Galaxy,15.18471,4.2939,15.5,1.0
IC1103,IC1103,Galaxy,15.19330,19.2078,15.8,0.9
IC1104,IC1104,Star,15.21386,-5.0556,,
IC1105,IC1105,Galaxy,15.22053,4.2876,14.9,0.9
IC1106,IC1106,Galaxy,15.23230,4.7110,15.1,0.9
IC1107,IC1107,Galaxy,15.23582,4.7144,15.9,0.7
IC1109,IC1109,Galaxy,15.28444,5.2561,15.4,0.8
IC1110,IC1110,Galaxy,15.20141,67.3626,14.8,1.3
IC1112,IC1112,Galaxy,15.29649,7.2183,15.1,1.0
IC1113,IC1113,Galaxy,15.30420,12.4887,15.3,0.9
IC1114,IC1114,Star,15.19047,75.4267,,
IC1115,IC1115,Double Star,15.37195,-4.4739,,
IC1116,IC1116,Galaxy,15.36535,8.4238,14.5,1.1
IC1117,IC1117,Galaxy,15.40636,15.4886,15.7,0.7
IC1118,IC1118,Galaxy,15.41654,13.4451,14.9,1.2
IC1119,IC1119,Galaxy Pair,15.42897,-3.6563,,1.0
IC1120,IC1120,Galaxy,15.43640,18.8723,16.2,0.7
IC1121,IC1121,Galaxy,15.46224,6.8039,15.4,1.1
IC1122,IC1122,Galaxy,15.48974,7.6174,15.6,0.6
IC1123,IC1123,Star,15.48170,42.8985,,
IC1124,IC1124,Galaxy,15.50024,23.6384,14.4,1.1
IC1125,IC1125,Galaxy,15.55156,-1.6282,14.3,1.6
IC1126,IC1126,Star,15.58356,4.9904,,
IC1129,IC1129,Galaxy,15.53356,68.2463,13.5,1.0
IC1130,IC1130,Galaxy,15.62890,17.2444,15.6,0.7
IC1131,IC1131,Galaxy,15.64769,12.0806,14.7,0.8
IC1132,IC1132,Galaxy,15.66854,20.6806,14.4,1.1
IC1133,IC1133,Galaxy,15.68666,15.5734,14.7,1.3
IC1134,IC1134,Galaxy,15.74958,16.9621,15.4,0.9
IC1135,IC1135,Galaxy,15.75964,17.7001,15.1,0.8
IC1136,IC1136,Galaxy,15.79289,-1.5453,15.2,0.8
IC1137,IC1137,Galaxy,15.80906,8.5879,14.7,0.9
IC1138,IC1138,Galaxy,15.80438,26.2062,15.3,1.0
IC1139,IC1139,Galaxy,15.49058,82.5839,15.6,0.7
IC1140,IC1140,Other,15.82368,19.1134,,
IC1141,IC1141,Galaxy,15.82971,12.3993,14.5,0.5
IC1142,IC1142,Galaxy,15.84053,18.1396,15.0,1.0
IC1143,IC1143,Galaxy,15.51554,82.4558,14.6,1.4
IC1144,IC1144,Galaxy,15.85602,43.4177,14.7,0.7
IC1145,IC1145,Galaxy,15.73571,72.4312,15.1,1.4
IC1146,IC1146,Galaxy,15.80613,69.3856,14.7,1.3
IC1147,IC1147,Galaxy,15.83656,69.5601,15.5,0.5
IC1149,IC1149,Galaxy,15.96888,12.0703,14.1,1.1
IC1150,IC1150,Other,15.97182,15.8745,,
IC1151,IC1151,Galaxy,15.97565,17.4415,12.9,2.2
IC1152,IC1152,Galaxy,15.94537,48.0950,14.2,1.1
IC1153,IC1153,Galaxy,15.95084,48.1684,13.6,1.2
IC1154,IC1154,Galaxy,15.87461,70.3751,14.7,1.8
IC1155,IC1155,Galaxy,16.00993,15.6856,14.3,0.8
IC1156,IC1156,Galaxy,16.01038,19.7232,13.4,1.1
IC1157,IC1157,Galaxy,16.01563,15.5264,15.6,0.8
IC1158,IC1158,Galaxy,16.02613,1.7078,13.1,1.9
IC1159,IC1159,Galaxy,16.01707,15.4200,15.7,0.8
IC1160,IC1160,Galaxy,16.01736,15.4947,15.6,0.8
IC1161,IC1161,Galaxy,16.02134,15.6454,15.2,0.7
IC1162,IC1162,Galaxy,16.02120,17.6778,14.7,0.7
IC1163,IC1163,Galaxy,16.02515,15.5039,14.9,0.8
IC1164,IC1164,Star,15.91742,70.5870,,
IC1165,IC1165,Galaxy Pair,16.03561,15.6939,,0.9
IC1166,IC1166,Galaxy Pair,16.03581,26.3272,,0.6
IC1167,IC1167,Galaxy,16.06468,14.9464,15.5,0.6
IC1168,IC1168,Galaxy,16.06547,14.9024,15.6,1.3
IC1169,IC1169,Galaxy,16.07040,13.7440,14.1,1.1
IC1170,IC1170,Galaxy,16.07547,17.7215,17.4,0.5
IC1171,IC1171,Star,16.08107,17.9782,,
IC1173,IC1173,Galaxy,16.08682,17.4229,14.6,0.9
IC1174,IC1174,Galaxy,16.09078,15.0253,14.4,1.0
IC1175,IC1175,Double Star,16.08962,18.1631,,
IC1177,IC1177,Galaxy,16.08883,18.3154,16.2,0.5
IC1178,IC1178,Galaxy,16.09253,17.6014,13.9,1.3
IC1180,IC1180,Star,16.09170,18.1497,,
IC1181,IC1181,Galaxy,16.09274,17.5937,14.8,1.0
IC1182,IC1182,Galaxy,16.09356,17.8021,14.7,0.8
IC1184,IC1184,Other,16.09522,17.7900,,
IC1185,IC1185,Galaxy,16.09575,17.7170,13.8,0.7
IC1186,IC1186,Galaxy,16.09562,17.3622,14.7,0.8
IC1187,IC1187,Galaxy,15.98616,70.5570,15.4,0.3
IC1188,IC1188,Galaxy Pair,16.10213,17.4600,,0.7
IC1188A,IC1188A,Galaxy,16.10203,17.4608,15.7,0.6
IC1188B,IC1188B,Galaxy,16.10230,17.4616,17.4,0.3
IC1189,IC1189,Galaxy,16.10412,18.1829,14.4,0.8
IC1190,IC1190,Galaxy,16.09789,18.2205,14.7,1.3
IC1191,IC1191,Galaxy Pair,16.10799,18.2679,,0.7
IC1192,IC1192,Galaxy,16.10920,17.7756,14.9,0.9
IC1193,IC1193,Galaxy,16.10894,17.7139,14.4,0.8
IC1194,IC1194,Galaxy,16.11093,17.7612,14.3,0.6
IC1195,IC1195,Galaxy,16.11136,17.1918,14.8,0.6
IC1196,IC1196,Galaxy,16.13288,10.7796,14.7,1.0
IC1197,IC1197,Galaxy,16.13813,7.5385,14.4,2.6
IC1198,IC1198,Galaxy,16.14344,12.3309,14.9,0.8
IC1199,IC1199,Galaxy,16.17621,10.0404,14.5,1.2
IC1201,IC1201,Galaxy,16.09490,69.5938,15.6,0.7
IC1203,IC1203,Star Association,16.25444,-22.3706,,3.5
IC1204,IC1204,Galaxy,16.12097,69.9315,15.3,0.7
IC1205,IC1205,Galaxy,16.23776,9.5372,14.6,0.7
IC1206,IC1206,Galaxy,16.25363,11.2974,14.8,1.1
IC1207,IC1207,Star Association,16.32409,-29.6511,,2.0
IC1208,IC1208,Galaxy,16.26330,36.5273,15.0,1.2
IC1209,IC1209,Galaxy,16.31101,15.5584,14.9,1.4
IC1210,IC1210,Galaxy,16.24171,62.5367,14.6,1.4
IC1211,IC1211,Galaxy,16.28111,53.0060,13.8,1.3
IC1212,IC1212,Galaxy,16.25854,64.2248,15.3,0.8
IC1214,IC1214,Galaxy,16.26992,65.9688,14.9,1.1
IC1215,IC1215,Galaxy,16.25976,68.3977,13.7,0.9
IC1216,IC1216,Galaxy,16.26538,68.3499,14.9,0.8
IC1217,IC1217,Other,16.26781,69.6765,,
IC1218,IC1218,Galaxy,16.27697,68.2026,15.3,0.9
IC1219,IC1219,Galaxy,16.40762,19.4826,15.1,1.3
IC1220,IC1220,Galaxy,16.49397,8.4507,14.7,1.2
IC1221,IC1221,Galaxy,16.57823,46.3921,14.6,1.0
IC1222,IC1222,Galaxy,16.58589,46.2139,13.4,1.5
IC1223,IC1223,Galaxy,16.59513,49.2205,15.3,0.8
IC1224,IC1224,Galaxy,16.71564,19.2544,15.4,1.3
IC1225,IC1225,Galaxy,16.61459,67.6294,15.4,1.4
IC1226,IC1226,Galaxy,16.68516,46.0041,15.3,0.6
IC1228,IC1228,Galaxy,16.70180,65.5855,14.4,1.3
IC1229,IC1229,Galaxy,16.74967,51.3081,16.0,0.4
IC1230,IC1230,Galaxy Pair,16.75041,51.2596,,0.9
IC1231,IC1231,Galaxy,16.78306,58.4232,13.2,1.9
IC1234,IC1234,Star,16.88081,56.8778,,
IC1235,IC1235,Galaxy,16.86768,63.1158,15.0,0.8
IC1236,IC1236,Galaxy,16.97489,20.0415,13.6,1.2
IC1237,IC1237,Galaxy,16.93779,55.0265,14.6,2.0
IC1238,IC1238,Double Star,17.00838,23.0768,,
IC1240,IC1240,Other,17.01635,61.0504,,
IC1241,IC1241,Galaxy,17.02451,63.6911,13.7,1.2
IC1242,IC1242,Galaxy,17.14524,4.0499,14.9,0.8
IC1243,IC1243,Other,17.17349,10.7666,,
IC1244,IC1244,Galaxy,17.17603,36.3033,14.5,1.1
IC1245,IC1245,Galaxy,17.21017,38.0204,14.9,1.9
IC1246,IC1246,Star,17.23674,20.2373,,
IC1247,IC1247,Star,17.27282,-12.7809,,
IC1248,IC1248,Galaxy,17.19449,59.9956,14.6,0.8
IC1249,IC1249,Galaxy,17.24864,35.5201,14.8,0.2
IC1250,IC1250,Galaxy,17.24144,57.4168,15.9,0.6
IC1251,IC1251,Galaxy,17.17025,72.4105,14.3,1.2
IC1252,IC1252,Galaxy,17.26399,57.3668,15.6,1.1
IC1254,IC1254,Galaxy,17.19261,72.4020,13.9,0.9
IC1255,IC1255,Galaxy,17.38483,12.6954,14.2,1.0
IC1256,IC1256,Galaxy,17.39647,26.4865,13.6,1.3
IC1257,IC1257,Globular Cluster,17.45233,-7.0931,,3.3
IC1258,IC1258,Galaxy,17.45483,58.4855,14.4,0.9
IC1259,IC1259,Galaxy Pair,17.45717,58.5167,,0.9
IC1260,IC1260,Galaxy,17.45881,58.4759,15.7,0.4
IC1261,IC1261,Galaxy Pair,17.38982,71.2636,,1.1
IC1262,IC1262,Galaxy,17.55056,43.7596,13.7,1.6
IC1263,IC1263,Galaxy,17.55200,43.8221,14.7,1.6
IC1264,IC1264,Galaxy,17.55468,43.6292,15.5,1.4
IC1265,IC1265,Galaxy,17.61095,42.0884,14.0,1.9
IC1266,IC1266,Planetary Nebula,17.75981,-46.0899,11.2,0.2
IC1267,IC1267,Galaxy,17.64608,59.3731,13.4,1.4
IC1268,IC1268,Galaxy,17.84425,17.2094,15.2,0.7
IC1269,IC1269,Galaxy,17.86833,21.5696,12.8,1.3
IC1270,IC1270,Star,17.79917,62.2234,,
IC1271,IC1271,Nebula,18.08697,-24.4105,,
IC1272,IC1272,Other,18.08215,25.1292,,
IC1273,IC1273,Double Star,18.08410,25.1321,,
IC1274,IC1274,HII Region,18.16418,-23.6482,,20.0
IC1275,IC1275,Nebula,18.16866,-23.7612,,
IC1276,IC1276,Globular Cluster,18.17896,-7.2076,,9.6
IC1277,IC1277,Galaxy,18.17425,31.0032,14.9,1.0
IC1278,IC1278,Other,18.17824,31.1499,,
IC1279,IC1279,Galaxy,18.18761,36.0078,14.4,2.3
IC1281,IC1281,Galaxy Pair,18.19392,35.9922,,1.3
IC1282,IC1282,Other,18.23479,21.1022,,
IC1283,IC1283,HII Region,18.28801,-19.7622,,15.0
IC1284,IC1284,Nebula,18.29434,-19.6720,7.7,17.0
IC1285,IC1285,Other,18.26949,25.1003,,
IC1286,IC1286,Galaxy,18.27063,55.5910,14.7,1.4
IC1287,IC1287,Reflection Nebula,18.52380,-10.7958,6.1,20.0
IC1288,IC1288,Galaxy,18.48957,39.7134,14.2,1.1
IC1289,IC1289,Galaxy,18.50064,39.9640,15.3,0.7
IC1290,IC1290,Star Association,18.64314,-24.0968,,
IC1291,IC1291,Galaxy,18.56460,49.2786,13.0,1.3
IC1292,IC1292,Other,18.74457,-27.8163,,
IC1293,IC1293,Other,18.69351,56.3178,,
IC1294,IC1294,Other,18.83068,40.2094,,
IC1295,IC1295,Planetary Nebula,18.91031,-8.8270,12.5,1.5
IC1296,IC1296,Galaxy,18.88856,33.0666,15.3,1.0
IC1297,IC1297,Planetary Nebula,19.28983,-39.6131,10.7,0.1
IC1298,IC1298,Other,19.30991,-1.5962,,
IC1299,IC1299,Open Cluster,19.37834,20.7396,14.0,2.0
IC1301,IC1301,Galaxy,19.44222,50.1253,14.2,1.4
IC1302,IC1302,Galaxy,19.51469,35.7852,13.3,0.9
IC1303,IC1303,Galaxy,19.52502,35.8766,14.8,1.2
IC1304,IC1304,Star Association,19.59291,41.1118,,
IC1305,IC1305,Other,19.65475,20.1943,,
IC1306,IC1306,Star Association,19.69477,37.6852,,
IC1307,IC1307,Star Association,19.70892,27.7526,,
IC1308,IC1308,HII Region,19.75146,-14.7203,,
IC1309,IC1309,Galaxy,20.05042,-17.2321,15.1,0.9
IC1310,IC1310,Cluster + Nebula,20.16694,34.9689,,15.0
IC1311,IC1311,Open Cluster,20.17995,41.1739,13.1,6.3
IC1312,IC1312,Other,20.28097,18.0460,,
IC1313,IC1313,Galaxy,20.31213,-16.9460,15.0,1.6
IC1314,IC1314,Star Association,20.29722,25.0898,,
IC1315,IC1315,Other,20.28943,30.6891,,
IC1316,IC1316,Other,20.37384,6.5017,,
IC1317,IC1317,Galaxy,20.38766,0.6647,13.7,0.8
IC1318,gam Cyg,Star,20.37047,40.2567,2.2,
IC1319,IC1319,Galaxy,20.43387,-18.5041,14.8,0.8
IC1320,IC1320,Galaxy,20.44046,2.9097,14.4,1.1
IC1321,IC1321,Galaxy,20.46974,-18.2915,15.2,1.1
IC1322,IC1322,Galaxy,20.50236,-15.2278,15.5,1.1
IC1323,IC1323,Double Star,20.50806,-15.1819,,
IC1324,IC1324,Galaxy,20.53675,-9.0561,14.3,1.2
IC1327,IC1327,Galaxy,20.59480,-0.0058,14.9,0.9
IC1328,IC1328,Galaxy,20.69918,-19.6331,14.9,0.9
IC1329,IC1329,Other,20.72836,15.5974,,
IC1330,IC1330,Galaxy,20.77082,-14.0232,,1.2
IC1331,IC1331,Galaxy,20.79688,-9.9959,14.7,1.8
IC1332,IC1332,Galaxy,20.86428,-13.7115,15.9,1.2
IC1333,IC1333,Galaxy,20.87144,-16.2858,15.5,1.4
IC1335,IC1335,Galaxy,20.88503,-16.3354,16.0,0.9
IC1336,IC1336,Galaxy,20.91803,-18.0387,15.3,0.9
IC1337,IC1337,Galaxy,20.94797,-16.5858,14.7,0.8
IC1338,IC1338,Galaxy,20.94940,-16.4926,15.6,0.8
IC1339,IC1339,Galaxy,20.96542,-17.9428,14.2,1.5
IC1340,IC1340,Supernova Remnant,20.93563,31.0479,,25.1
IC1341,IC1341,Galaxy,21.00463,-13.9763,15.2,0.9
IC1342,IC1342,Galaxy,21.00707,-14.4959,,1.1
IC1343,IC1343,Galaxy,21.01685,-15.4037,15.2,1.0
IC1344,IC1344,Galaxy,21.02124,-13.3803,14.6,1.1
IC1345,IC1345,Galaxy,21.02283,-13.3976,15.6,0.5
IC1346,IC1346,Galaxy,21.02695,-13.9607,14.9,1.2
IC1347,IC1347,Galaxy,21.02900,-13.3133,15.6,1.4
IC1348,IC1348,Galaxy,21.02892,-13.3580,15.6,0.4
IC1349,IC1349,Galaxy,21.03068,-13.2655,15.5,0.7
IC1350,IC1350,Galaxy,21.03119,-13.8527,14.8,0.9
IC1351,IC1351,Galaxy,21.03123,-13.2019,15.7,0.7
IC1352,IC1352,Galaxy,21.03192,-13.3841,16.4,0.5
IC1353,IC1353,Galaxy,21.03231,-13.2728,16.4,0.5
IC1355,IC1355,Galaxy,21.03289,-13.1730,15.7,0.4
IC1356,IC1356,Galaxy,21.04806,-15.8116,15.2,0.8
IC1357,IC1357,Galaxy,21.09925,-10.7162,15.8,1.3
IC1358,IC1358,Galaxy,21.10817,-16.2044,15.7,0.5
IC1359,IC1359,Galaxy,21.14528,12.4843,14.7,1.2
IC1360,IC1360,Galaxy,21.18064,5.0714,15.4,0.8
IC1361,IC1361,Galaxy,21.19143,5.0543,15.4,0.8
IC1362,IC1362,Galaxy,21.19796,2.3290,15.9,0.6
IC1363,IC1363,Open Cluster,21.17789,46.8701,,
IC1364,IC1364,Galaxy,21.22352,2.7697,13.4,1.1
IC1365,IC1365,Galaxy Group,21.23220,2.5654,,1.0
IC1366,IC1366,Galaxy,21.23556,1.7761,15.8,0.8
IC1367,IC1367,Galaxy,21.23603,2.9938,15.5,0.7
IC1368,IC1368,Galaxy,21.23683,2.1780,14.3,1.4
IC1369,IC1369,Open Cluster,21.20251,47.7685,,5.1
IC1370,IC1370,Galaxy,21.25396,2.1920,15.1,0.7
IC1371,IC1371,Galaxy,21.33768,-4.8765,15.0,1.4
IC1372,IC1372,Galaxy,21.33808,-5.6046,15.0,0.8
IC1373,IC1373,Galaxy,21.34368,1.0924,15.3,0.9
IC1374,IC1374,Galaxy,21.35074,1.7130,15.8,0.6
IC1375,IC1375,Galaxy,21.34994,3.9854,15.2,0.6
IC1376,IC1376,Other,21.41142,-5.7424,,
IC1377,IC1377,Galaxy,21.42406,4.3142,14.8,0.7
IC1378,IC1378,Other,21.38103,55.4643,,
IC1379,IC1379,Galaxy,21.43368,3.0974,15.7,0.6
IC1380,IC1380,Galaxy,21.45306,2.7177,15.7,0.7
IC1381,IC1381,Galaxy,21.45936,-1.1886,15.5,0.9
IC1383,IC1383,Galaxy,21.46101,-1.1022,15.9,0.6
IC1384,IC1384,Galaxy,21.46474,-1.3686,15.4,0.8
IC1385,IC1385,Galaxy,21.48089,-1.0701,18.2,0.6
IC1386,IC1386,Galaxy,21.49373,-21.1957,13.1,1.0
IC1387,IC1387,Galaxy,21.49291,-1.3509,15.0,0.5
IC1388,IC1388,Galaxy,21.49783,-0.6313,15.0,0.8
IC1389,IC1389,Galaxy,21.53551,-18.0184,15.5,0.8
IC1390,IC1390,Galaxy,21.54022,-1.8625,15.1,0.7
IC1391,IC1391,Galaxy,21.58344,-0.5114,15.8,0.6
IC1392,IC1392,Galaxy,21.59241,35.3983,12.9,1.5
IC1393,IC1393,Galaxy,21.67063,-22.4114,15.6,0.7
IC1394,IC1394,Galaxy,21.67029,14.6330,14.8,1.2
IC1395,IC1395,Galaxy,21.69484,4.1045,15.4,0.7
IC1396,IC1396,Cluster + Nebula,21.64934,57.4891,,14.0
IC1397,IC1397,Galaxy,21.73398,-4.8848,15.3,0.8
IC1398,IC1398,Galaxy,21.76429,9.4753,15.3,0.8
IC1399,IC1399,Galaxy,21.76914,4.4022,15.6,0.7
IC1400,IC1400,Star Association,21.73786,52.9670,,
IC1401,IC1401,Galaxy,21.78319,1.7127,13.7,1.7
IC1402,IC1402,Star Association,21.74971,53.2625,,
IC1403,IC1403,Galaxy,21.84141,-2.7162,16.4,0.5
IC1404,IC1404,Galaxy,21.84899,-9.2666,14.6,1.0
IC1405,IC1405,Galaxy,21.84718,2.0208,15.1,0.9
IC1406,IC1406,Galaxy,21.85135,1.9871,15.6,0.6
IC1407,IC1407,Galaxy,21.87318,3.4272,15.1,0.8
IC1408,IC1408,Galaxy,21.88584,-13.3468,14.9,1.0
IC1409,IC1409,Galaxy,21.88878,-7.4999,15.6,0.7
IC1410,IC1410,Galaxy,21.93393,-2.9003,15.5,0.8
IC1411,IC1411,Galaxy,21.93350,-1.5171,14.4,0.9
IC1412,IC1412,Galaxy,21.97179,-17.1762,14.6,1.3
IC1413,IC1413,Galaxy,21.97406,-3.1024,15.7,0.9
IC1414,IC1414,Galaxy,21.97168,8.4238,15.2,0.5
IC1415,IC1415,Other,21.97851,1.3504,,
IC1416,IC1416,Other,21.98041,1.4516,,
IC1417,IC1417,Galaxy,22.00600,-13.1474,14.0,1.6
IC1418,IC1418,Galaxy,22.03331,4.3843,15.2,0.9
IC1419,IC1419,Galaxy,22.04968,-9.9210,16.1,0.5
IC1420,IC1420,Galaxy Pair,22.04221,19.7501,,1.3
IC1421,IC1421,Galaxy,22.05112,-9.9782,15.4,0.6
IC1422,IC1422,Galaxy,22.05002,2.5989,15.8,0.5
IC1423,IC1423,Galaxy,22.05353,4.2976,14.8,0.9
IC1424,IC1424,Star,22.05261,11.1971,,
IC1425,IC1425,Galaxy,22.05681,2.5949,15.1,0.8
IC1426,IC1426,Double Star,22.06424,-9.9193,,
IC1427,IC1427,Galaxy,22.05977,15.1068,15.2,1.1
IC1428,IC1428,Galaxy,22.07435,2.6309,15.6,0.7
IC1429,IC1429,Star,22.11735,10.1092,,
IC1430,IC1430,Galaxy,22.12495,-13.5812,15.6,0.6
IC1431,IC1431,Galaxy,22.12767,-13.5134,15.3,0.8
IC1432,IC1432,Galaxy,22.16777,3.6896,16.8,0.4
IC1433,IC1433,Galaxy Triplet,22.20283,-12.7653,,1.0
IC1434,IC1434,Open Cluster,22.17838,52.8501,,4.8
IC1435,IC1435,Galaxy,22.22397,-22.0967,13.9,1.1
IC1436,IC1436,Galaxy,22.23096,-10.1918,16.1,0.6
IC1437,IC1437,Galaxy,22.26250,2.0659,14.8,1.1
IC1438,IC1438,Galaxy,22.27475,-21.4307,12.8,2.3
IC1439,IC1439,Galaxy,22.27782,-21.4859,14.8,1.2
IC1440,IC1440,Galaxy,22.27589,-16.0164,14.9,1.7
IC1441,IC1441,Galaxy,22.25532,37.3015,15.4,1.1
IC1442,IC1442,Open Cluster,22.26704,53.9913,9.1,4.2
IC1443,IC1443,Galaxy,22.31768,-20.9399,13.5,1.6
IC1444,IC1444,Galaxy,22.37331,5.1392,15.8,0.6
IC1445,IC1445,Galaxy,22.42509,-17.2433,12.7,1.4
IC1446,IC1446,Galaxy,22.48464,-1.1849,15.5,0.8
IC1447,IC1447,Galaxy,22.49994,-5.1199,13.7,1.5
IC1449,IC1449,Galaxy,22.58528,-8.7653,15.2,0.6
IC1450,IC1450,Double Star,22.63276,34.5355,,
IC1451,IC1451,Galaxy,22.76874,-10.3694,15.0,0.9
IC1453,IC1453,Galaxy,22.78173,-13.4496,15.1,0.8
IC1454,IC1454,Planetary Nebula,22.70695,80.4422,14.0,0.5
IC1455,IC1455,Galaxy,22.89613,1.3720,14.6,1.0
IC1456,IC1456,Galaxy,22.92172,-12.7320,15.9,0.9
IC1457,IC1457,Other,22.92327,-5.5627,,
IC1459,IC1459,Galaxy,22.95295,-36.4622,10.5,4.6
IC1460,IC1460,Galaxy,22.95113,4.6770,14.3,0.6
IC1461,IC1461,Galaxy,22.97619,15.1728,15.0,0.6
IC1462,IC1462,Star,22.97699,8.4413,,
IC1463,IC1463,Double Star,22.98915,-10.5309,,
IC1464,IC1464,Galaxy Pair,23.05322,-8.9908,,1.2
IC1464A,IC1464A,Galaxy,23.05336,-8.9930,15.3,0.3
IC1464B,IC1464B,Galaxy,23.05307,-8.9892,15.5,0.7
IC1465,IC1465,Other,23.04811,16.5825,,
IC1466,IC1466,Galaxy,23.06085,-2.7754,14.6,0.6
IC1467,IC1467,Galaxy,23.08047,-3.2299,14.8,0.8
IC1468,IC1468,Galaxy,23.08544,-3.2045,15.2,1.1
IC1469,IC1469,Galaxy,23.10796,-13.5366,,0.5
IC1470,IC1470,HII Region,23.08617,60.2441,11.5,1.8
IC1471,IC1471,Galaxy,23.14579,-12.6394,14.6,1.1
IC1472,IC1472,Galaxy,23.15186,17.2591,15.2,1.0
IC1473,IC1473,Galaxy,23.18484,29.6434,14.2,1.7
IC1474,IC1474,Galaxy,23.21424,5.8064,13.9,1.0
IC1475,IC1475,Other,23.23395,-28.4224,,
IC1476,IC1476,Galaxy,23.23788,30.5515,15.5,0.9
IC1479,IC1479,Galaxy,23.31289,-10.3993,14.6,1.2
IC1481,IC1481,Galaxy,23.32364,5.9062,14.4,0.7
IC1482,IC1482,Galaxy,23.34709,1.7390,15.1,0.8
IC1484,IC1484,Galaxy,23.37776,11.3845,17.8,0.6
IC1488,IC1488,Galaxy,23.42738,15.3544,15.7,1.1
IC1489,IC1489,Galaxy,23.44226,-12.5165,15.1,0.5
IC1490,IC1490,Galaxy,23.98631,-4.1270,14.5,1.4
IC1491,IC1491,Galaxy,23.49019,-16.3166,15.0,0.8
IC1492,IC1492,Galaxy,23.51003,-3.0399,14.4,1.5
IC1493,IC1493,Galaxy,23.50764,14.4589,16.6,0.5
IC1494,IC1494,Galaxy,23.51282,-12.7245,15.8,0.7
IC1495,IC1495,Galaxy,23.51326,-13.4854,13.0,1.3
IC1496,IC1496,Galaxy,23.51486,-2.9343,14.4,1.6
IC1497,IC1497,Other,23.48058,11.9870,,
IC1498,IC1498,Galaxy,23.53157,-5.0070,14.0,2.2
IC1499,IC1499,Double Star,23.53251,-13.4397,,
IC1500,IC1500,Galaxy,23.55260,4.5525,15.2,0.5
IC1501,IC1501,Galaxy,23.57779,-3.1528,14.6,1.5
IC1502,IC1502,Galaxy,23.60570,75.6481,14.7,1.0
IC1503,IC1503,Galaxy,23.64086,4.8014,14.3,0.9
IC1504,IC1504,Galaxy,23.68875,4.0175,14.4,1.6
IC1505,IC1505,Galaxy,23.69364,-3.5651,14.7,0.6
IC1506,IC1506,Galaxy,23.74678,4.7357,15.5,0.9
IC1507,IC1507,Galaxy,23.75921,1.6887,14.7,1.3
IC1508,IC1508,Galaxy,23.76530,12.0617,13.4,0.8
IC1509,IC1509,Galaxy,23.78797,-15.3064,15.2,1.3
IC1510,IC1510,Galaxy Group,23.84244,2.0733,,1.0
IC1511,IC1511,Star,23.85013,27.0609,,
IC1512,IC1512,Star,23.85040,27.0271,,
IC1513,IC1513,Galaxy,23.89149,11.3176,15.0,1.1
IC1515,IC1515,Galaxy,23.93442,-0.9885,14.4,1.3
IC1516,IC1516,Galaxy,23.93530,-0.9165,14.1,1.2
IC1517,IC1517,Galaxy,23.93856,-0.3056,14.6,1.0
IC1518,IC1518,Galaxy,23.95170,12.4650,15.9,0.5
IC1519,IC1519,Galaxy,23.95232,12.4576,15.9,0.6
IC1520,IC1520,Galaxy,23.96513,-14.0393,14.7,0.6
IC1521,IC1521,Galaxy,23.98324,-7.1468,15.0,0.9
IC1522,IC1522,Galaxy,23.98429,1.7199,15.2,0.8
IC1523,IC1523,Galaxy,23.98517,6.8731,16.3,0.4
IC1525,IC1525,Galaxy,23.98771,46.8897,13.2,1.8
IC1526,IC1526,Galaxy,0.02542,11.3459,15.1,0.7
IC1527,IC1527,Galaxy,0.03933,4.0897,15.4,0.9
IC1528,IC1528,Galaxy,0.08482,-7.0934,13.6,2.1
IC1529,IC1529,Galaxy,0.08699,-11.5028,14.5,1.1
IC1531,IC1531,Galaxy,0.15988,-32.2770,13.5,1.9
IC1532,IC1532,Galaxy,0.16467,-64.3721,14.8,1.8
IC1533,IC1533,Other,0.17678,-7.4151,,
IC1534,IC1534,Galaxy,0.22929,48.1514,15.1,1.0
IC1535,IC1535,Galaxy,0.23259,48.1580,15.2,1.0
IC1536,IC1536,Galaxy,0.23861,48.1433,15.5,0.8
IC1537,IC1537,Other,0.26424,-39.2621,16.0,1.3
IC1538,IC1538,Other,0.30043,30.0293,,
IC1540,IC1540,Galaxy,0.33021,23.7726,14.9,1.0
IC1541,IC1541,Galaxy,0.33388,21.9998,15.6,0.7
IC1542,IC1542,Galaxy,0.34477,22.5924,15.0,0.5
IC1543,IC1543,Galaxy,0.34874,21.8660,14.2,0.8
IC1544,IC1544,Galaxy,0.35486,23.0909,14.1,1.1
IC1545,IC1545,Galaxy,0.35581,21.9834,16.7,0.5
IC1547,IC1547,Other,0.35991,22.5064,,
IC1548,IC1548,Galaxy,0.36532,22.0063,15.6,0.7
IC1549,IC1549,Galaxy,0.38051,6.9643,15.0,1.4
IC1550,IC1550,Galaxy,0.40768,38.1856,15.0,0.9
IC1551,IC1551,Galaxy,0.45986,8.8775,14.9,2.4
IC1552,IC1552,Galaxy,0.49547,21.4768,15.3,0.9
IC1553,IC1553,Galaxy,0.54448,-25.6075,14.4,1.4
IC1554,IC1554,Galaxy,0.55204,-32.2584,13.8,1.4
IC1555,IC1555,Galaxy,0.57573,-30.0179,14.3,1.3
IC1556,IC1556,Galaxy,0.58414,-9.3684,15.2,0.8
IC1557,IC1557,Galaxy,0.59292,-2.8764,15.5,0.7
IC1558,IC1558,Galaxy,0.59641,-25.3744,12.5,2.8
IC1560,IC1560,Other,0.62756,2.6716,,
IC1561,IC1561,Galaxy,0.64236,-24.3399,15.2,1.4
IC1562,IC1562,Galaxy,0.64277,-24.2741,13.6,1.5
IC1564,IC1564,Galaxy,0.65143,6.0211,14.8,1.0
IC1565,IC1565,Galaxy,0.65730,6.7343,14.5,1.8
IC1566,IC1566,Galaxy,0.65927,6.8151,15.4,0.9
IC1568,IC1568,Galaxy,0.66554,6.8486,15.7,1.1
IC1569,IC1569,Galaxy,0.67445,6.7197,15.7,0.7
IC1570,IC1570,Galaxy,0.67614,6.7527,16.4,0.6
IC1571,IC1571,Galaxy,0.67718,-0.3307,14.6,1.1
IC1572,IC1572,Other,0.68669,16.2375,,
IC1573,IC1573,Galaxy,0.70291,-23.5916,16.7,1.3
IC1574,IC1574,Galaxy,0.71773,-22.2469,13.9,1.8
IC1575,IC1575,Galaxy,0.72593,-4.1178,14.8,0.9
IC1576,IC1576,Galaxy,0.73726,-25.1093,15.6,0.8
IC1578,IC1578,Galaxy,0.74054,-25.0768,15.3,0.8
IC1579,IC1579,Galaxy,0.75901,-26.5654,14.8,1.0
IC1580,IC1580,Other,0.77259,29.9366,,
IC1581,IC1581,Galaxy,0.76287,-25.9202,16.2,1.0
IC1582,IC1582,Galaxy,0.77134,-24.2793,15.8,1.2
IC1583,IC1583,Galaxy,0.78619,23.0738,15.3,0.6
IC1584,IC1584,Galaxy,0.78849,27.8277,15.0,1.4
IC1585,IC1585,Galaxy,0.78731,23.0536,15.1,0.8
IC1586,IC1586,Galaxy,0.79898,22.3729,14.7,0.3
IC1587,IC1587,Galaxy,0.81203,-23.5617,15.6,1.2
IC1588,IC1588,Galaxy,0.84936,-23.5579,16.4,0.7
IC1589,IC1589,Double Star,0.86649,-34.4221,,
IC1590,IC1590,Cluster + Nebula,0.88061,56.6430,,6.3
IC1592,IC1592,Galaxy,0.89084,5.7704,15.4,0.9
IC1593,IC1593,Double Star,0.91101,32.5195,,
IC1594,IC1594,Galaxy,0.89592,-47.6475,15.2,1.2
IC1595,IC1595,Galaxy,0.89640,-45.1866,15.4,1.4
IC1596,IC1596,Galaxy,0.91190,21.5226,15.0,1.9
IC1597,IC1597,Galaxy,0.89225,-58.1071,15.0,1.6
IC1598,IC1598,Galaxy,0.91160,5.7738,15.0,1.0
IC1599,IC1599,Galaxy,0.90911,-23.4949,15.5,1.2
IC1600,IC1600,Galaxy,0.91784,-23.5249,15.5,0.8
IC1601,IC1601,Galaxy,0.92634,-24.1534,14.5,0.9
IC1602,IC1602,Galaxy,0.93108,-9.9857,15.4,1.1
IC1603,IC1603,Galaxy,0.94991,-45.4129,14.6,1.4
IC1604,IC1604,Other,0.96637,-16.2301,,
IC1605,IC1605,Galaxy,0.96046,-48.9027,12.9,1.7
IC1606,IC1606,Other,0.97283,-12.1785,,
IC1607,IC1607,Galaxy,0.98024,0.5873,14.4,0.9
IC1608,IC1608,Galaxy,0.99010,-34.3289,13.7,2.0
IC1609,IC1609,Galaxy,0.99628,-40.3336,13.7,1.1
IC1610,IC1610,Galaxy,1.02849,-15.5678,13.9,1.6
IC1611,IC1611,Open Cluster,0.99664,-72.3323,12.0,1.5
IC1612,IC1612,Open Cluster,0.99961,-72.3707,12.3,1.2
IC1613,IC1613,Galaxy,1.07994,2.1178,9.5,18.3
IC1614,IC1614,Galaxy,1.08527,33.1898,17.6,0.6
IC1615,IC1615,Galaxy,1.06862,-51.1331,14.3,1.3
IC1616,IC1616,Galaxy,1.08227,-27.4294,12.9,1.6
IC1617,IC1617,Galaxy,1.07133,-51.0328,14.6,1.4
IC1618,IC1618,Galaxy,1.09888,32.4122,15.6,0.9
IC1619,IC1619,Galaxy,1.12290,33.0673,15.2,0.8
IC1620,IC1620,Galaxy,1.12062,13.9551,14.6,1.0
IC1621,IC1621,Galaxy,1.10629,-46.7255,14.6,1.4
IC1622,IC1622,Galaxy,1.12685,-17.5386,14.6,0.7
IC1623,IC1623,Galaxy Pair,1.12977,-17.5070,,1.2
IC1623A,IC1623A,Galaxy,1.12964,-17.5072,14.3,1.1
IC1623B,IC1623B,Galaxy,1.12988,-17.5070,13.9,0.8
IC1624,IC1624,Open Cluster,1.08940,-72.0425,12.4,0.9
IC1625,IC1625,Galaxy,1.12850,-46.9076,12.1,1.8
IC1626,IC1626,Open Cluster,1.10373,-73.2961,13.8,1.0
IC1627,IC1627,Galaxy,1.13634,-46.0941,13.7,1.6
IC1628,IC1628,Galaxy,1.14654,-28.5823,12.5,1.6
IC1629,IC1629,Galaxy,1.15506,2.5675,16.0,0.8
IC1630,IC1630,Galaxy,1.13799,-46.7540,15.2,1.6
IC1631,IC1631,Galaxy,1.14580,-46.4758,14.2,0.8
IC1632,IC1632,Galaxy,1.17872,17.6833,16.5,0.2
IC1633,IC1633,Galaxy,1.16544,-45.9312,11.4,2.9
IC1634,IC1634,Galaxy,1.18439,17.6631,15.7,0.8
IC1635,IC1635,Galaxy,1.18431,17.6520,15.6,1.1
IC1636,IC1636,Galaxy,1.19304,33.3654,15.0,0.6
IC1637,IC1637,Galaxy,1.18365,-30.4385,12.9,1.7
IC1638,IC1638,Galaxy,1.20606,33.3645,14.9,0.8
IC1639,IC1639,Galaxy,1.19626,-0.6644,14.4,0.8
IC1640,IC1640,Galaxy,1.19758,-0.6304,15.4,0.2
IC1641,IC1641,Open Cluster,1.16089,-71.7690,15.0,0.8
IC1643,IC1643,Galaxy,1.20240,-0.4102,15.2,0.9
IC1644,IC1644,HII Region,1.15361,-73.1941,11.7,0.8
IC1645,IC1645,Galaxy,1.20759,15.7501,14.4,0.9
IC1646,IC1646,Galaxy,1.21218,15.7078,15.1,0.7
IC1647,IC1647,Galaxy,1.22073,38.8853,15.1,0.9
IC1648,IC1648,Galaxy,1.22837,33.2182,15.1,0.4
IC1649,IC1649,Galaxy,1.19748,-55.8573,14.7,1.9
IC1650,IC1650,Galaxy,1.20530,-50.4017,13.6,1.3
IC1651,IC1651,Other,1.22432,2.0692,,
IC1652,IC1652,Galaxy,1.24896,31.9485,14.2,1.3
IC1654,IC1654,Galaxy,1.25330,30.1948,14.5,1.0
IC1655,IC1655,Open Cluster,1.19836,-71.3306,14.0,1.7
IC1657,IC1657,Galaxy,1.23528,-32.6509,13.1,2.3
IC1659,IC1659,Galaxy,1.26834,30.3491,14.6,0.8
IC1660,IC1660,Open Cluster,1.21046,-71.7618,13.5,1.1
IC1662,IC1662,Open Cluster,1.20910,-73.4567,14.0,1.2
IC1664,IC1664,Other,1.23847,-69.8115,,
IC1665,IC1665,Other,1.29581,34.7017,,
IC1666,IC1666,Galaxy,1.33150,32.4673,14.3,0.9
IC1667,IC1667,Galaxy,1.31176,-17.0502,15.4,1.0
IC1668,IC1668,Galaxy,1.31475,33.1731,15.8,0.3
IC1669,IC1669,Galaxy,1.33523,33.1847,15.7,0.8
IC1670,IC1670,Galaxy Pair,1.31411,-16.8028,,3.0
IC1670A,IC1670A,Galaxy,1.31357,-16.8034,14.8,1.6
IC1670B,IC1670B,Galaxy,1.31468,-16.8034,14.5,2.0
IC1672,IC1672,Galaxy,1.34394,29.6988,13.9,1.4
IC1673,IC1673,Galaxy,1.34621,33.0449,14.8,0.5
IC1674,IC1674,Galaxy,1.32179,-50.9636,14.9,0.5
IC1675,IC1675,Galaxy,1.34997,34.2486,14.3,0.7
IC1676,IC1676,Galaxy,1.34961,30.2595,15.6,0.6
IC1677,IC1677,Galaxy,1.35197,33.2161,15.2,0.7
IC1678,IC1678,Galaxy,1.35070,5.5605,15.3,0.3
IC1679,IC1679,Galaxy,1.36239,33.4936,15.5,0.6
IC1680,IC1680,Galaxy,1.36422,33.2825,14.9,0.7
IC1681,IC1681,Galaxy,1.35592,0.0904,14.9,1.0
IC1682,IC1682,Galaxy,1.37036,33.2603,14.3,0.9
IC1683,IC1683,Galaxy,1.37750,34.4369,14.1,1.3
IC1684,IC1684,Galaxy,1.38144,33.4136,15.8,0.7
IC1685,IC1685,Galaxy,1.38517,33.1894,,0.4
IC1687,IC1687,Galaxy,1.38864,33.2753,14.8,0.7
IC1688,IC1688,Galaxy,1.39114,33.0831,16.4,0.4
IC1689,IC1689,Galaxy,1.39663,33.0553,14.8,0.6
IC1690,IC1690,Galaxy,1.39709,33.1563,15.0,0.5
IC1691,IC1691,Galaxy,1.40717,33.4069,16.3,0.5
IC1692,IC1692,Galaxy,1.41099,33.2358,15.6,0.5
IC1693,IC1693,Galaxy,1.40067,-1.6570,16.0,0.7
IC1694,IC1694,Galaxy,1.41328,1.6072,14.8,1.1
IC1695,IC1695,Galaxy,1.41879,8.6995,15.3,1.8
IC1696,IC1696,Galaxy,1.41454,-1.6171,13.6,0.8
IC1697,IC1697,Galaxy,1.41748,0.4444,15.0,0.8
IC1698,IC1698,Galaxy,1.42282,14.8387,14.8,1.9
IC1701,IC1701,Galaxy,1.43067,18.1845,15.3,0.8
IC1702,IC1702,Galaxy,1.43230,16.6018,14.4,1.1
IC1704,IC1704,Galaxy,1.45265,14.7763,14.3,1.1
IC1705,IC1705,Galaxy,1.44579,-3.5015,14.4,0.6
IC1706,IC1706,Galaxy,1.45862,14.8196,15.6,0.5
IC1707,IC1707,Other,1.46676,37.1171,,
IC1708,IC1708,Open Cluster,1.41558,-71.1844,14.3,1.2
IC1711,IC1711,Galaxy,1.51535,17.1886,14.7,2.5
IC1713,IC1713,Star,1.54550,35.3245,,
IC1714,IC1714,Galaxy,1.54810,-13.0250,16.6,0.6
IC1715,IC1715,Galaxy,1.55948,12.5854,14.5,0.7
IC1716,IC1716,Star,1.55746,-12.3079,,
IC1717,IC1717,Other,1.54176,-67.5368,,
IC1718,IC1718,Galaxy,1.64076,33.3665,15.0,0.7
IC1719,IC1719,Galaxy,1.62664,-33.9241,14.0,1.5
IC1720,IC1720,Galaxy,1.67266,-28.9127,13.8,1.2
IC1721,IC1721,Galaxy,1.69012,8.5255,14.6,1.1
IC1722,IC1722,Galaxy,1.71742,-34.1877,14.8,1.5
IC1723,IC1723,Galaxy,1.72061,8.8894,14.1,2.5
IC1724,IC1724,Galaxy,1.71936,-34.2419,14.2,1.3
IC1725,IC1725,Galaxy,1.75329,21.7766,15.3,0.5
IC1726,IC1726,Galaxy,1.75546,4.6185,14.6,0.3
IC1727,IC1727,Galaxy,1.79164,27.3334,11.6,6.5
IC1728,IC1728,Galaxy,1.79569,-33.6015,13.3,1.3
IC1729,IC1729,Galaxy,1.79868,-26.8921,12.5,2.2
IC1730,IC1730,Galaxy,1.83276,22.0121,15.6,0.8
IC1731,IC1731,Galaxy,1.83676,27.1962,14.1,1.4
IC1732,IC1732,Galaxy,1.84664,35.9327,14.8,1.3
IC1733,IC1733,Galaxy,1.84525,33.0820,13.0,1.5
IC1734,IC1734,Galaxy,1.82140,-32.7426,12.9,1.6
IC1735,IC1735,Galaxy,1.84771,33.0923,15.1,0.8
IC1736,IC1736,Galaxy,1.84811,18.3028,14.9,1.0
IC1737,IC1737,Other,1.86187,36.2512,,
IC1738,IC1738,Galaxy,1.85219,-9.7920,14.7,0.9
IC1739,IC1739,Galaxy,1.84156,-34.0556,14.8,0.9
IC1740,IC1740,Double Star,1.81432,-30.0860,,
IC1741,IC1741,Galaxy,1.86576,-16.7880,15.5,1.1
IC1742,IC1742,Galaxy,1.88729,22.7214,15.2,0.7
IC1745,IC1745,Galaxy,1.88308,-16.6690,16.1,0.8
IC1746,IC1746,Galaxy,1.90675,4.8039,15.0,1.6
IC1747,IC1747,Planetary Nebula,1.95992,63.3218,12.0,0.2
IC1748,IC1748,Galaxy,1.93579,17.6413,14.7,0.7
IC1749,IC1749,Galaxy,1.93642,6.7449,14.7,1.1
IC1750,IC1750,Galaxy,1.93849,4.0763,15.3,1.0
IC1752,IC1752,Galaxy,1.95428,28.6135,16.3,0.6
IC1753,IC1753,Galaxy,1.95536,28.5892,14.9,0.8
IC1754,IC1754,Galaxy,1.94719,4.0256,15.4,0.9
IC1755,IC1755,Galaxy,1.95272,14.5499,14.7,1.5
IC1756,IC1756,Galaxy,1.95148,-0.4682,15.6,1.3
IC1757,IC1757,Galaxy,1.95316,-0.4740,16.7,0.4
IC1758,IC1758,Galaxy,1.94791,-16.5421,15.2,0.6
IC1759,IC1759,Galaxy,1.96538,-32.9871,13.9,1.5
IC1760,IC1760,Galaxy,1.95686,-31.9883,16.6,0.6
IC1761,IC1761,Galaxy,1.98119,0.5683,15.5,0.6
IC1762,IC1762,Galaxy,1.96351,-33.2398,14.3,1.7
IC1763,IC1763,Galaxy,1.98660,-27.8107,14.6,1.1
IC1764,IC1764,Galaxy,2.00649,24.5806,14.4,1.2
IC1767,IC1767,Galaxy,1.99983,-11.0790,14.8,1.7
IC1768,IC1768,Galaxy,2.01385,-25.0267,14.8,1.4
IC1769,IC1769,Galaxy,2.01526,-31.9198,15.5,0.9
IC1770,IC1770,Galaxy,2.03733,9.9809,15.3,1.4
IC1771,IC1771,Galaxy,2.03774,9.9686,15.3,0.8
IC1772,IC1772,Galaxy,2.04526,7.7455,,0.7
IC1774,IC1774,Galaxy,2.06639,15.3181,13.6,1.4
IC1775,IC1775,Galaxy,2.08821,13.5057,15.5,0.8
IC1776,IC1776,Galaxy,2.08756,6.1068,14.3,1.3
IC1777,IC1777,Galaxy,2.10242,15.2095,15.4,0.9
IC1779,IC1779,Galaxy,2.10720,3.7060,15.2,0.4
IC1780,IC1780,Galaxy,2.11421,14.7219,15.5,0.6
IC1781,IC1781,Galaxy,2.11466,-0.5181,15.9,0.7
IC1783,IC1783,Galaxy,2.16837,-32.9399,12.5,2.0
IC1784,IC1784,Galaxy,2.27022,32.6495,13.1,1.4
IC1785,IC1785,Galaxy,2.27251,32.6665,15.6,0.8
IC1786,IC1786,Galaxy,2.26823,5.1455,15.5,0.7
IC1788,IC1788,Galaxy,2.26388,-31.2010,12.4,2.5
IC1789,IC1789,Galaxy,2.29755,32.3960,14.7,1.9
IC1790,IC1790,Galaxy,2.29383,12.5090,15.7,0.8
IC1791,IC1791,Galaxy,2.29482,12.4706,14.5,1.1
IC1792,IC1792,Galaxy,2.31697,34.4624,14.9,1.4
IC1793,IC1793,Galaxy,2.35900,32.5445,14.8,1.3
IC1794,IC1794,Galaxy,2.35838,15.7616,15.0,0.9
IC1795,IC1795,HII Region,2.44221,62.0416,,12.0
IC1796,IC1796,Galaxy,2.37981,-41.3711,13.7,1.1
IC1797,IC1797,Galaxy,2.42441,20.3953,15.2,1.0
IC1798,IC1798,Galaxy,2.43764,13.4308,,0.3
IC1799,IC1799,Galaxy,2.47942,45.9706,14.9,0.8
IC1800,IC1800,Other,2.47532,31.4097,,
IC1801,IC1801,Galaxy,2.47021,19.5833,14.0,1.2
IC1802,IC1802,Galaxy,2.48722,23.0827,13.4,1.0
IC1803,IC1803,Galaxy,2.49721,23.1086,15.7,0.5
IC1804,IC1804,Galaxy,2.49845,23.0971,15.8,1.0
IC1805,IC1805,Cluster + Nebula,2.54486,61.4569,6.5,60.0
IC1806,IC1806,Galaxy,2.49304,22.9432,15.7,0.6
IC1807,IC1807,Galaxy,2.50861,22.9497,15.6,0.6
IC1809,IC1809,Galaxy,2.52787,22.9172,15.0,0.8
IC1810,IC1810,Galaxy,2.49079,-43.0763,14.2,1.4
IC1811,IC1811,Galaxy,2.51061,-34.2642,14.4,1.1
IC1812,IC1812,Galaxy,2.49216,-42.8114,12.2,2.1
IC1813,IC1813,Galaxy,2.51375,-34.2209,14.3,1.1
IC1815,IC1815,Galaxy,2.57222,32.4295,14.3,1.4
IC1816,IC1816,Galaxy,2.53083,-36.6721,14.3,1.3
IC1817,IC1817,Galaxy Pair,2.56394,11.2033,,0.9
IC1818,IC1818,Galaxy,2.56865,-11.0407,15.3,0.8
IC1819,IC1819,Galaxy,2.59495,4.0518,15.0,2.0
IC1820,IC1820,Galaxy,2.59796,6.0406,15.2,0.5
IC1821,IC1821,Galaxy Pair,2.60726,13.7796,,1.0
IC1822,IC1822,Star,2.59510,-8.5628,,
IC1823,IC1823,Galaxy,2.64361,32.0697,13.3,1.4
IC1825,IC1825,Galaxy,2.64879,9.0974,14.8,1.1
IC1826,IC1826,Galaxy,2.65099,-27.4431,12.8,2.1
IC1827,IC1827,Galaxy,2.66291,1.5583,14.4,1.1
IC1829,IC1829,Galaxy,2.67577,14.2979,15.8,0.9
IC1831,IC1831,Nebula,2.73233,62.4116,,120.2
IC1832,IC1832,Galaxy,2.69935,19.0301,15.2,0.7
IC1833,IC1833,Galaxy,2.69408,-28.1713,14.1,1.4
IC1834,IC1834,Galaxy,2.71336,3.0842,15.2,0.7
IC1835,IC1835,Galaxy Group,2.73032,14.8896,,0.7
IC1836,IC1836,Galaxy,2.72318,3.1054,15.6,0.6
IC1838,IC1838,Galaxy,2.74527,19.4551,15.2,0.6
IC1839,IC1839,Galaxy,2.74525,15.2401,15.2,1.0
IC1841,IC1841,Galaxy,2.76006,18.9289,15.1,0.6
IC1842,IC1842,Galaxy,2.75651,11.4581,15.6,1.1
IC1843,IC1843,Galaxy,2.75684,2.8805,14.2,1.0
IC1844,IC1844,Galaxy,2.76372,3.2303,15.0,0.9
IC1845,IC1845,Double Star,2.73247,-27.9689,10.2,
IC1847,IC1847,Galaxy,2.79824,14.5051,16.0,0.6
IC1848,IC1848,Cluster + Nebula,2.85294,60.4025,6.5,40.0
IC1849,IC1849,Galaxy,2.79573,9.3568,15.4,0.8
IC1851,IC1851,Star,2.86276,58.3143,6.4,
IC1853,IC1853,Galaxy,2.80119,-13.9931,14.4,1.4
IC1854,IC1854,Galaxy,2.82242,19.3039,14.8,0.5
IC1855,IC1855,Galaxy,2.81786,13.4429,16.3,0.5
IC1856,IC1856,Galaxy,2.81411,-0.7674,14.4,1.1
IC1857,IC1857,Galaxy,2.82748,14.6198,15.1,0.8
IC1858,IC1858,Galaxy,2.81900,-31.2896,14.2,1.9
IC1859,IC1859,Galaxy,2.81776,-31.1725,14.3,1.3
IC1860,IC1860,Galaxy,2.82603,-31.1891,12.6,2.6
IC1861,IC1861,Galaxy,2.88527,25.4904,14.6,1.3
IC1862,IC1862,Galaxy,2.86633,-33.3402,14.6,2.7
IC1863,IC1863,Galaxy,2.91409,8.7844,15.7,0.6
IC1864,IC1864,Galaxy,2.89425,-34.1976,12.7,1.3
IC1865,IC1865,Galaxy,2.92227,8.8282,14.9,1.3
IC1866,IC1866,Galaxy,2.91472,-15.6526,15.2,1.0
IC1867,IC1867,Galaxy,2.93117,9.3118,14.6,1.5
IC1868,IC1868,Galaxy,2.93496,9.3788,15.9,0.4
IC1869,IC1869,Galaxy,2.96991,5.8366,15.6,0.7
IC1870,IC1870,Galaxy,2.96487,-2.3471,13.5,1.6
IC1871,IC1871,HII Region,2.95605,60.6724,,4.0
IC1872,IC1872,Other,3.07628,42.8107,,
IC1873,IC1873,Galaxy,3.06469,9.6132,15.3,1.2
IC1874,IC1874,Galaxy,3.10611,36.0145,14.7,0.9
IC1875,IC1875,Galaxy,3.06573,-39.4404,12.6,1.6
IC1876,IC1876,Galaxy,3.07564,-27.4605,14.1,1.2
IC1877,IC1877,Galaxy,3.05266,-50.5119,16.3,0.9
IC1878,IC1878,Galaxy,3.06117,-52.1080,15.2,0.6
IC1879,IC1879,Galaxy,3.06457,-52.1178,16.0,1.2
IC1880,IC1880,Galaxy,3.10795,-9.7315,14.9,1.9
IC1882,IC1882,Galaxy,3.13036,3.1479,15.0,1.1
IC1885,IC1885,Galaxy,3.11123,-32.8636,14.9,1.4
IC1886,IC1886,Galaxy,3.13423,-4.3998,14.8,1.1
IC1890,IC1890,Galaxy,3.16623,19.2081,15.6,1.0
IC1891,IC1891,Galaxy,3.17001,19.6066,16.6,0.4
IC1892,IC1892,Galaxy,3.14090,-23.0558,13.8,1.8
IC1893,IC1893,Galaxy,3.17127,19.6169,17.1,0.4
IC1894,IC1894,Galaxy,3.17374,19.6066,15.8,0.8
IC1895,IC1895,Galaxy,3.16006,-25.2536,13.3,1.4
IC1896,IC1896,Galaxy,3.13126,-54.2145,15.8,0.8
IC1897,IC1897,Galaxy,3.17942,-10.7961,14.7,1.0
IC1898,IC1898,Galaxy,3.17216,-22.4049,13.6,3.7
IC1899,IC1899,Galaxy,3.20364,-25.3049,14.4,1.3
IC1900,IC1900,Galaxy,3.26534,37.1541,13.9,0.8
IC1901,IC1901,Galaxy,3.26739,37.1124,16.8,0.9
IC1902,IC1902,Galaxy,3.27012,37.1774,15.6,0.7
IC1903,IC1903,Galaxy Pair,3.21954,-50.5698,,1.9
IC1904,IC1904,Galaxy,3.25021,-30.7080,14.4,1.4
IC1905,IC1905,Other,3.31333,41.3654,,
IC1906,IC1906,Galaxy,3.26824,-34.3606,14.5,1.2
IC1908,IC1908,Galaxy,3.25147,-54.8200,14.1,1.2
IC1909,IC1909,Galaxy,3.28889,-33.6901,14.5,1.2
IC1910,IC1910,Other,3.29939,-21.4348,,
IC1911,IC1911,Star,3.34699,35.3218,,
IC1912,IC1912,Galaxy,3.27873,-50.6549,15.8,1.1
IC1913,IC1913,Galaxy,3.32626,-32.4650,14.4,2.0
IC1914,IC1914,Galaxy,3.32368,-49.5997,13.0,1.9
IC1915,IC1915,Galaxy,3.33110,-50.6912,16.2,0.6
IC1916,IC1916,Galaxy,3.33792,-49.0419,15.4,0.9
IC1917,IC1917,Galaxy,3.37010,-53.1852,16.2,0.8
IC1918,IC1918,Galaxy,3.43830,4.5410,15.6,0.6
IC1919,IC1919,Galaxy,3.43396,-32.8946,13.8,1.7
IC1920,IC1920,Galaxy,3.40678,-52.7136,16.0,0.6
IC1921,IC1921,Other,3.41170,-50.6980,,
IC1922,IC1922,Galaxy,3.41195,-50.7405,16.9,0.4
IC1923,IC1923,Other,3.41462,-50.5558,,
IC1924,IC1924,Galaxy,3.41880,-51.7034,16.7,0.7
IC1925,IC1925,Other,3.42102,-51.2569,,
IC1926,IC1926,Galaxy,3.42195,-51.7011,16.6,0.6
IC1927,IC1927,Double Star,3.42214,-51.7194,,
IC1928,IC1928,Galaxy,3.45811,-21.5602,14.1,1.8
IC1929,IC1929,Galaxy,3.42385,-51.2672,14.2,0.9
IC1930,IC1930,Galaxy,3.47952,4.3836,15.8,0.8
IC1931,IC1931,Galaxy,3.48270,1.7507,15.4,0.8
IC1932,IC1932,Galaxy,3.43167,-51.3432,14.6,0.9
IC1933,IC1933,Galaxy,3.42775,-52.7855,12.6,2.3
IC1934,IC1934,Galaxy,3.52056,42.7923,16.0,1.0
IC1935,IC1935,Galaxy,3.43703,-50.0104,14.3,1.0
IC1936,IC1936,Galaxy,3.44112,-51.3232,16.0,0.6
IC1937,IC1937,Galaxy,3.44657,-48.7026,14.9,0.9
IC1938,IC1938,Galaxy,3.45290,-53.0099,15.5,0.8
IC1939,IC1939,Other,3.46238,-51.0709,,
IC1940,IC1940,Galaxy,3.46176,-52.1394,14.8,1.0
IC1941,IC1941,Other,3.53748,24.3837,,
IC1942,IC1942,Galaxy Pair,3.46481,-52.6769,,0.7
IC1944,IC1944,Galaxy,3.49444,-47.9962,15.8,0.5
IC1945,IC1945,Galaxy,3.48793,-52.6272,15.3,0.8
IC1946,IC1946,Galaxy,3.48950,-52.6193,14.4,0.9
IC1947,IC1947,Galaxy,3.50912,-50.3385,14.8,0.6
IC1948,IC1948,Galaxy,3.51390,-47.9649,15.7,0.8
IC1949,IC1949,Galaxy,3.51467,-47.9793,13.2,1.2
IC1950,IC1950,Galaxy,3.51792,-50.4334,14.5,1.6
IC1951,IC1951,Galaxy,3.51565,-53.1262,17.1,0.5
IC1952,IC1952,Galaxy,3.55741,-23.7128,13.5,2.6
IC1953,IC1953,Galaxy,3.56163,-21.4786,12.0,2.3
IC1954,IC1954,Galaxy,3.52539,-51.9048,11.6,3.0
IC1955,IC1955,Galaxy,3.52352,-57.2419,15.8,0.7
IC1956,IC1956,Galaxy,3.59255,5.0670,15.5,1.3
IC1957,IC1957,Galaxy,3.53708,-52.4566,16.5,1.0
IC1958,IC1958,Galaxy,3.54622,-51.4417,16.0,0.5
IC1959,IC1959,Galaxy,3.55350,-50.4142,12.8,3.0
IC1960,IC1960,Galaxy,3.54249,-57.2066,15.2,1.1
IC1961,IC1961,Galaxy,3.55926,-48.9506,15.5,0.6
IC1962,IC1962,Galaxy,3.59375,-21.2941,14.8,2.2
IC1964,IC1964,Galaxy,3.55836,-53.1731,16.6,0.6
IC1965,IC1965,Galaxy,3.55307,-56.5541,15.1,1.0
IC1966,IC1966,Galaxy,3.56761,-51.3223,15.6,0.6
IC1967,IC1967,Galaxy,3.62992,3.2710,14.9,0.8
IC1968,IC1968,Galaxy,3.57716,-50.6513,16.2,0.5
IC1969,IC1969,Galaxy,3.60385,-45.1796,14.9,1.3
IC1970,IC1970,Galaxy,3.60876,-43.9568,12.4,3.0
IC1971,IC1971,Galaxy,3.59928,-52.6512,15.9,0.8
IC1972,IC1972,Galaxy,3.60592,-51.9681,16.4,0.7
IC1973,IC1973,Galaxy,3.60584,-51.9942,16.7,0.5
IC1974,IC1974,Galaxy,3.61173,-49.5503,15.9,0.8
IC1975,IC1975,Galaxy,3.65099,-15.5001,15.6,0.4
IC1976,IC1976,Galaxy,3.61910,-47.4379,15.8,0.8
IC1977,IC1977,Galaxy,3.67920,17.7412,14.6,0.8
IC1978,IC1978,Galaxy,3.61822,-50.1508,15.7,1.2
IC1979,IC1979,Double Star,3.61285,-57.9446,,
IC1980,IC1980,Galaxy,3.61639,-57.9739,14.9,1.3
IC1982,IC1982,Galaxy,3.62846,-57.7763,15.7,0.5
IC1984,IC1984,Galaxy,3.66395,-47.0758,16.4,0.8
IC1986,IC1986,Galaxy,3.67643,-45.3558,14.6,1.3
IC1987,IC1987,Galaxy Group,3.66980,-55.0548,,1.4
IC1988,IC1988,Other,3.71267,-39.8871,,
IC1989,IC1989,Galaxy,3.69852,-50.9578,14.6,1.4
IC1990,IC1990,Nebula,3.78717,24.3339,,
IC1991,IC1991,Galaxy,3.74633,-51.5234,16.2,0.8
IC1992,IC1992,Other,3.75223,-51.0047,,
IC1993,IC1993,Galaxy,3.78467,-33.7099,11.9,2.8
IC1994,IC1994,Galaxy,3.76529,-51.6433,16.0,0.7
IC1995,IC1995,Nebula,3.83848,25.5808,,2.0
IC1996,IC1996,Galaxy,3.75214,-57.3248,16.3,0.9
IC1997,IC1997,Galaxy,3.74775,-59.1377,13.5,1.0
IC1998,IC1998,Galaxy,3.85870,1.1898,15.7,0.8
IC1999,IC1999,Galaxy,3.79523,-56.9521,15.1,0.8
IC2000,IC2000,Galaxy,3.81882,-48.8582,12.4,4.9
IC2001,IC2001,Double Star,3.84770,-48.5996,,
IC2003,IC2003,Planetary Nebula,3.93945,33.8749,11.4,0.1
IC2004,IC2004,Galaxy,3.86270,-49.4196,15.0,0.9
IC2005,IC2005,Galaxy,3.96098,36.7875,15.8,0.3
IC2006,IC2006,Galaxy,3.90790,-35.9671,11.3,2.4
IC2007,IC2007,Galaxy,3.92299,-28.1583,13.7,1.3
IC2009,IC2009,Galaxy,3.89301,-48.9895,14.9,1.5
IC2010,IC2010,Galaxy,3.86612,-59.9294,13.7,1.2
IC2011,IC2011,Double Star,3.87421,-57.4684,,
IC2012,IC2012,Galaxy Pair,3.88203,-58.6510,,0.7
IC2013,IC2013,Other,3.94557,-17.1095,,
IC2014,IC2014,Galaxy,3.92269,-56.7463,15.7,0.6
IC2015,IC2015,Galaxy,3.96984,-40.3891,15.7,0.6
IC2016,IC2016,Galaxy,4.03330,20.2404,15.7,0.5
IC2017,IC2017,Galaxy,3.94427,-59.3948,15.0,1.1
IC2018,IC2018,Galaxy,3.96515,-52.7811,14.8,0.8
IC2019,IC2019,Galaxy,4.03157,5.6394,15.2,0.8
IC2020,IC2020,Galaxy,3.98143,-54.0576,15.6,0.7
IC2021,IC2021,Galaxy,3.98998,-52.6567,15.8,0.7
IC2022,IC2022,Galaxy,3.97778,-59.0437,16.1,1.1
IC2023,IC2023,Galaxy,3.99462,-52.6811,15.9,0.6
IC2024,IC2024,Galaxy,4.00115,-53.3710,15.6,1.1
IC2025,IC2025,Galaxy,4.00644,-53.0656,15.3,1.2
IC2027,IC2027,Galaxy,4.11100,37.1157,16.0,0.9
IC2028,IC2028,Galaxy,4.02173,-52.7074,14.2,0.9
IC2029,IC2029,Galaxy,4.02165,-52.8008,15.7,1.0
IC2030,IC2030,Other,4.08230,-19.2315,,
IC2031,IC2031,Galaxy,4.10409,-5.6519,15.8,0.6
IC2032,IC2032,Galaxy,4.11751,-55.3238,14.7,1.1
IC2033,IC2033,Galaxy,4.12067,-53.6809,15.0,1.2
IC2034,IC2034,Galaxy,4.11023,-57.9614,15.9,1.4
IC2035,IC2035,Galaxy,4.15052,-45.5175,11.8,1.4
IC2036,IC2036,Galaxy,4.16531,-39.6887,14.4,1.1
IC2037,IC2037,Galaxy,4.13861,-58.7512,14.8,1.7
IC2038,IC2038,Galaxy,4.14826,-55.9896,14.7,1.9
IC2039,IC2039,Galaxy,4.15066,-56.0117,14.3,1.1
IC2040,IC2040,Galaxy,4.21660,-32.5533,13.7,1.4
IC2041,IC2041,Galaxy,4.20969,-32.8174,14.7,1.1
IC2042,IC2042,Star,4.19535,-47.2701,10.9,
IC2043,IC2043,Galaxy,4.18596,-53.6866,14.5,1.4
IC2044,IC2044,Galaxy,4.18721,-54.5326,16.5,0.6
IC2045,IC2045,Galaxy,4.24334,-13.1749,15.5,0.9
IC2046,IC2046,Galaxy,4.19015,-54.6732,15.2,0.8
IC2049,IC2049,Galaxy,4.20119,-58.5570,14.7,1.1
IC2050,IC2050,Galaxy,4.23226,-53.4754,13.8,1.2
IC2051,IC2051,Galaxy,3.86690,-83.8307,11.2,2.9
IC2052,IC2052,Galaxy,4.24959,-54.3362,15.4,1.1
IC2053,IC2053,Galaxy,4.26545,-49.3583,15.3,0.5
IC2054,IC2054,Galaxy,4.12398,-78.2533,16.4,0.5
IC2055,IC2055,Other,4.29681,-48.9241,,
IC2056,IC2056,Galaxy,4.27348,-60.2068,11.9,1.9
IC2057,IC2057,Galaxy,4.36558,4.0486,15.2,0.6
IC2058,IC2058,Galaxy,4.29843,-55.9329,13.8,3.4
IC2059,IC2059,Galaxy,4.34064,-31.7246,14.0,1.3
IC2060,IC2060,Galaxy,4.29816,-56.6163,13.9,1.2
IC2061,IC2061,Other,4.40004,21.0832,,
IC2062,IC2062,Star,4.53385,71.9199,,
IC2063,IC2063,Galaxy,4.37787,-15.6605,14.8,0.9
IC2064,IC2064,Galaxy,4.39076,-15.6852,15.8,0.5
IC2065,IC2065,Galaxy,4.35777,-55.9333,14.6,1.2
IC2066,IC2066,Galaxy,4.39231,-54.7334,15.3,0.9
IC2067,IC2067,Nebula,4.51417,35.4462,11.5,
IC2068,IC2068,Galaxy,4.44358,-42.0937,14.3,1.3
IC2069,IC2069,Other,4.43226,-48.2081,,
IC2070,IC2070,Galaxy,4.40991,-57.9809,14.5,1.4
IC2071,IC2071,Galaxy Group,4.43700,-53.1521,,1.2
IC2072,IC2072,Other,4.44850,-48.3775,,
IC2073,IC2073,Galaxy,4.44273,-53.1873,13.7,1.4
IC2074,IC2074,Other,4.52306,7.7026,,
IC2076,IC2076,Other,4.46884,-48.2289,,
IC2078,IC2078,Star,4.53117,-4.6987,14.4,
IC2079,IC2079,Galaxy,4.47523,-53.7379,14.0,1.4
IC2080,IC2080,Galaxy,4.53115,-5.7568,15.8,0.8
IC2081,IC2081,Galaxy,4.48358,-53.6137,13.3,1.0
IC2082,IC2082,Galaxy Pair,4.48544,-53.8272,,1.4
IC2083,IC2083,Galaxy,4.51230,-53.9808,14.9,0.9
IC2084,IC2084,Other,4.53505,-48.2883,,
IC2085,IC2085,Galaxy,4.52340,-54.4168,13.2,2.5
IC2086,IC2086,Galaxy,4.52560,-53.6476,15.7,0.6
IC2087,IC2087,Nebula,4.66666,25.7422,,4.0
IC2088,IC2088,Nebula,4.51793,26.6070,,
IC2089,IC2089,Galaxy,4.54734,-75.5394,15.1,1.0
IC2090,IC2090,Other,4.74557,-33.9941,,
IC2091,IC2091,Other,4.77756,-4.6718,,
IC2092,IC2092,Other,4.77989,-4.9434,,
IC2093,IC2093,Star,4.79230,-2.7090,,
IC2094,IC2094,Galaxy,4.80690,-5.3526,15.8,1.0
IC2095,IC2095,Galaxy,4.81267,-5.1248,16.1,1.5
IC2096,IC2096,Other,4.82802,-4.9786,,
IC2097,IC2097,Galaxy,4.84006,-5.0812,15.3,1.2
IC2098,IC2098,Galaxy,4.84564,-5.4187,14.7,2.5
IC2100,IC2100,Double Star,4.85415,-4.8309,,
IC2101,IC2101,Galaxy,4.86173,-6.2314,14.4,1.8
IC2102,IC2102,Galaxy,4.86537,-4.9516,14.5,1.3
IC2103,IC2103,Galaxy,4.66335,-76.8368,14.7,2.0
IC2104,IC2104,Galaxy,4.93860,-15.7979,13.8,2.1
IC2105,IC2105,Cluster + Nebula,4.82407,-69.2009,11.3,0.7
IC2106,IC2106,Galaxy,4.94275,-28.5039,13.8,1.8
IC2109,IC2109,Star,4.98311,-0.3053,,
IC2110,IC2110,Star,4.98383,-0.3026,,
IC2111,IC2111,Cluster + Nebula,4.86448,-69.3922,,0.7
IC2112,IC2112,Galaxy,5.00838,4.3865,15.4,0.3
IC2115,IC2115,Star,4.95242,-66.3902,11.3,
IC2116,IC2116,HII Region,4.95452,-66.3890,14.2,0.6
IC2117,IC2117,Cluster + Nebula,4.95423,-68.4415,,1.0
IC2119,IC2119,Galaxy,5.11415,-20.3452,14.7,1.2
IC2120,IC2120,Other,5.31953,38.1850,,
IC2122,IC2122,Galaxy,5.31706,-37.0894,13.9,1.8
IC2125,IC2125,Galaxy,5.40781,-27.0161,14.5,1.0
IC2128,IC2128,Cluster + Nebula,5.37894,-68.0611,11.1,4.8
IC2129,IC2129,Galaxy,5.53069,-23.1451,13.8,1.8
IC2132,IC2132,Galaxy,5.54130,-13.9271,14.2,1.9
IC2134,IC2134,Globular Cluster,5.38496,-75.4468,13.9,1.4
IC2135,IC2135,Galaxy,5.55358,-36.3988,13.3,3.2
IC2137,IC2137,Galaxy,5.57269,-23.5333,13.9,1.3
IC2139,IC2139,Star Association,5.58784,-17.9337,,
IC2140,IC2140,Globular Cluster,5.55609,-75.3754,13.5,2.3
IC2141,IC2141,Star Association,5.70621,-51.0329,,
IC2142,IC2142,Galaxy,5.55254,-78.0194,15.5,0.9
IC2143,IC2143,Galaxy,5.78128,-18.7264,13.4,1.9
IC2144,IC2144,HII Region,5.83719,23.8724,,1.0
IC2145,IC2145,Nebula,5.67354,-69.6703,12.0,0.2
IC2146,IC2146,Globular Cluster,5.62970,-74.7832,12.4,3.3
IC2147,IC2147,Galaxy,5.72446,-30.4950,13.6,1.6
IC2148,IC2148,Globular Cluster,5.65329,-75.5624,14.2,1.3
IC2149,IC2149,Planetary Nebula,5.93997,46.1048,10.8,0.1
IC2150,IC2150,Galaxy,5.85516,-38.3205,12.9,2.9
IC2151,IC2151,Galaxy,5.87679,-17.7873,14.2,1.2
IC2152,IC2152,Galaxy,5.96484,-23.1808,13.5,1.6
IC2153,IC2153,Galaxy Pair,6.00144,-33.9198,,1.0
IC2155,IC2155,Galaxy,6.01067,-33.9973,16.5,0.4
IC2156,IC2156,Open Cluster,6.08122,24.1584,,
IC2157,IC2157,Open Cluster,6.07988,24.0710,8.4,2.7
IC2158,IC2158,Galaxy,6.08832,-27.8570,12.9,1.4
IC2159,IC2159,Nebula,6.16601,20.4314,,
IC2160,IC2160,Galaxy,5.92460,-76.9203,13.1,1.8
IC2161,IC2161,Globular Cluster,5.95691,-75.1395,14.2,1.6
IC2162,IC2162,HII Region,6.21797,17.9801,,4.0
IC2163,IC2163,Galaxy,6.27444,-21.3759,11.1,3.4
IC2164,IC2164,Galaxy,6.11452,-75.3647,14.6,1.1
IC2165,IC2165,Planetary Nebula,6.36186,-12.9872,10.5,0.1
IC2166,IC2166,Galaxy,6.44879,59.0801,12.4,2.2
IC2168,IC2168,Double Star,6.56326,44.6855,,
IC2170,IC2170,Other,6.56803,44.6884,,
IC2171,IC2171,Galaxy,6.74103,-17.9325,15.2,1.6
IC2173,IC2173,Star,6.84643,33.4581,,
IC2174,IC2174,Galaxy,7.15156,75.3530,13.6,0.8
IC2175,IC2175,Double Star,7.14435,35.2882,,
IC2176,IC2176,Galaxy,7.12551,32.4698,15.1,0.9
IC2177,IC2177,Reflection Nebula,7.07692,-10.4711,,20.0
IC2178,IC2178,Galaxy,7.12713,32.5124,16.0,0.6
IC2179,IC2179,Galaxy,7.25898,64.9262,12.5,0.8
IC2180,IC2180,Galaxy,7.18877,26.3715,15.0,0.9
IC2181,IC2181,Galaxy,7.21954,18.9958,14.8,1.0
IC2182,IC2182,Galaxy,7.23640,18.9450,14.9,1.5
IC2183,IC2183,Other,7.28230,-20.4105,,
IC2184,IC2184,Galaxy Group,7.49039,72.1289,,1.1
IC2185,IC2185,Galaxy,7.38779,32.4953,14.9,0.6
IC2186,IC2186,Galaxy,7.37994,21.5292,16.1,0.3
IC2187,IC2187,Galaxy,7.37870,21.4834,15.1,0.2
IC2188,IC2188,Galaxy,7.37866,21.5130,15.1,1.1
IC2189,IC2189,Other,7.41600,8.9207,,
IC2190,IC2190,Galaxy,7.49842,37.4518,14.7,0.9
IC2191,IC2191,Galaxy,7.50485,24.3277,15.2,0.8
IC2192,IC2192,Galaxy,7.55564,31.3614,15.6,0.5
IC2193,IC2193,Galaxy,7.55659,31.4836,14.6,1.5
IC2194,IC2194,Galaxy,7.56116,31.3344,15.0,1.5
IC2195,IC2195,Other,7.47434,-51.2574,,
IC2196,IC2196,Galaxy,7.56937,31.4057,13.9,1.7
IC2197,IC2197,Galaxy,7.57370,31.4220,17.1,0.5
IC2198,IC2198,Galaxy,7.56976,23.9663,15.3,0.7
IC2199,IC2199,Galaxy,7.58215,31.2762,13.6,1.0
IC2200,IC2200,Galaxy,7.47153,-62.3529,13.2,1.3
IC2201,IC2201,Galaxy,7.60467,33.1227,14.9,1.2
IC2202,IC2202,Galaxy,7.46521,-67.5742,13.6,2.2
IC2203,IC2203,Galaxy,7.67600,34.2301,14.6,0.9
IC2204,IC2204,Galaxy,7.68836,34.2322,16.3,0.9
IC2205,IC2205,Galaxy,7.78182,26.8723,15.0,0.7
IC2206,IC2206,Star,7.76400,-34.3302,10.5,
IC2207,IC2207,Galaxy,7.83080,33.9623,15.2,1.7
IC2208,IC2208,Galaxy,7.86884,27.4839,15.2,0.4
IC2209,IC2209,Galaxy,7.93728,60.3041,13.8,0.8
IC2210,IC2210,Double Star,7.94903,56.6823,,
IC2211,IC2211,Galaxy,7.96268,32.5581,14.6,0.8
IC2212,IC2212,Galaxy,7.98256,32.6123,15.7,0.7
IC2213,IC2213,Galaxy,7.98515,27.4640,15.4,0.7
IC2214,IC2214,Galaxy,7.99828,33.2905,14.4,0.9
IC2215,IC2215,Other,7.99254,24.9290,,
IC2216,IC2216,Double Star,7.99099,5.6145,,
IC2217,IC2217,Galaxy,8.01381,27.5003,14.3,0.6
IC2218,IC2218,Galaxy,8.02736,24.4324,15.6,0.8
IC2219,IC2219,Galaxy,8.04348,27.4375,14.4,1.2
IC2220,Toby Jug Nebula,Reflection Nebula,7.94749,-59.1258,,5.0
IC2221,IC2221,Galaxy,8.08554,37.4506,16.2,0.6
IC2222,IC2222,Galaxy,8.08744,37.4726,15.4,0.8
IC2223,IC2223,Galaxy,8.09731,37.4601,16.3,0.5
IC2225,IC2225,Galaxy,8.09114,35.9467,14.8,1.1
IC2226,IC2226,Galaxy,8.10312,12.5435,13.4,1.1
IC2227,IC2227,Galaxy,8.11866,36.2335,14.2,1.1
IC2228,IC2228,Star,8.11824,8.0254,,
IC2230,IC2230,Galaxy,8.18237,25.6847,15.7,0.6
IC2231,IC2231,Galaxy,8.18378,5.0873,14.9,1.7
IC2233,IC2233,Galaxy,8.23303,45.7421,12.6,2.9
IC2234,IC2234,Galaxy,8.23101,35.4929,16.0,0.5
IC2235,IC2235,Double Star,8.22606,24.0768,,
IC2236,IC2236,Double Star,8.22709,24.0488,,
IC2237,IC2237,Star,8.23558,24.6793,,
IC2238,IC2238,Star,8.23572,24.6619,,
IC2239,IC2239,Galaxy,8.23522,23.8664,15.2,0.8
IC2240,IC2240,Star,8.24652,24.4676,,
IC2241,IC2241,Double Star,8.25240,24.1294,,
IC2242,IC2242,Star,8.25318,24.1329,,
IC2243,IC2243,Star,8.25512,23.9623,,
IC2244,IC2244,Star,8.25619,24.5458,,
IC2245,IC2245,Star,8.25789,24.5361,,
IC2246,IC2246,Star,8.26689,23.8498,,
IC2247,IC2247,Galaxy,8.26642,23.1996,14.0,1.8
IC2248,IC2248,Galaxy,8.26800,23.1340,15.0,0.8
IC2249,IC2249,Galaxy,8.27623,24.4937,16.5,0.3
IC2250,IC2250,Galaxy,8.27560,23.6330,16.6,0.4
IC2251,IC2251,Double Star,8.27744,23.9496,,
IC2252,IC2252,Star,8.27832,24.6939,,
IC2253,IC2253,Galaxy,8.27608,21.4099,14.7,0.9
IC2254,IC2254,Galaxy,8.27931,24.7802,15.3,0.7
IC2255,IC2255,Double Star,8.27866,23.4571,,
IC2256,IC2256,Galaxy,8.28179,24.1768,15.1,0.8
IC2257,IC2257,Double Star,8.28634,23.6499,,
IC2258,IC2258,Star,8.28790,23.5775,,
IC2259,IC2259,Star,8.28838,23.5656,,
IC2260,IC2260,Star,8.29099,24.6732,,
IC2261,IC2261,Double Star,8.29245,23.5123,,
IC2262,IC2262,Star,8.28960,18.4545,,
IC2263,IC2263,Star,8.29470,23.5801,,
IC2264,IC2264,Star,8.29581,23.7147,,
IC2265,IC2265,Star,8.29729,24.1935,,
IC2266,IC2266,Star,8.29401,18.4104,,
IC2267,IC2267,Galaxy,8.30045,24.7353,15.2,1.9
IC2268,IC2268,Galaxy,8.30182,24.7964,15.5,0.4
IC2269,IC2269,Galaxy,8.30243,23.0476,15.6,1.0
IC2270,IC2270,Double Star,8.30010,19.0977,,
IC2271,IC2271,Galaxy,8.30547,24.5269,15.4,0.4
IC2272,IC2272,Double Star,8.30199,18.7359,,
IC2273,IC2273,Star,8.30356,18.4017,,
IC2274,IC2274,Other,8.30389,18.6658,,
IC2275,IC2275,Star,8.30381,18.4114,,
IC2276,IC2276,Other,8.30816,18.4777,,
IC2277,IC2277,Star,8.30901,18.6501,,
IC2278,IC2278,Other,8.30957,18.4615,,
IC2279,IC2279,Star,8.30987,18.5679,,
IC2280,IC2280,Star,8.31070,18.4498,,
IC2281,IC2281,Star,8.31504,18.9091,12.3,
IC2282,IC2282,Galaxy,8.32098,24.7926,13.9,0.9
IC2283,IC2283,Star,8.32154,24.7864,,
IC2284,IC2284,Star,8.31630,18.6056,,
IC2285,IC2285,Double Star,8.31745,18.9147,,
IC2286,IC2286,Star,8.31780,18.9561,,
IC2287,IC2287,Star,8.31879,19.4005,,
IC2288,IC2288,Galaxy,8.32288,23.7473,15.6,0.5
IC2289,IC2289,Star,8.31879,18.4983,,
IC2290,IC2290,Galaxy,8.32107,19.3133,15.3,0.6
IC2291,IC2291,Star,8.32171,18.5084,,
IC2292,IC2292,Star,8.32278,19.5636,,
IC2293,IC2293,Galaxy,8.32559,21.3943,14.4,0.9
IC2294,IC2294,Star,8.32390,18.9847,,
IC2295,IC2295,Double Star,8.32416,18.4142,,
IC2296,IC2296,Star,8.32460,18.8987,,
IC2297,IC2297,Star,8.33462,18.3820,,
IC2298,IC2298,Star,8.33530,18.4031,,
IC2299,IC2299,Double Star,8.33595,19.3374,,
IC2300,IC2300,Star,8.33683,18.4201,,
IC2301,IC2301,Star,8.33720,18.4337,,
IC2302,IC2302,Star,8.33813,19.3572,,
IC2303,IC2303,Star,8.33869,19.4190,,
IC2304,IC2304,Double Star,8.34325,19.4395,,
IC2305,IC2305,Star,8.34447,19.4529,,
IC2306,IC2306,Star,8.34428,19.1103,,
IC2307,IC2307,Galaxy,8.34523,19.4407,15.4,0.8
IC2308,IC2308,Galaxy Triplet,8.34590,19.3623,,0.6
IC2309,IC2309,Galaxy,8.34545,18.3978,16.0,0.8
IC2310,IC2310,Star,8.34620,18.4635,,
IC2311,IC2311,Galaxy,8.31277,-25.3697,11.5,2.1
IC2312,IC2312,Galaxy Pair,8.34816,18.5109,,0.7
IC2313,IC2313,Star,8.34849,18.5142,,
IC2314,IC2314,Double Star,8.35101,18.7627,,
IC2315,IC2315,Star,8.35297,18.9153,,
IC2316,IC2316,Double Star,8.35422,19.7594,,
IC2317,IC2317,Star,8.35596,18.8443,,
IC2318,IC2318,Star,8.35910,18.6229,,
IC2319,IC2319,Star,8.35918,18.4767,,
IC2320,IC2320,Star,8.35983,18.6703,,
IC2321,IC2321,Star,8.36088,18.4691,,
IC2322,IC2322,Star,8.36083,18.4841,,
IC2323,IC2323,Star,8.36145,18.6133,,
IC2324,IC2324,Star,8.36631,19.1940,,
IC2325,IC2325,Other,8.36909,18.9121,,
IC2326,IC2326,Other,8.37004,19.0121,,
IC2327,IC2327,Galaxy,8.35777,3.1693,13.9,1.2
IC2328,IC2328,Other,8.37149,19.6164,,
IC2329,IC2329,Galaxy,8.37208,19.4160,14.9,2.0
IC2330,IC2330,Star,8.37309,18.8536,,
IC2331,IC2331,Double Star,8.37643,19.6797,,
IC2332,IC2332,Star,8.37767,19.9231,,
IC2333,IC2333,Star,8.38357,19.0819,,
IC2334,IC2334,Star,8.38333,18.6138,,
IC2335,IC2335,Galaxy,8.38529,19.4080,16.8,0.5
IC2336,IC2336,Star,8.38862,18.5374,,
IC2337,IC2337,Galaxy,8.38897,18.5352,16.1,0.5
IC2338,IC2338,Galaxy,8.39241,21.3381,14.8,0.6
IC2339,IC2339,Galaxy,8.39284,21.3476,14.0,0.9
IC2340,IC2340,Galaxy,8.39168,18.7494,14.4,1.1
IC2341,IC2341,Galaxy,8.39484,21.4349,14.6,1.2
IC2342,IC2342,Star,8.39225,18.5796,,
IC2343,IC2343,Star,8.39831,19.0256,,
IC2344,IC2344,Star,8.39854,18.6597,,
IC2345,IC2345,Star,8.40234,19.9522,,
IC2346,IC2346,Star,8.40303,19.7062,,
IC2347,IC2347,Star,8.40391,18.7739,,
IC2348,IC2348,Galaxy,8.40563,20.5332,15.0,0.7
IC2349,IC2349,Star,8.40464,19.0081,,
IC2350,IC2350,Other,8.40788,19.5521,,
IC2351,IC2351,Star,8.40839,18.5888,,
IC2352,IC2352,Star,8.41111,19.6028,,
IC2353,IC2353,Star,8.41047,18.6566,,
IC2354,IC2354,Double Star,8.41132,18.6664,,
IC2355,IC2355,Double Star,8.41439,20.4635,,
IC2356,IC2356,Star,8.41691,19.4976,,
IC2357,IC2357,Star,8.41793,19.5089,,
IC2358,IC2358,Star,8.41808,19.4952,,
IC2360,IC2360,Star,8.42086,19.5164,,
IC2361,IC2361,Galaxy,8.42903,27.8746,14.8,1.6
IC2362,IC2362,Double Star,8.42817,19.9422,,
IC2363,IC2363,Galaxy,8.42928,19.4493,14.9,0.8
IC2364,IC2364,Double Star,8.43097,19.7597,,
IC2365,IC2365,Galaxy,8.43835,27.8401,14.5,1.2
IC2367,IC2367,Galaxy,8.40280,-18.7756,12.1,2.5
IC2368,IC2368,Star,8.43369,19.8830,,
IC2369,IC2369,Star,8.43779,20.2322,,
IC2370,IC2370,Star,8.43967,19.6381,,
IC2371,IC2371,Star,8.44361,19.7986,,
IC2372,IC2372,Star,8.44462,19.8831,,
IC2373,IC2373,Galaxy,8.44694,20.3648,14.9,0.6
IC2374,IC2374,Galaxy,8.47282,30.4432,15.3,0.5
IC2375,IC2375,Galaxy,8.43880,-13.3031,,2.2
IC2376,IC2376,Galaxy,8.47392,30.4077,14.6,0.9
IC2377,IC2377,Galaxy,8.44058,-13.3062,14.8,1.1
IC2378,IC2378,Galaxy,8.47546,30.4313,13.2,1.3
IC2379,IC2379,Galaxy,8.44106,-13.2929,,1.0
IC2380,IC2380,Galaxy,8.47886,30.4045,14.2,0.8
IC2381,IC2381,Double Star,8.47271,19.7916,,
IC2382,IC2382,Galaxy,8.47948,22.0535,14.6,0.9
IC2383,IC2383,Galaxy,8.49482,30.6880,14.4,0.6
IC2384,IC2384,Galaxy,8.57319,32.4348,15.4,0.9
IC2385,IC2385,Galaxy,8.58621,37.2660,15.1,0.8
IC2386,IC2386,Star,8.57884,25.8067,,
IC2387,IC2387,Galaxy,8.64278,30.7987,14.7,1.2
IC2388,IC2388,Galaxy,8.66570,19.6453,15.8,0.6
IC2389,IC2389,Galaxy,8.79938,73.5392,13.3,1.3
IC2391,omi Vel Cluster,Open Cluster,8.67552,-53.0355,2.5,29.1
IC2392,IC2392,Galaxy,8.74189,18.2861,14.6,0.6
IC2393,IC2393,Galaxy,8.78033,28.1713,14.3,1.2
IC2394,IC2394,Galaxy,8.78525,28.2366,15.1,0.7
IC2395,IC2395,Open Cluster,8.70836,-48.1506,4.6,6.0
IC2396,IC2396,Star,8.77794,17.6492,,
IC2397,IC2397,Double Star,8.77829,17.6598,,
IC2398,IC2398,Galaxy,8.77905,17.7549,15.3,0.6
IC2399,IC2399,Galaxy,8.79715,18.9119,15.7,0.5
IC2400,IC2400,Galaxy,8.79976,38.0698,15.1,0.9
IC2401,IC2401,Galaxy,8.80286,37.7554,14.9,1.1
IC2402,IC2402,Galaxy,8.79973,31.7856,15.4,0.8
IC2403,IC2403,Galaxy,8.76926,-15.3570,15.4,0.7
IC2404,IC2404,Galaxy,8.80290,29.4914,14.8,0.8
IC2405,IC2405,Galaxy,8.81188,37.2186,14.9,0.8
IC2406,IC2406,Galaxy,8.80128,17.7024,14.2,1.6
IC2407,IC2407,Galaxy,8.80254,17.6115,15.1,1.2
IC2408,IC2408,Star,8.80562,19.0374,16.5,
IC2409,IC2409,Galaxy,8.80685,18.3311,14.3,0.9
IC2412,IC2412,Star,8.82325,18.5432,,
IC2413,IC2413,Double Star,8.82544,18.7447,,
IC2414,IC2414,Galaxy,8.83059,18.7924,15.7,0.6
IC2415,IC2415,Star,8.83386,18.6516,16.3,
IC2416,IC2416,Star,8.84226,18.5596,,
IC2417,IC2417,Star,8.85227,18.6249,14.5,
IC2418,IC2418,Galaxy,8.85697,17.9453,16.4,0.4
IC2419,IC2419,Double Star,8.86928,18.1014,,
IC2420,IC2420,Galaxy,8.85938,3.1007,14.8,0.8
IC2421,IC2421,Galaxy,8.90600,32.6809,13.3,1.4
IC2422,IC2422,Galaxy,8.90675,20.2248,15.7,0.7
IC2423,IC2423,Galaxy,8.91308,20.2203,14.6,0.8
IC2425,IC2425,Star,8.93059,-3.4231,,
IC2426,IC2426,Galaxy,8.97513,2.9255,15.2,0.6
IC2427,IC2427,Galaxy,9.01714,37.8754,15.6,0.7
IC2428,IC2428,Galaxy,9.05408,30.5913,14.6,1.6
IC2429,IC2429,Galaxy,9.06181,29.2960,14.6,0.6
IC2430,IC2430,Galaxy,9.07301,27.9530,14.4,1.0
IC2431,IC2431,Galaxy Group,9.07649,14.5941,,1.0
IC2432,IC2432,Galaxy,9.07765,5.5121,15.6,0.8
IC2433,IC2433,Galaxy,9.09131,22.6022,15.2,0.8
IC2434,IC2434,Galaxy,9.12113,37.2153,14.5,1.3
IC2435,IC2435,Galaxy,9.11383,26.2754,15.0,0.9
IC2436,IC2436,Double Star,9.08992,-19.1655,,
IC2437,IC2437,Galaxy,9.09253,-19.2071,12.9,1.8
IC2438,IC2438,Other,9.23579,73.4174,,
IC2439,IC2439,Galaxy,9.14402,32.5929,16.1,1.4
IC2440,IC2440,Star,9.26393,73.4591,,
IC2441,IC2441,Galaxy Pair,9.16731,22.8533,,0.9
IC2442,IC2442,Galaxy,9.16810,22.8383,15.3,0.8
IC2443,IC2443,Galaxy,9.19191,28.8266,14.2,0.7
IC2444,IC2444,Galaxy,9.21413,30.2123,15.2,0.8
IC2445,IC2445,Galaxy,9.22017,31.8079,15.2,0.8
IC2446,IC2446,Galaxy,9.22538,28.9518,13.6,1.5
IC2448,IC2448,Planetary Nebula,9.11841,-69.9418,10.4,0.1
IC2450,IC2450,Galaxy,9.28480,25.4292,13.9,1.4
IC2451,IC2451,Galaxy,9.26327,23.4964,15.8,0.9
IC2452,IC2452,Galaxy,9.26599,23.4722,15.7,0.7
IC2453,IC2453,Galaxy,9.26515,20.9289,15.4,0.7
IC2454,IC2454,Galaxy,9.26716,17.8207,14.4,1.0
IC2456,IC2456,Galaxy,9.29007,34.6744,15.7,0.6
IC2457,IC2457,Galaxy,9.28448,20.0935,16.2,0.6
IC2459,IC2459,Galaxy,9.31652,34.8622,15.8,0.7
IC2461,IC2461,Galaxy,9.33279,37.1912,14.8,2.4
IC2462,IC2462,Galaxy,9.38229,22.6864,16.1,0.7
IC2463,IC2463,Galaxy,9.38340,22.6186,15.8,0.5
IC2464,IC2464,Galaxy,9.38952,22.6303,15.2,0.8
IC2465,IC2465,Galaxy,9.39209,24.4457,15.1,1.0
IC2466,IC2466,Galaxy,9.39584,24.5184,15.4,0.8
IC2467,IC2467,Galaxy,9.41464,38.3518,14.8,0.9
IC2468,IC2468,Galaxy,9.41708,38.3440,16.1,0.5
IC2469,IC2469,Galaxy,9.38363,-32.4497,11.1,5.8
IC2470,IC2470,Galaxy,9.42814,23.3616,15.2,1.0
IC2471,IC2471,Galaxy,9.42005,-6.8299,14.4,1.1
IC2472,IC2472,Galaxy,9.44270,21.3850,15.5,0.6
IC2473,IC2473,Galaxy,9.45653,30.4408,14.7,1.1
IC2474,IC2474,Galaxy,9.45317,23.0343,15.8,0.6
IC2475,IC2475,Galaxy,9.46509,29.7919,15.6,1.0
IC2476,IC2476,Galaxy,9.46467,29.9857,14.2,1.3
IC2477,IC2477,Galaxy,9.47162,29.7061,14.7,0.6
IC2478,IC2478,Galaxy,9.46692,30.0370,15.6,0.6
IC2479,IC2479,Galaxy,9.46780,29.9914,15.5,0.6
IC2481,IC2481,Galaxy,9.45800,3.9296,14.5,0.8
IC2482,IC2482,Galaxy,9.44978,-12.1089,13.9,2.8
IC2483,IC2483,Galaxy,9.49050,30.9947,15.6,0.7
IC2484,IC2484,Other,9.44730,-42.8428,,
IC2485,IC2485,Other,9.45330,-39.2847,,
IC2486,IC2486,Galaxy,9.50483,26.6413,15.0,0.9
IC2487,IC2487,Galaxy,9.50255,20.0909,14.1,1.8
IC2488,IC2488,Open Cluster,9.46062,-57.0069,7.4,7.2
IC2489,IC2489,Other,9.51990,-5.8842,,
IC2490,IC2490,Galaxy,9.55101,29.9284,14.6,1.0
IC2491,IC2491,Galaxy,9.58728,34.7317,14.9,0.9
IC2492,IC2492,Galaxy,9.55413,-37.8663,15.7,0.8
IC2493,IC2493,Galaxy,9.60487,37.3640,14.8,1.0
IC2495,IC2495,Galaxy,9.63539,28.0577,14.7,0.7
IC2496,IC2496,Galaxy,9.64569,34.7268,15.4,0.7
IC2497,IC2497,Galaxy,9.68447,34.7327,15.8,0.7
IC2498,IC2498,Galaxy,9.68943,28.1145,15.3,0.8
IC2499,IC2499,Galaxy,9.69017,27.8953,16.2,0.6
IC2500,IC2500,Galaxy,9.70649,36.3497,14.9,1.4
IC2501,IC2501,Planetary Nebula,9.64644,-60.0919,10.4,0.0
IC2502,IC2502,Galaxy,9.72094,35.1605,15.6,0.6
IC2503,IC2503,Galaxy,9.72107,35.2062,16.5,0.4
IC2504,IC2504,Other,9.64273,-69.0851,,
IC2505,IC2505,Galaxy,9.75193,27.2686,15.8,0.8
IC2506,IC2506,Galaxy,9.75355,27.2520,15.7,0.6
IC2507,IC2507,Galaxy,9.74275,-31.7900,13.3,1.7
IC2508,IC2508,Galaxy,9.78530,33.5081,15.8,0.7
IC2509,IC2509,Star,9.78220,5.7019,,
IC2510,IC2510,Galaxy,9.79541,-32.8374,15.5,1.6
IC2511,IC2511,Galaxy,9.82349,-32.8392,13.1,4.2
IC2513,IC2513,Galaxy,9.83355,-32.8828,13.3,3.4
IC2515,IC2515,Galaxy,9.91095,37.4086,14.9,1.1
IC2516,IC2516,Galaxy,9.91343,37.6869,14.9,1.0
IC2517,IC2517,Galaxy,9.88074,-33.7419,15.4,0.7
IC2518,IC2518,Galaxy,9.93292,37.1555,15.8,0.7
IC2519,IC2519,Galaxy,9.93300,34.0366,15.5,0.3
IC2520,IC2520,Galaxy,9.93892,27.2276,14.3,0.9
IC2521,IC2521,Galaxy,9.95437,33.9763,15.6,0.6
IC2522,IC2522,Galaxy,9.91916,-33.1371,12.0,2.3
IC2523,IC2523,Galaxy,9.91931,-33.2102,13.6,1.4
IC2524,IC2524,Galaxy,9.95913,33.6197,14.8,0.7
IC2525,IC2525,Galaxy,9.97360,37.1019,15.8,0.7
IC2526,IC2526,Galaxy,9.95084,-32.2569,13.7,2.1
IC2527,IC2527,Galaxy,10.00180,38.1722,15.6,0.6
IC2530,IC2530,Galaxy,10.02529,37.2039,15.0,1.0
IC2531,IC2531,Galaxy,9.99882,-29.6170,12.2,6.5
IC2532,IC2532,Galaxy,10.00150,-34.2283,14.0,2.0
IC2533,IC2533,Galaxy,10.00880,-31.2450,12.0,2.0
IC2534,IC2534,Galaxy,10.02496,-34.1124,13.4,1.8
IC2535,IC2535,Galaxy,10.07551,38.0060,14.8,0.8
IC2536,IC2536,Galaxy,10.05839,-33.9497,14.6,1.9
IC2537,IC2537,Galaxy,10.06441,-27.5709,12.2,2.6
IC2538,IC2538,Galaxy,10.06569,-34.8075,15.0,1.5
IC2539,IC2539,Galaxy,10.07117,-31.3629,14.1,2.0
IC2540,IC2540,Galaxy,10.11298,31.4757,15.2,0.9
IC2541,IC2541,Galaxy,10.09667,-17.4346,13.9,1.5
IC2542,IC2542,Galaxy,10.13071,34.3153,14.5,1.0
IC2543,IC2543,Galaxy Pair,10.13994,37.8428,,0.8
IC2544,IC2544,Galaxy,10.14159,33.3464,15.3,0.5
IC2545,IC2545,Double Star,10.10974,-33.8583,,
IC2546,IC2546,Galaxy,10.11831,-33.2614,15.6,0.8
IC2547,IC2547,Galaxy,10.16791,36.5024,15.6,0.8
IC2548,IC2548,Galaxy,10.13193,-35.2296,14.0,2.2
IC2549,IC2549,Galaxy,10.16949,36.4649,15.9,0.5
IC2550,IC2550,Galaxy,10.17442,27.9561,14.5,0.9
IC2551,IC2551,Galaxy,10.17787,24.4141,14.5,0.8
IC2552,IC2552,Galaxy,10.17948,-34.8447,12.1,1.9
IC2553,IC2553,Planetary Nebula,10.15580,-62.6137,10.3,0.1
IC2554,IC2554,Galaxy,10.14738,-67.0309,11.7,3.3
IC2556,IC2556,Galaxy,10.21045,-34.7289,14.3,1.8
IC2557,IC2557,Galaxy,10.26830,38.1092,15.6,0.6
IC2558,IC2558,Galaxy,10.24559,-34.3387,13.7,1.0
IC2559,IC2559,Galaxy,10.24594,-34.0588,14.4,1.7
IC2560,IC2560,Galaxy,10.27187,-33.5638,12.1,3.5
IC2561,IC2561,Galaxy,10.31906,34.6750,14.8,0.9
IC2562,IC2562,Galaxy,10.31514,16.1555,15.0,0.7
IC2563,IC2563,Galaxy,10.31442,-32.5966,15.6,0.9
IC2564,IC2564,Galaxy,10.35769,36.4521,15.8,0.7
IC2565,IC2565,Galaxy,10.35496,27.9301,15.1,0.7
IC2566,IC2566,Galaxy,10.37205,36.5830,14.7,1.0
IC2567,IC2567,Galaxy,10.36606,24.6552,15.4,0.8
IC2568,IC2568,Galaxy,10.37500,36.5993,14.9,1.1
IC2569,IC2569,Galaxy,10.38155,24.6064,15.5,0.7
IC2570,IC2570,Galaxy,10.35953,-33.6232,16.1,0.8
IC2572,IC2572,Galaxy,10.41869,28.0948,15.5,0.9
IC2573,IC2573,Galaxy,10.39172,-35.4556,15.4,1.5
IC2574,Coddington's Nebula,Galaxy,10.47319,68.4121,10.5,12.9
IC2575,IC2575,Galaxy,10.42333,-32.6362,15.9,0.6
IC2576,IC2576,Galaxy,10.43305,-32.9035,14.9,0.9
IC2577,IC2577,Galaxy,10.46707,32.7639,15.3,0.7
IC2578,IC2578,Galaxy,10.45630,-33.8773,15.1,1.5
IC2580,IC2580,Galaxy,10.47166,-31.5180,12.7,2.0
IC2581,IC2581,Open Cluster,10.45810,-57.6173,4.3,6.0
IC2582,IC2582,Galaxy,10.48639,-30.3425,12.9,1.3
IC2583,IC2583,Galaxy,10.51957,26.0551,14.9,0.6
IC2584,IC2584,Galaxy,10.49764,-34.9116,12.7,1.4
IC2586,IC2586,Galaxy,10.51733,-28.7166,12.5,1.5
IC2587,IC2587,Galaxy,10.51656,-34.5629,12.3,2.0
IC2588,IC2588,Galaxy,10.53059,-30.3845,12.5,1.6
IC2589,IC2589,Galaxy,10.53912,-24.0376,14.3,0.8
IC2590,IC2590,Galaxy,10.60461,26.9625,14.7,1.0
IC2591,IC2591,Galaxy,10.61074,35.0529,14.4,1.0
IC2593,IC2593,Galaxy,10.60443,-12.7258,15.5,0.9
IC2594,IC2594,Galaxy,10.60116,-24.3231,13.5,1.7
IC2595,IC2595,Other,10.62587,-11.1167,,
IC2596,IC2596,Galaxy,10.57013,-73.2401,13.9,1.3
IC2597,IC2597,Galaxy,10.62985,-27.0817,11.7,2.6
IC2598,IC2598,Galaxy,10.66176,26.7276,15.3,0.7
IC2599,IC2599,HII Region,10.62419,-58.7334,,20.0
IC2600,IC2600,Galaxy,10.77744,72.3204,15.6,0.6
IC2601,IC2601,Galaxy,10.78703,72.3230,15.5,0.3
IC2602,tet Car Cluster,Open Cluster,10.71596,-64.3942,,48.0
IC2603,IC2603,Other,10.80704,32.9273,,
IC2604,IC2604,Galaxy,10.82363,32.7727,14.9,1.2
IC2605,IC2605,Other,10.82987,32.9732,15.4,0.4
IC2606,IC2606,Galaxy,10.83824,37.9562,14.6,1.1
IC2607,IC2607,Galaxy,10.83859,37.9939,15.3,0.8
IC2608,IC2608,Galaxy,10.83764,32.7682,15.4,0.8
IC2610,IC2610,Other,10.86891,33.0832,,
IC2611,IC2611,Star,10.87748,10.1364,,
IC2612,IC2612,Galaxy,10.89366,32.7676,15.8,0.8
IC2614,IC2614,Galaxy,11.02606,38.8037,16.5,0.2
IC2615,IC2615,Galaxy,11.03397,37.9452,15.4,0.4
IC2616,IC2616,Galaxy,11.03493,38.7873,15.3,0.7
IC2617,IC2617,Galaxy,11.03545,38.6642,14.8,0.9
IC2618,IC2618,Double Star,11.03301,27.7893,,
IC2619,IC2619,Galaxy,11.03757,37.9661,15.7,0.3
IC2620,IC2620,Galaxy,11.03999,38.5050,14.2,1.0
IC2621,IC2621,Planetary Nebula,11.00555,-65.2494,11.2,0.1
IC2623,IC2623,Galaxy,11.06416,-20.0931,13.5,1.1
IC2626,IC2626,Galaxy,11.15108,26.9042,15.8,0.8
IC2627,IC2627,Galaxy,11.16483,-23.7259,12.0,2.4
IC2628,IC2628,Galaxy,11.19385,12.1220,15.7,0.8
IC2629,IC2629,Galaxy,11.21026,12.1049,16.2,0.7
IC2630,IC2630,Star,11.21200,12.3189,,
IC2631,IC2631,Nebula,11.16466,-76.6143,,
IC2632,IC2632,Galaxy,11.21832,11.6733,17.1,0.4
IC2633,IC2633,Galaxy,11.21946,11.6010,16.5,0.6
IC2634,IC2634,Galaxy,11.22451,10.4860,15.0,0.9
IC2635,IC2635,Double Star,11.22495,11.4639,,
IC2636,IC2636,Galaxy,11.22612,11.4562,16.6,0.7
IC2637,IC2637,Galaxy,11.23049,9.5863,14.2,1.0
IC2638,IC2638,Galaxy,11.23109,10.5634,15.0,1.0
IC2639,IC2639,Galaxy,11.23209,9.6428,16.4,0.6
IC2640,IC2640,Galaxy,11.23486,10.9977,16.6,0.4
IC2641,IC2641,Star,11.23626,9.3993,,
IC2642,IC2642,Other,11.23772,12.2657,,
IC2643,IC2643,Star,11.24071,10.1262,,
IC2644,IC2644,Galaxy,11.24161,10.7685,16.5,0.6
IC2645,IC2645,Galaxy,11.24189,11.8868,15.7,0.8
IC2646,IC2646,Galaxy,11.24378,12.5285,16.9,0.5
IC2647,IC2647,Star,11.24406,12.1420,,
IC2648,IC2648,Galaxy,11.24601,10.2248,16.1,0.6
IC2649,IC2649,Galaxy,11.24624,11.1277,15.3,0.8
IC2650,IC2650,Galaxy,11.24796,13.8525,16.7,0.5
IC2651,IC2651,Galaxy,11.24786,12.2398,16.3,0.5
IC2652,IC2652,Galaxy,11.24787,12.4481,16.3,0.7
IC2653,IC2653,Double Star,11.24829,10.5484,,
IC2654,IC2654,Galaxy,11.25079,12.4995,16.9,0.4
IC2655,IC2655,Galaxy,11.25143,12.1644,17.4,0.4
IC2656,IC2656,Galaxy,11.25149,12.3791,16.9,0.6
IC2657,IC2657,Galaxy,11.25242,13.6947,17.3,0.3
IC2658,IC2658,Star,11.25243,12.9966,,
IC2659,IC2659,Star,11.25773,12.8877,,
IC2660,IC2660,Galaxy,11.25790,12.4372,16.8,0.4
IC2661,IC2661,Galaxy,11.25810,13.6087,15.8,0.7
IC2662,IC2662,Other,11.25855,12.7711,,
IC2663,IC2663,Star,11.25899,12.6039,,
IC2664,IC2664,Double Star,11.26068,12.5627,,
IC2665,IC2665,Galaxy,11.26133,11.7241,17.5,0.6
IC2666,IC2666,Galaxy,11.26216,13.7823,14.3,1.1
IC2667,IC2667,Galaxy,11.26223,12.1168,16.7,0.6
IC2668,IC2668,Galaxy,11.25897,-14.1711,14.6,1.6
IC2669,IC2669,Double Star,11.26478,13.4296,,
IC2670,IC2670,Galaxy,11.26654,11.7834,16.6,0.5
IC2671,IC2671,Star,11.26759,13.1242,,
IC2672,IC2672,Star,11.26773,10.1573,,
IC2673,IC2673,Galaxy,11.26781,10.1626,15.3,0.8
IC2674,IC2674,Galaxy,11.26896,11.0486,15.4,1.1
IC2675,IC2675,Star,11.26967,12.2493,,
IC2676,IC2676,Galaxy,11.27181,9.8218,17.7,0.1
IC2677,IC2677,Galaxy,11.27203,12.2159,18.2,0.2
IC2678,IC2678,Galaxy,11.27268,11.9491,16.4,0.7
IC2679,IC2679,Galaxy,11.27311,12.0154,15.7,0.9
IC2680,IC2680,Galaxy,11.27376,9.8071,15.9,0.8
IC2681,IC2681,Other,11.27590,11.2072,,
IC2682,IC2682,Double Star,11.27670,9.4108,,
IC2683,IC2683,Galaxy,11.28175,12.0993,17.0,0.4
IC2684,IC2684,Galaxy,11.28363,13.0996,17.0,0.8
IC2685,IC2685,Star,11.28336,10.0941,,
IC2686,IC2686,Star,11.28403,12.9517,,
IC2687,IC2687,Double Star,11.28666,10.1581,,
IC2689,IC2689,Galaxy,11.28875,12.9599,16.9,0.7
IC2690,IC2690,Galaxy,11.28933,12.9754,18.0,0.3
IC2691,IC2691,Star,11.29016,12.0311,,
IC2692,IC2692,Galaxy,11.29256,10.7681,16.6,0.5
IC2693,IC2693,Star,11.29342,13.5488,,
IC2694,IC2694,Galaxy,11.29406,13.3761,15.6,0.8
IC2695,IC2695,Galaxy,11.29683,13.7277,16.5,0.5
IC2696,IC2696,Star,11.29692,12.7558,,
IC2697,IC2697,Star,11.29754,13.4000,,
IC2698,IC2698,Galaxy,11.29751,11.8858,15.8,0.7
IC2699,IC2699,Star,11.29796,11.9092,,
IC2700,IC2700,Galaxy,11.29838,12.0542,17.0,0.4
IC2701,IC2701,Galaxy,11.29917,11.1181,17.2,0.4
IC2702,IC2702,Galaxy,11.29923,9.4125,17.0,0.4
IC2703,IC2703,Galaxy,11.30143,17.6495,15.8,0.9
IC2704,IC2704,Galaxy,11.30111,12.4542,15.7,0.7
IC2705,IC2705,Star,11.30102,11.9041,,
IC2706,IC2706,Star,11.30811,12.5484,,
IC2707,IC2707,Galaxy,11.30857,9.4749,16.5,0.5
IC2708,IC2708,Galaxy,11.30961,12.7111,15.1,0.9
IC2709,IC2709,Galaxy,11.31171,12.5617,17.5,0.5
IC2710,IC2710,Double Star,11.31231,13.5666,,
IC2711,IC2711,Star,11.31291,13.7384,,
IC2712,IC2712,Galaxy,11.31466,9.6269,16.6,0.5
IC2713,IC2713,Galaxy,11.31951,12.1648,16.3,0.6
IC2714,IC2714,Open Cluster,11.29093,-62.7251,8.2,7.2
IC2715,IC2715,Galaxy,11.32066,11.9522,21.0,0.7
IC2716,IC2716,Galaxy,11.32121,11.6986,17.7,0.4
IC2717,IC2717,Star,11.32188,12.0486,,
IC2718,IC2718,Galaxy,11.32247,12.0223,15.8,0.6
IC2719,IC2719,Galaxy,11.32561,12.0598,17.9,0.2
IC2720,IC2720,Galaxy,11.32657,12.0766,15.6,0.8
IC2721,IC2721,Other,11.32856,12.3106,,
IC2722,IC2722,Galaxy Triplet,11.32899,13.9629,,0.7
IC2723,IC2723,Galaxy,11.32997,12.0334,17.4,0.5
IC2724,IC2724,Galaxy,11.33012,10.7166,16.8,0.5
IC2725,IC2725,Galaxy,11.33262,13.4293,17.2,0.5
IC2726,IC2726,Other,11.33290,13.4156,,
IC2727,IC2727,Galaxy,11.33335,12.0333,16.7,0.4
IC2728,IC2728,Star,11.33476,13.4270,,
IC2729,IC2729,Galaxy,11.33521,13.4093,17.6,0.4
IC2730,IC2730,Star,11.33539,12.3665,,
IC2731,IC2731,Star,11.33619,13.5583,,
IC2732,IC2732,Galaxy,11.33677,12.4040,17.2,0.4
IC2733,IC2733,Double Star,11.33814,13.8353,,
IC2734,IC2734,Galaxy,11.33995,12.4430,16.5,0.8
IC2735,IC2735,Galaxy,11.35108,34.3439,15.1,1.2
IC2736,IC2736,Star,11.34851,12.4087,,
IC2737,IC2737,Star,11.35229,14.2932,,
IC2738,IC2738,Galaxy,11.35641,34.3567,15.1,0.8
IC2739,IC2739,Galaxy,11.35345,11.9147,16.9,0.4
IC2740,IC2740,Galaxy,11.35474,8.7523,17.4,0.4
IC2741,IC2741,Galaxy,11.35485,9.1524,16.6,0.4
IC2742,IC2742,Galaxy,11.35520,10.4467,17.5,0.3
IC2743,IC2743,Star,11.35694,8.6931,,
IC2744,IC2744,Galaxy,11.36181,34.3628,14.8,1.1
IC2745,IC2745,Galaxy,11.35882,13.4266,15.2,0.6
IC2746,IC2746,Galaxy,11.36012,11.7371,16.7,0.5
IC2747,IC2747,Double Star,11.36116,8.8033,,
IC2748,IC2748,Galaxy,11.36223,8.8050,16.6,0.5
IC2749,IC2749,Galaxy,11.36256,8.5748,15.8,0.6
IC2750,IC2750,Galaxy,11.36411,9.6584,17.4,0.4
IC2751,IC2751,Galaxy,11.36872,34.3664,15.4,0.6
IC2752,IC2752,Galaxy,11.36721,14.1245,16.7,0.6
IC2753,IC2753,Galaxy,11.36659,9.8781,16.7,0.3
IC2754,IC2754,Galaxy,11.36733,14.1441,17.0,0.5
IC2755,IC2755,Star,11.36734,13.7931,,
IC2756,IC2756,Galaxy,11.36692,9.9602,17.1,0.5
IC2757,IC2757,Galaxy,11.36725,8.3938,15.2,0.7
IC2758,IC2758,Galaxy,11.36759,7.8135,15.4,0.7
IC2759,IC2759,Galaxy,11.37036,24.3172,15.1,0.7
IC2760,IC2760,Galaxy,11.37022,12.6654,17.4,0.5
IC2761,IC2761,Galaxy,11.37144,14.1776,16.8,0.4
IC2762,IC2762,Galaxy,11.37164,12.7225,15.8,0.9
IC2763,IC2763,Galaxy,11.37182,13.0651,14.9,1.4
IC2764,IC2764,Galaxy,11.45140,-28.9802,12.3,2.2
IC2765,IC2765,Galaxy,11.37309,14.1991,17.2,0.3
IC2766,IC2766,Galaxy,11.37307,12.9035,17.1,0.5
IC2767,IC2767,Galaxy,11.37311,13.0778,17.0,0.9
IC2768,IC2768,Galaxy,11.37321,12.5289,17.3,0.4
IC2769,IC2769,Galaxy,11.37379,14.1959,15.9,0.4
IC2770,IC2770,Galaxy,11.37354,9.2207,16.6,0.4
IC2771,IC2771,Galaxy,11.37446,12.5192,18.1,0.3
IC2772,IC2772,Star,11.37511,13.5991,,
IC2773,IC2773,Star,11.37648,13.5745,,
IC2774,IC2774,Star,11.37699,12.5149,,
IC2775,IC2775,Galaxy,11.37766,12.5120,17.7,0.3
IC2776,IC2776,Galaxy,11.37777,13.3305,15.2,0.9
IC2777,IC2777,Galaxy,11.37793,12.0256,15.3,0.8
IC2778,IC2778,Other,11.37831,12.5263,,
IC2779,IC2779,Galaxy,11.37903,13.3453,17.5,0.3
IC2780,IC2780,Galaxy,11.38004,10.1496,16.5,0.7
IC2781,IC2781,Galaxy,11.38074,12.3449,17.2,0.4
IC2782,IC2782,Galaxy,11.38204,13.4413,15.2,0.9
IC2783,IC2783,Galaxy,11.38156,8.8841,16.4,0.7
IC2784,IC2784,Galaxy,11.38656,13.1177,16.4,0.7
IC2785,IC2785,Galaxy,11.38760,13.3912,15.5,0.9
IC2786,IC2786,Galaxy,11.38819,13.3920,16.6,0.9
IC2787,IC2787,Galaxy,11.38863,13.6298,15.5,0.8
IC2788,IC2788,Galaxy,11.39082,12.6980,18.1,0.4
IC2789,IC2789,Galaxy,11.39241,14.1880,18.0,0.1
IC2790,IC2790,Galaxy,11.39279,9.5554,16.9,0.5
IC2791,IC2791,Galaxy,11.39378,12.8958,17.1,0.6
IC2792,IC2792,Galaxy,11.39486,11.4048,17.1,0.5
IC2793,IC2793,Galaxy Pair,11.39650,9.4498,,0.5
IC2794,IC2794,Star,11.40101,12.7910,,
IC2795,IC2795,Galaxy,11.40113,12.1351,17.4,0.4
IC2796,IC2796,Galaxy Pair,11.40232,9.3441,,0.6
IC2797,IC2797,Galaxy,11.40585,11.7059,16.4,0.8
IC2798,IC2798,Galaxy,11.40666,12.4156,16.9,0.8
IC2799,IC2799,Galaxy,11.40741,13.8491,17.2,0.5
IC2800,IC2800,Galaxy,11.40752,12.2088,17.4,0.6
IC2801,IC2801,Galaxy,11.40806,10.1838,16.3,0.5
IC2802,IC2802,Galaxy,11.40843,12.2087,17.8,0.3
IC2803,IC2803,Galaxy,11.40984,9.8500,17.3,0.4
IC2804,IC2804,Galaxy,11.41548,13.2221,15.1,0.9
IC2805,IC2805,Star,11.41664,14.0145,,
IC2806,IC2806,Star,11.42092,9.6522,,
IC2807,IC2807,Galaxy,11.42140,11.5301,17.5,0.3
IC2808,IC2808,Star,11.42413,9.1321,,
IC2809,IC2809,Star,11.42716,8.5263,,
IC2810,IC2810,Galaxy,11.42918,14.6766,15.2,1.0
IC2811,IC2811,Galaxy,11.42907,9.1705,16.7,0.7
IC2812,IC2812,Galaxy,11.43217,11.5299,16.9,0.5
IC2813,IC2813,Galaxy,11.43514,11.2558,16.8,0.5
IC2814,IC2814,Galaxy,11.43570,9.6618,16.7,0.4
IC2815,IC2815,Galaxy,11.43793,12.8038,17.1,0.5
IC2816,IC2816,Galaxy,11.43841,10.6365,16.6,0.7
IC2817,IC2817,Star,11.43856,9.1490,,
IC2818,IC2818,Galaxy,11.44080,12.9209,17.3,0.5
IC2819,IC2819,Galaxy,11.44096,13.8449,16.1,0.6
IC2820,IC2820,Galaxy,11.44079,10.2385,16.6,0.5
IC2821,IC2821,Galaxy,11.44302,13.9629,16.8,0.2
IC2822,IC2822,Galaxy,11.44279,11.4401,15.1,1.4
IC2823,IC2823,Galaxy,11.44574,12.8484,15.8,0.9
IC2824,IC2824,Star,11.45135,14.0853,,
IC2825,IC2825,Star,11.45099,8.4439,,
IC2826,IC2826,Galaxy,11.45169,13.2387,15.2,0.7
IC2827,IC2827,Star,11.45269,11.5144,,
IC2828,IC2828,Galaxy,11.45304,8.7311,14.9,1.0
IC2829,IC2829,Galaxy,11.45416,10.3224,15.7,0.9
IC2830,IC2830,Galaxy,11.45599,7.8143,15.5,0.5
IC2831,IC2831,Star,11.45628,8.9789,,
IC2832,IC2832,Star,11.45698,13.9894,,
IC2833,IC2833,Star,11.45725,13.6028,,
IC2834,IC2834,Galaxy,11.45884,13.5703,17.5,0.5
IC2835,IC2835,Galaxy,11.45877,12.1429,16.9,0.6
IC2836,IC2836,Star,11.46034,9.0848,,
IC2837,IC2837,Galaxy,11.46166,10.3131,16.5,0.4
IC2838,IC2838,Galaxy,11.46257,14.0113,16.8,0.2
IC2839,IC2839,Galaxy,11.46262,10.8197,17.1,0.5
IC2840,IC2840,Galaxy,11.46322,13.4259,17.3,0.4
IC2841,IC2841,Star,11.46357,12.6031,,
IC2842,IC2842,Galaxy,11.46325,9.6520,17.1,0.5
IC2843,IC2843,Galaxy,11.46614,13.1839,15.5,0.7
IC2844,IC2844,Galaxy,11.46614,11.4533,16.4,0.7
IC2845,IC2845,Galaxy,11.46679,12.5297,16.8,0.7
IC2846,IC2846,Galaxy,11.46680,11.1583,15.0,0.9
IC2847,IC2847,Galaxy,11.46761,13.9304,17.2,0.2
IC2848,IC2848,Galaxy,11.47046,13.0305,17.1,0.5
IC2849,IC2849,Star,11.46991,9.0940,,
IC2850,IC2850,Galaxy,11.47027,9.0623,15.0,0.8
IC2851,IC2851,Galaxy,11.47072,11.3944,17.3,0.4
IC2852,IC2852,Galaxy,11.47057,9.8005,16.7,0.5
IC2853,IC2853,Galaxy,11.47079,9.1470,14.5,0.9
IC2854,IC2854,Star,11.47219,8.9687,,
IC2855,IC2855,Galaxy,11.47361,9.6877,18.5,0.3
IC2856,IC2856,Galaxy,11.47120,-12.8907,14.6,1.0
IC2857,IC2857,Galaxy,11.47529,9.1044,15.3,1.8
IC2858,IC2858,Galaxy,11.47666,13.6615,16.9,0.2
IC2859,IC2859,Star,11.47827,9.1085,,
IC2860,IC2860,Galaxy,11.47906,14.0419,16.6,0.3
IC2861,IC2861,Galaxy,11.48305,38.8513,15.3,0.8
IC2862,IC2862,Galaxy,11.47870,10.1273,16.9,0.5
IC2863,IC2863,Star,11.48166,9.0953,,
IC2864,IC2864,Galaxy,11.48324,12.3677,16.8,0.6
IC2865,IC2865,Star,11.48326,9.1155,,
IC2866,IC2866,Star,11.48334,9.0422,,
IC2867,IC2867,Galaxy,11.48348,9.0894,15.9,0.5
IC2868,IC2868,Star,11.48494,9.0943,,
IC2869,IC2869,Star,11.48576,9.0174,,
IC2870,IC2870,Galaxy,11.48678,11.8655,18.0,1.1
IC2871,IC2871,Galaxy,11.48908,8.6024,15.2,0.9
IC2872,IC2872,Nebula,11.46890,-62.9889,,15.1
IC2873,IC2873,Galaxy Pair,11.49095,13.2183,,0.7
IC2874,IC2874,Galaxy,11.49099,10.6292,16.9,0.5
IC2875,IC2875,Star,11.49304,12.9899,,
IC2876,IC2876,Galaxy,11.49267,9.0162,16.7,0.6
IC2877,IC2877,Galaxy,11.49382,12.8533,16.1,0.6
IC2878,IC2878,Galaxy,11.49395,9.9676,16.5,0.5
IC2879,IC2879,Galaxy,11.49564,9.0139,16.8,0.4
IC2880,IC2880,Star,11.49806,13.1988,,
IC2881,IC2881,Galaxy,11.49845,12.5112,18.5,0.3
IC2882,IC2882,Star,11.50262,11.9891,,
IC2883,IC2883,Galaxy,11.50439,10.9109,17.2,0.3
IC2884,IC2884,Star Association,11.46140,-79.7344,,
IC2885,IC2885,Star,11.50628,9.7721,,
IC2886,IC2886,Galaxy,11.50679,11.5627,17.1,0.3
IC2888,IC2888,Other,11.50975,9.9085,,
IC2889,IC2889,Galaxy,11.50805,-13.0910,14.7,1.2
IC2890,IC2890,Star,11.51282,13.1818,,
IC2891,IC2891,Galaxy,11.51337,12.6777,16.6,0.5
IC2892,IC2892,Galaxy,11.51359,10.5886,16.9,0.7
IC2893,IC2893,Galaxy Pair,11.51480,13.3910,,0.5
IC2894,IC2894,Galaxy,11.51597,13.2354,16.0,0.6
IC2895,IC2895,Star,11.51591,9.9769,,
IC2896,IC2896,Galaxy,11.52040,12.3501,16.6,0.5
IC2897,IC2897,Star,11.52205,11.5491,,
IC2898,IC2898,Galaxy,11.52234,13.3362,16.6,0.5
IC2899,IC2899,Double Star,11.52233,10.6347,,
IC2900,IC2900,Galaxy,11.52491,13.1673,17.3,0.3
IC2901,IC2901,Galaxy,11.52559,12.6997,17.0,0.6
IC2902,IC2902,Star,11.52588,14.2227,,
IC2903,IC2903,Galaxy,11.52799,12.6426,16.8,0.4
IC2904,IC2904,Star,11.52844,13.1841,16.8,
IC2905,IC2905,Star,11.52972,9.1070,,
IC2906,IC2906,Star,11.53045,13.1329,,
IC2907,IC2907,Star,11.53021,9.8994,,
IC2908,IC2908,Star,11.53069,12.9379,,
IC2909,IC2909,Galaxy,11.53080,11.4702,17.8,0.2
IC2910,IC2910,Galaxy,11.53186,-9.7254,14.6,1.3
IC2911,IC2911,Double Star,11.53462,12.9774,,
IC2912,IC2912,Galaxy,11.53531,11.7097,17.1,0.6
IC2913,IC2913,Galaxy,11.53093,-30.4108,13.8,1.0
IC2914,IC2914,Galaxy,11.53679,13.4925,15.5,0.7
IC2916,IC2916,Star,11.53782,11.6837,,
IC2917,IC2917,Galaxy,11.53870,10.9454,18.0,0.3
IC2918,IC2918,Star,11.54062,13.2485,,
IC2919,IC2919,Galaxy,11.54303,14.1892,15.9,0.6
IC2920,IC2920,Star,11.54685,12.5571,,
IC2921,IC2921,Galaxy,11.54702,10.2965,16.9,0.6
IC2922,IC2922,Star,11.54756,12.9228,,
IC2923,IC2923,Galaxy,11.54821,13.1640,16.8,0.4
IC2924,IC2924,Star,11.54783,9.0233,,
IC2925,IC2925,Galaxy,11.55368,34.2651,15.3,0.5
IC2926,IC2926,Star,11.55113,12.4364,,
IC2927,IC2927,Star,11.55133,13.0857,,
IC2928,IC2928,Galaxy,11.55832,34.3162,14.7,0.9
IC2929,IC2929,Galaxy,11.55874,12.1373,16.2,0.5
IC2930,IC2930,Galaxy,11.56226,10.0887,15.8,0.7
IC2931,IC2931,Star,11.56403,12.4672,,
IC2932,IC2932,Double Star,11.56492,10.5434,,
IC2933,IC2933,Galaxy,11.57021,34.3125,14.9,1.2
IC2934,IC2934,Galaxy,11.57210,13.3220,15.2,0.7
IC2935,IC2935,Star,11.58006,10.2501,,
IC2936,IC2936,Galaxy,11.58245,13.0088,16.5,0.4
IC2937,IC2937,Star,11.58427,10.1034,,
IC2938,IC2938,Galaxy,11.59342,13.6807,15.3,0.9
IC2939,IC2939,Star,11.59388,10.6971,,
IC2940,IC2940,Other,11.60076,21.9617,,
IC2941,IC2941,Galaxy,11.60277,10.0556,15.0,0.8
IC2942,IC2942,Galaxy,11.60339,11.8159,16.2,0.7
IC2943,IC2943,Galaxy,11.61175,54.8460,15.1,0.4
IC2944,lam Cen Nebula,Cluster + Nebula,11.59637,-63.0198,4.5,7.2
IC2945,IC2945,Galaxy Pair,11.61786,12.9266,,1.0
IC2946,IC2946,Galaxy,11.62491,32.2525,15.0,0.5
IC2947,IC2947,Galaxy,11.62527,31.3623,14.2,0.8
IC2948,IC2948,Cluster + Nebula,11.65165,-63.4439,,6.0
IC2949,IC2949,Double Star,11.68176,-46.4546,,
IC2950,IC2950,Galaxy,11.69387,37.9921,14.9,0.7
IC2951,IC2951,Galaxy,11.72349,19.7498,13.6,1.5
IC2952,IC2952,Galaxy,11.73809,33.3514,15.8,0.3
IC2954,IC2954,Star,11.75091,26.7865,,
IC2955,IC2955,Galaxy,11.75109,19.6206,14.2,0.4
IC2956,IC2956,Galaxy,11.75488,26.7674,14.8,0.9
IC2957,IC2957,Galaxy,11.76026,31.2996,14.9,0.8
IC2958,IC2958,Galaxy,11.76176,33.1544,15.7,0.7
IC2960,IC2960,Galaxy,11.77214,35.0037,15.4,0.8
IC2961,IC2961,Galaxy,11.79710,31.3447,15.7,0.5
IC2962,IC2962,Other,11.81833,-12.3114,,
IC2964,IC2964,Other,11.83124,12.0503,,
IC2966,IC2966,Reflection Nebula,11.83710,-64.8729,,3.0
IC2967,IC2967,Galaxy,11.84865,30.8507,14.7,0.8
IC2968,IC2968,Galaxy,11.87515,20.6255,15.6,0.9
IC2969,IC2969,Galaxy,11.87535,-3.8723,13.8,1.3
IC2970,IC2970,Other,11.88604,-23.1233,,
IC2971,IC2971,Galaxy,11.89098,30.6969,15.7,0.7
IC2973,IC2973,Galaxy,11.89743,33.3655,14.4,1.4
IC2974,IC2974,Galaxy,11.89687,-5.1678,14.0,2.2
IC2977,IC2977,Galaxy,11.92074,-37.6963,12.2,2.1
IC2978,IC2978,Galaxy,11.93979,32.0387,15.4,1.0
IC2979,IC2979,Galaxy,11.94840,32.1588,14.5,0.8
IC2980,IC2980,Galaxy,11.95838,-73.6845,13.3,2.0
IC2981,IC2981,Galaxy,11.92851,32.1889,14.9,0.5
IC2983,IC2983,Other,11.97131,-2.1101,,
IC2984,IC2984,Galaxy,11.98534,30.6969,15.5,0.7
IC2985,IC2985,Galaxy,11.98687,30.7312,15.1,0.9
IC2986,IC2986,Galaxy,11.99711,30.8444,14.8,1.0
IC2987,IC2987,Galaxy,12.05682,38.8133,15.3,0.6
IC2988,IC2988,Other,12.06172,3.4292,,
IC2990,IC2990,Galaxy,12.07739,11.0501,15.1,0.7
IC2991,IC2991,Galaxy,12.08681,10.6404,15.8,0.7
IC2992,IC2992,Galaxy,12.08773,30.8556,14.8,0.6
IC2993,IC2993,Galaxy,12.09398,32.8222,16.0,0.3
IC2994,IC2994,Galaxy,12.09108,12.7029,15.7,0.5
IC2995,IC2995,Galaxy,12.09636,-27.9401,12.6,3.4
IC2996,IC2996,Galaxy,12.09684,-29.9719,14.4,1.8
IC2997,IC2997,Other,12.09569,20.2809,,
IC2998,IC2998,Other,12.09868,20.7534,,
IC2999,IC2999,Galaxy,12.09932,31.3485,15.7,0.7
IC3000,IC3000,Other,12.10238,-29.6734,,
IC3001,IC3001,Galaxy,12.10467,33.5259,15.5,0.7
IC3002,IC3002,Galaxy,12.11783,33.3828,15.6,0.6
IC3003,IC3003,Galaxy,12.12573,32.8130,14.9,0.8
IC3004,IC3004,Galaxy,12.11951,13.2475,15.8,0.6
IC3005,IC3005,Galaxy,12.12060,-30.0246,13.8,2.4
IC3006,IC3006,Other,12.12343,12.9934,,
IC3007,IC3007,Galaxy,12.12522,31.3481,15.6,0.7
IC3008,IC3008,Galaxy,12.13106,13.5773,14.7,0.9
IC3009,IC3009,Other,12.13336,12.6465,,
IC3010,IC3010,Galaxy,12.13261,-30.3395,12.2,2.1
IC3012,IC3012,Galaxy,12.13998,11.1766,15.9,0.6
IC3013,IC3013,Galaxy,12.14044,10.0167,15.3,0.6
IC3014,IC3014,Galaxy,12.14361,38.8318,14.5,0.8
IC3015,IC3015,Galaxy,12.15008,-31.5199,13.2,0.7
IC3016,IC3016,Galaxy,12.15515,11.4302,15.2,0.5
IC3017,IC3017,Galaxy,12.15634,13.6182,16.4,0.6
IC3018,IC3018,Galaxy,12.15693,13.5744,15.9,0.7
IC3019,IC3019,Galaxy,12.15618,13.9924,14.0,1.3
IC3020,IC3020,Galaxy,12.15756,14.2245,16.4,0.4
IC3021,IC3021,Galaxy,12.16516,13.0500,15.5,1.3
IC3022,IC3022,Galaxy,12.16733,38.7400,14.3,0.2
IC3023,IC3023,Galaxy,12.16715,14.3669,15.9,1.0
IC3024,IC3024,Galaxy,12.16998,12.3257,15.1,0.9
IC3025,IC3025,Galaxy,12.17308,10.1886,14.9,0.7
IC3026,IC3026,Other,12.17619,-29.9232,,
IC3027,IC3027,Other,12.17502,14.1935,,
IC3028,IC3028,Galaxy,12.17658,11.7608,15.7,0.6
IC3029,IC3029,Galaxy,12.17829,13.3313,14.8,1.3
IC3030,IC3030,Other,12.18501,14.1436,,
IC3031,IC3031,Galaxy,12.18449,13.3084,17.0,0.6
IC3032,IC3032,Galaxy,12.18549,14.2748,15.2,0.6
IC3033,IC3033,Galaxy,12.18610,13.5875,15.1,1.0
IC3034,IC3034,Galaxy,12.19661,14.2011,16.2,0.7
IC3036,IC3036,Galaxy,12.20420,12.4884,14.8,0.9
IC3037,IC3037,Galaxy,12.20569,9.9864,15.3,0.5
IC3038,IC3038,Galaxy,12.20906,11.3528,15.3,0.4
IC3039,IC3039,Galaxy,12.20905,12.3099,15.1,0.9
IC3040,IC3040,Galaxy,12.20959,11.0750,15.3,0.8
IC3041,IC3041,Galaxy,12.21185,12.7628,17.0,0.6
IC3043,IC3043,Galaxy,12.21311,10.0097,16.6,0.9
IC3044,IC3044,Galaxy,12.21348,13.9765,14.3,1.3
IC3045,IC3045,Other,12.21657,12.7795,,
IC3046,IC3046,Galaxy,12.21885,12.9182,15.3,1.3
IC3047,IC3047,Galaxy,12.22073,12.9977,16.5,0.6
IC3048,IC3048,Star,12.22262,13.0690,,
IC3049,IC3049,Galaxy,12.22603,14.4803,15.7,0.9
IC3052,IC3052,Galaxy,12.23007,12.6906,17.1,0.5
IC3053,IC3053,Galaxy,12.23109,14.2230,15.3,0.6
IC3054,IC3054,Galaxy,12.23734,13.5429,16.3,0.7
IC3055,IC3055,Galaxy Triplet,12.23953,12.0914,,0.5
IC3056,IC3056,Galaxy,12.24359,12.8119,14.8,1.3
IC3057,IC3057,Other,12.25074,-44.4730,,
IC3058,IC3058,Galaxy,12.24651,14.0955,16.3,0.5
IC3059,IC3059,Galaxy,12.24862,13.4605,14.3,1.7
IC3060,IC3060,Galaxy,12.25058,12.5471,14.8,0.7
IC3061,IC3061,Galaxy,12.25123,14.0290,13.6,2.2
IC3062,IC3062,Galaxy,12.25149,13.5948,14.6,0.8
IC3063,IC3063,Galaxy,12.25187,12.0167,14.8,1.0
IC3065,IC3065,Galaxy,12.25349,14.4329,14.4,1.2
IC3066,IC3066,Galaxy,12.25461,13.4731,15.7,1.0
IC3068,IC3068,Galaxy,12.25644,11.5109,16.5,0.5
IC3069,IC3069,Galaxy,12.25552,10.1608,16.6,0.5
IC3070,IC3070,Star,12.25685,13.0395,,
IC3071,IC3071,Star,12.25885,9.5456,,
IC3072,IC3072,Star,12.26059,9.5556,,
IC3073,IC3073,Galaxy,12.25989,13.6192,15.2,0.9
IC3074,IC3074,Galaxy,12.26283,10.6992,14.8,0.3
IC3075,IC3075,Galaxy,12.26530,23.5956,15.1,0.9
IC3076,IC3076,Star,12.26777,9.0789,,
IC3077,IC3077,Galaxy,12.26565,14.4330,14.6,1.1
IC3078,IC3078,Galaxy,12.26668,12.6873,15.7,0.6
IC3079,IC3079,Galaxy,12.26781,11.5349,15.3,0.7
IC3080,IC3080,Galaxy,12.26741,14.1894,15.0,0.7
IC3081,IC3081,Galaxy,12.26918,12.6913,15.0,0.8
IC3082,IC3082,Galaxy,12.27003,23.8421,15.9,0.7
IC3083,IC3083,Galaxy,12.27257,12.5278,17.1,0.5
IC3084,IC3084,Galaxy,12.27318,23.9179,15.7,0.5
IC3085,IC3085,Star,12.27389,9.4690,,
IC3086,IC3086,Double Star,12.27437,9.0092,,
IC3087,IC3087,Double Star,12.27403,13.2878,,
IC3088,IC3088,Star,12.27454,9.4588,,
IC3089,IC3089,Galaxy,12.27492,23.8277,15.7,0.7
IC3090,IC3090,Double Star,12.27545,9.4394,,
IC3091,IC3091,Galaxy,12.27477,14.0124,14.5,1.1
IC3092,IC3092,Galaxy,12.27564,10.0464,16.4,0.4
IC3093,IC3093,Galaxy,12.27843,14.2778,14.8,0.4
IC3094,IC3094,Galaxy,12.28223,13.6254,14.5,0.5
IC3095,IC3095,Galaxy,12.28209,23.9579,15.8,0.5
IC3096,IC3096,Galaxy,12.28121,14.5146,15.2,1.1
IC3097,IC3097,Galaxy,12.28364,9.4076,15.3,0.8
IC3099,IC3099,Galaxy,12.28591,12.4540,15.0,1.9
IC3100,IC3100,Galaxy,12.28487,12.2898,15.1,1.4
IC3101,IC3101,Galaxy,12.28879,11.9435,15.8,0.6
IC3103,IC3103,Star,12.29124,9.3604,14.6,
IC3104,IC3104,Galaxy,12.31279,-79.7261,13.7,2.4
IC3105,IC3105,Galaxy,12.29271,12.3881,14.8,1.6
IC3106,IC3106,Star,12.29606,9.6131,,
IC3107,IC3107,Galaxy,12.29637,10.8446,14.3,1.2
IC3108,IC3108,Galaxy,12.29519,13.3799,14.8,0.8
IC3109,IC3109,Galaxy,12.29559,13.1710,14.9,0.7
IC3110,IC3110,Galaxy,12.29579,37.3997,16.4,0.3
IC3111,IC3111,Galaxy,12.29745,8.4303,15.0,0.6
IC3112,IC3112,Galaxy,12.29677,26.0307,15.0,1.1
IC3114,IC3114,Star,12.29910,9.1354,,
IC3116,IC3116,Galaxy,12.29921,25.0765,16.2,0.5
IC3117,IC3117,Double Star,12.30129,9.0765,,
IC3118,IC3118,Galaxy,12.30307,9.4998,14.7,1.3
IC3119,IC3119,Galaxy,12.30236,24.6883,15.4,0.6
IC3120,IC3120,Galaxy,12.30426,13.7491,15.8,0.6
IC3121,IC3121,Galaxy Pair,12.30486,13.2572,,0.5
IC3122,IC3122,Galaxy,12.30595,25.2168,14.6,1.3
IC3123,IC3123,Star,12.30766,8.0649,7.3,
IC3124,IC3124,Star,12.30765,9.5884,,
IC3125,IC3125,Star,12.30708,24.3651,,
IC3126,IC3126,Galaxy,12.31032,13.8152,16.2,0.5
IC3127,IC3127,Galaxy,12.30979,11.8704,15.3,0.5
IC3128,IC3128,Galaxy Triplet,12.31117,11.7336,,1.4
IC3128A,IC3128A,Galaxy,12.31163,11.7318,15.0,0.7
IC3128B,IC3128B,Galaxy,12.31071,11.7350,18.3,0.3
IC3129,IC3129,Star,12.31249,9.5907,,
IC3130,IC3130,Double Star,12.31378,8.2330,,
IC3131,IC3131,Galaxy,12.31414,7.8619,14.1,1.0
IC3133,IC3133,Other,12.31516,7.6397,,
IC3134,IC3134,Galaxy,12.31559,8.9616,14.7,0.8
IC3135,IC3135,Galaxy,12.31461,27.4915,17.1,0.3
IC3136,IC3136,Galaxy,12.31594,6.1844,14.9,1.2
IC3137,IC3137,Galaxy,12.31519,12.4701,16.9,0.7
IC3138,IC3138,Galaxy Pair,12.31561,12.4439,,0.5
IC3139,IC3139,Star,12.31688,9.1268,,
IC3140,IC3140,Star,12.31608,27.1295,,
IC3141,IC3141,Galaxy,12.31623,24.1863,15.3,0.9
IC3142,IC3142,Galaxy Pair,12.31764,13.9814,,1.4
IC3143,IC3143,Galaxy,12.31816,27.2984,15.6,0.6
IC3144,IC3144,Galaxy,12.31938,25.2970,16.8,0.4
IC3145,IC3145,Star,12.31958,24.2941,,
IC3146,IC3146,Galaxy,12.32014,25.7150,16.8,0.5
IC3147,IC3147,Galaxy Pair,12.32164,12.0172,,1.0
IC3148,IC3148,Galaxy,12.32267,7.8703,15.6,0.6
IC3149,IC3149,Galaxy,12.32339,12.3014,15.2,0.6
IC3150,IC3150,Galaxy,12.32458,7.7982,15.4,0.4
IC3151,IC3151,Galaxy,12.32580,9.4142,14.8,0.9
IC3152,IC3152,Galaxy,12.32666,-26.1455,12.4,1.7
IC3153,IC3153,Galaxy,12.32690,5.3978,15.0,0.5
IC3154,IC3154,Galaxy,12.32611,25.5859,16.0,0.6
IC3155,IC3155,Galaxy,12.32925,6.0057,14.4,1.0
IC3156,IC3156,Galaxy,12.32893,9.1486,14.7,0.7
IC3157,IC3157,Galaxy,12.32998,12.4219,15.1,1.0
IC3158,IC3158,Double Star,12.33052,9.2897,,
IC3159,IC3159,Galaxy,12.33145,11.6745,16.6,0.5
IC3160,IC3160,Star,12.33329,9.1019,,
IC3161,IC3161,Star,12.33367,8.9991,,
IC3162,IC3162,Star,12.33420,8.9970,,
IC3163,IC3163,Double Star,12.33493,9.2556,,
IC3164,IC3164,Double Star,12.33469,24.9559,,
IC3165,IC3165,Galaxy,12.33466,27.9753,14.8,1.0
IC3166,IC3166,Other,12.33167,60.6943,,
IC3167,IC3167,Galaxy,12.33855,9.5454,14.7,1.4
IC3168,IC3168,Galaxy,12.33848,27.9204,15.7,0.7
IC3169,IC3169,Galaxy,12.33928,25.5995,16.6,0.5
IC3170,IC3170,Galaxy,12.34071,9.4242,14.6,0.6
IC3171,IC3171,Galaxy,12.34002,25.5606,14.6,0.9
IC3172,IC3172,Galaxy,12.34015,27.8188,16.3,0.7
IC3173,IC3173,Galaxy,12.34172,11.3409,15.3,0.7
IC3174,IC3174,Galaxy,12.34154,10.2452,15.2,0.6
IC3175,IC3175,Galaxy,12.34260,9.8534,15.0,0.8
IC3176,IC3176,Galaxy,12.34169,25.5154,16.3,0.7
IC3177,IC3177,Other,12.34287,14.1276,,
IC3178,IC3178,Star,12.34307,26.1693,,
IC3179,IC3179,Galaxy,12.34381,26.1654,16.6,0.3
IC3180,IC3180,Other,12.33993,60.6943,,
IC3182,IC3182,Double Star,12.34660,12.7301,,
IC3183,IC3183,Double Star,12.34691,6.6867,,
IC3184,IC3184,Galaxy,12.34633,24.9156,15.6,0.8
IC3185,IC3185,Galaxy,12.34797,25.4297,15.9,0.7
IC3186,IC3186,Galaxy,12.34886,24.6686,14.4,0.5
IC3187,IC3187,Galaxy,12.34852,11.1618,15.5,0.7
IC3188,IC3188,Galaxy,12.34864,11.0089,14.8,0.8
IC3189,IC3189,Galaxy,12.34898,25.4265,16.2,0.6
IC3190,IC3190,Star,12.35067,9.5698,,
IC3191,IC3191,Star,12.35143,7.7044,,
IC3192,IC3192,Galaxy,12.35134,11.7546,16.1,0.6
IC3193,IC3193,Galaxy,12.35036,27.8988,15.7,1.0
IC3194,IC3194,Galaxy,12.35250,25.1335,16.4,0.6
IC3195,IC3195,Galaxy,12.35484,25.8083,16.4,0.5
IC3196,IC3196,Galaxy,12.35740,11.7578,16.4,0.5
IC3197,IC3197,Star,12.35719,25.4439,,
IC3198,IC3198,Star,12.35865,26.3663,,
IC3199,IC3199,Galaxy,12.36267,10.5956,15.0,1.0
IC3200,IC3200,Galaxy,12.36033,26.7608,16.5,0.5
IC3201,IC3201,Galaxy,12.36121,25.7260,17.1,0.4
IC3202,IC3202,Galaxy,12.36231,27.0571,16.7,0.7
IC3203,IC3203,Galaxy,12.36267,25.8847,15.4,1.3
IC3204,IC3204,Galaxy,12.36401,24.2491,16.8,0.5
IC3205,IC3205,Galaxy,12.36415,26.3410,15.6,0.6
IC3206,IC3206,Galaxy,12.36425,26.3636,15.8,0.5
IC3207,IC3207,Galaxy,12.36451,24.3546,16.4,0.8
IC3208,IC3208,Galaxy,12.36544,11.9668,16.0,1.0
IC3209,IC3209,Galaxy,12.36838,11.7547,15.0,1.0
IC3210,IC3210,Galaxy,12.36694,28.4311,15.4,0.7
IC3212,IC3212,Galaxy,12.36761,28.1860,15.5,0.7
IC3213,IC3213,Galaxy,12.36880,23.8696,15.5,0.5
IC3214,IC3214,Star,12.36920,27.2351,,
IC3215,IC3215,Galaxy,12.36955,26.0519,15.5,1.3
IC3216,IC3216,Galaxy,12.36995,25.2867,16.5,0.5
IC3217,IC3217,Galaxy,12.37030,26.3880,17.5,0.4
IC3218,IC3218,Galaxy,12.37209,6.9279,15.7,0.6
IC3219,IC3219,Galaxy,12.37084,25.9513,16.4,0.8
IC3220,IC3220,Galaxy,12.37266,10.6020,15.9,1.1
IC3221,IC3221,Galaxy,12.37226,25.2838,17.1,0.6
IC3222,IC3222,Galaxy,12.37208,28.8316,15.1,0.6
IC3223,IC3223,Other,12.37517,9.4872,,
IC3224,IC3224,Galaxy,12.37664,12.1580,16.3,0.4
IC3225,IC3225,Galaxy,12.37750,6.6771,14.4,0.9
IC3226,IC3226,Star,12.37638,26.0673,,
IC3227,IC3227,Galaxy,12.37657,24.0851,16.5,0.5
IC3228,IC3228,Galaxy,12.37761,24.3301,16.2,1.1
IC3229,IC3229,Galaxy,12.38133,6.6799,15.2,1.2
IC3230,IC3230,Galaxy,12.37769,27.7470,16.4,0.4
IC3231,IC3231,Galaxy,12.37883,24.8205,,0.7
IC3232,IC3232,Star,12.37994,24.4245,,
IC3233,IC3233,Galaxy,12.38191,12.5668,16.6,0.7
IC3234,IC3234,Galaxy,12.38116,28.1125,16.9,0.4
IC3235,IC3235,Galaxy,12.38275,13.5458,16.6,0.6
IC3236,IC3236,Galaxy,12.38340,10.1012,16.5,0.4
IC3237,IC3237,Galaxy,12.38278,28.4942,15.9,0.5
IC3238,IC3238,Galaxy,12.38511,14.4583,14.7,0.7
IC3239,IC3239,Galaxy,12.38599,11.7260,16.2,0.8
IC3240,IC3240,Galaxy,12.38537,10.3623,16.5,0.5
IC3241,IC3241,Galaxy,12.38568,26.9053,16.3,0.7
IC3242,IC3242,Galaxy,12.38623,26.2489,16.5,0.6
IC3243,IC3243,Galaxy,12.38648,27.7657,15.7,0.8
IC3244,IC3244,Galaxy,12.38674,14.3890,15.0,0.8
IC3245,IC3245,Other,12.38825,9.1296,,
IC3246,IC3246,Galaxy,12.38810,13.0518,16.3,0.5
IC3247,IC3247,Galaxy,12.38722,28.8938,15.4,1.9
IC3248,IC3248,Star,12.38802,25.5520,,
IC3249,IC3249,Galaxy,12.38831,25.4447,16.8,0.4
IC3250,IC3250,Star,12.38828,25.6288,,
IC3251,IC3251,Star,12.38858,25.6534,,
IC3252,IC3252,Double Star,12.39026,28.6182,,
IC3253,IC3253,Galaxy,12.39589,-34.6222,12.1,3.0
IC3255,IC3255,Galaxy,12.39298,9.6486,14.7,0.6
IC3257,IC3257,Other,12.39575,7.2538,,
IC3258,IC3258,Galaxy,12.39569,12.4783,13.3,1.4
IC3259,IC3259,Galaxy,12.39681,7.1868,13.5,1.6
IC3261,IC3261,Galaxy,12.39792,11.4813,17.2,0.5
IC3262,IC3262,Galaxy,12.39671,27.3943,15.2,0.8
IC3263,IC3263,Galaxy,12.39739,28.1995,14.4,0.6
IC3264,IC3264,Galaxy,12.39776,25.5574,16.7,0.6
IC3265,IC3265,Star,12.39968,7.8038,,
IC3267,IC3267,Galaxy,12.40154,7.0413,13.4,1.2
IC3268,IC3268,Galaxy,12.40207,6.6075,13.8,1.0
IC3269,IC3269,Galaxy,12.40122,27.4348,16.5,0.8
IC3270,IC3270,Galaxy,12.40163,27.5779,16.3,0.6
IC3271,IC3271,Galaxy,12.40387,7.9530,14.6,0.8
IC3272,IC3272,Galaxy,12.40259,23.2846,16.8,0.5
IC3275,IC3275,Galaxy,12.40541,10.4463,16.5,0.5
IC3276,IC3276,Galaxy,12.40392,25.8188,16.5,0.6
IC3277,IC3277,Other,12.40436,25.5640,,
IC3278,IC3278,Galaxy Triplet,12.40416,27.4208,,0.9
IC3279,IC3279,Double Star,12.40667,12.8524,,
IC3280,IC3280,Galaxy,12.40743,13.2334,15.1,0.7
IC3281,IC3281,Other,12.40775,7.8191,,
IC3282,IC3282,Star,12.40779,25.6706,,
IC3283,IC3283,Galaxy,12.40778,27.2112,16.5,0.7
IC3284,IC3284,Galaxy,12.41043,10.8390,15.2,0.6
IC3285,IC3285,Star,12.40930,24.8597,,
IC3286,IC3286,Galaxy,12.40958,23.7479,16.1,0.5
IC3287,IC3287,Galaxy,12.41027,24.5947,17.6,0.2
IC3288,IC3288,Galaxy,12.41095,24.9499,16.3,0.6
IC3289,IC3289,Galaxy,12.41596,-26.0307,14.2,1.1
IC3290,IC3290,Galaxy,12.41916,-39.7755,13.6,2.2
IC3291,IC3291,Galaxy,12.41345,12.0185,16.5,0.6
IC3292,IC3292,Galaxy,12.41343,18.1951,15.0,1.1
IC3293,IC3293,Galaxy,12.41486,17.4324,16.3,0.7
IC3294,IC3294,Galaxy,12.41381,25.5975,17.3,0.4
IC3295,IC3295,Other,12.41361,28.7078,,
IC3296,IC3296,Galaxy,12.41607,24.3829,15.5,0.5
IC3297,IC3297,Star,12.41615,26.7712,,
IC3298,IC3298,Galaxy,12.41772,17.0153,15.3,1.3
IC3299,IC3299,Galaxy,12.41754,27.3745,17.2,0.6
IC3300,IC3300,Galaxy,12.41805,25.9576,15.2,1.1
IC3301,IC3301,Galaxy,12.42154,14.1726,16.1,0.5
IC3302,IC3302,Galaxy,12.41956,25.8798,17.0,0.4
IC3303,IC3303,Galaxy,12.42089,12.7146,14.4,0.9
IC3304,IC3304,Galaxy,12.41992,25.4243,18.6,0.2
IC3305,IC3305,Galaxy,12.42069,11.8496,14.9,1.1
IC3306,IC3306,Galaxy,12.42013,27.4024,16.1,0.9
IC3308,IC3308,Galaxy,12.42172,26.7151,15.0,0.6
IC3309,IC3309,Galaxy,12.42226,28.3810,15.7,1.0
IC3310,IC3310,Star,12.43203,15.6805,,
IC3311,IC3311,Galaxy,12.42586,12.2603,14.7,1.9
IC3312,IC3312,Galaxy,12.42497,23.5816,17.1,0.5
IC3313,IC3313,Galaxy,12.42679,15.8298,14.2,1.3
IC3314,IC3314,Galaxy,12.42541,23.5911,16.2,0.5
IC3315,IC3315,Galaxy,12.42748,12.3138,15.9,0.6
IC3316,IC3316,Galaxy,12.42671,26.1632,16.6,0.5
IC3317,IC3317,Galaxy,12.42747,25.3439,17.2,0.5
IC3318,IC3318,Star,12.43051,9.7628,11.4,
IC3319,IC3319,Other,12.43081,10.3910,,
IC3321,IC3321,Galaxy,12.42949,26.0825,16.6,0.7
IC3322,IC3322,Galaxy,12.43169,7.5548,14.1,2.3
IC3323,IC3323,Star,12.43002,27.5424,,
IC3324,IC3324,Galaxy,12.43032,26.7399,17.1,0.3
IC3325,IC3325,Galaxy,12.43096,23.8959,15.8,0.7
IC3326,IC3326,Galaxy,12.43132,23.7684,16.7,0.4
IC3327,IC3327,Galaxy,12.43411,14.8804,15.1,0.9
IC3328,IC3328,Galaxy,12.43276,10.0538,14.4,0.9
IC3329,IC3329,HII Region,12.43220,27.5641,,
IC3330,IC3330,Galaxy,12.43231,30.8436,15.0,1.1
IC3331,IC3331,Galaxy,12.43481,11.8122,15.0,1.0
IC3332,IC3332,Galaxy,12.43478,25.2798,,0.3
IC3333,IC3333,Star,12.43577,13.1329,14.8,
IC3334,IC3334,Galaxy,12.43598,28.4658,16.2,0.8
IC3335,IC3335,Galaxy,12.43865,26.1293,17.2,0.3
IC3336,IC3336,Galaxy,12.43886,26.8384,15.4,0.6
IC3337,IC3337,Galaxy,12.43930,25.3115,16.9,0.6
IC3338,IC3338,Galaxy,12.43952,25.8862,15.9,0.8
IC3340,IC3340,Galaxy,12.44242,16.8447,15.4,0.7
IC3341,IC3341,Galaxy,12.43978,27.7455,16.7,0.5
IC3342,IC3342,Star,12.44094,27.1386,,
IC3343,IC3343,Star,12.44308,8.8743,,
IC3344,IC3344,Galaxy,12.44233,13.5788,14.9,0.8
IC3345,IC3345,Galaxy,12.44259,24.3689,17.2,0.3
IC3346,IC3346,Galaxy,12.44567,11.3797,15.8,0.7
IC3347,IC3347,Galaxy,12.44571,10.9186,16.3,0.6
IC3348,IC3348,Galaxy,12.44392,25.6249,17.3,0.4
IC3349,IC3349,Galaxy,12.44641,12.4540,14.1,0.9
IC3350,IC3350,Double Star,12.44623,9.4426,12.7,
IC3351,IC3351,Star,12.44472,27.6056,,
IC3352,IC3352,Other,12.44661,8.7575,,
IC3353,IC3353,Galaxy,12.44586,27.9123,16.8,0.8
IC3354,IC3354,Star,12.44763,12.0971,,
IC3355,IC3355,Galaxy,12.44754,13.1757,15.1,1.1
IC3356,IC3356,Galaxy,12.44736,11.5590,15.4,1.5
IC3357,IC3357,Galaxy,12.44760,9.7775,15.4,0.5
IC3358,IC3358,Galaxy,12.44843,11.6640,13.6,1.1
IC3359,IC3359,Galaxy,12.44761,23.4982,16.6,0.5
IC3360,IC3360,Star,12.44742,26.0466,,
IC3361,IC3361,Galaxy,12.44849,10.6659,15.5,1.0
IC3362,IC3362,Galaxy,12.44845,26.6901,16.1,0.8
IC3363,IC3363,Galaxy,12.45085,12.5608,14.8,1.0
IC3364,IC3364,Galaxy,12.45136,25.5633,16.5,0.6
IC3365,IC3365,Galaxy,12.45311,15.8967,14.3,0.9
IC3366,IC3366,Galaxy,12.45337,9.4102,16.6,0.4
IC3367,IC3367,Galaxy Pair,12.45331,26.9567,,1.5
IC3368,IC3368,Galaxy,12.45566,16.4286,15.4,0.7
IC3369,IC3369,Galaxy,12.45471,16.0245,14.0,0.8
IC3370,IC3370,Galaxy,12.46037,-39.3378,11.2,3.1
IC3371,IC3371,Galaxy,12.45618,10.8668,15.3,1.2
IC3372,IC3372,Galaxy,12.45682,25.2872,17.0,0.3
IC3373,IC3373,Galaxy,12.45772,25.4539,16.4,0.7
IC3374,IC3374,Galaxy,12.45930,10.0038,15.4,0.9
IC3375,IC3375,Star,12.46121,27.3648,,
IC3376,IC3376,Galaxy,12.46398,26.9935,14.3,0.9
IC3377,IC3377,Galaxy,12.46443,24.9422,16.2,0.5
IC3378,IC3378,Galaxy,12.46709,17.2963,16.3,0.5
IC3379,IC3379,Galaxy,12.46785,17.3057,16.1,0.7
IC3380,IC3380,Galaxy,12.46820,26.6729,16.8,0.5
IC3381,IC3381,Galaxy,12.47080,11.7898,13.5,1.2
IC3382,IC3382,Galaxy,12.47043,13.5707,16.3,1.0
IC3383,IC3383,Galaxy,12.47009,10.2977,15.2,0.8
IC3384,IC3384,Galaxy,12.47007,25.0913,19.3,0.7
IC3385,IC3385,Galaxy,12.47082,25.4326,16.5,0.8
IC3386,IC3386,Galaxy,12.47324,13.1958,15.6,0.8
IC3387,IC3387,Galaxy,12.47189,27.9957,16.6,0.3
IC3388,IC3388,Galaxy,12.47446,12.8237,14.8,0.7
IC3389,IC3389,Galaxy,12.47320,27.8449,18.1,0.3
IC3390,IC3390,Galaxy,12.47460,24.8093,16.6,0.6
IC3391,IC3391,Galaxy,12.47425,18.4150,13.7,1.0
IC3392,IC3392,Galaxy,12.47868,14.9995,13.0,2.6
IC3393,IC3393,Galaxy,12.47825,12.9159,14.3,1.1
IC3394,IC3394,Galaxy,12.47811,26.7984,15.9,0.6
IC3395,IC3395,Galaxy,12.47903,25.0348,16.4,0.6
IC3396,IC3396,Galaxy,12.47916,25.0502,17.2,0.1
IC3397,IC3397,Galaxy,12.47960,25.7319,16.0,0.6
IC3399,IC3399,Star,12.48222,25.6961,,
IC3400,IC3400,Star,12.48414,9.4062,11.5,
IC3401,IC3401,Galaxy,12.48301,26.4601,17.3,0.4
IC3402,IC3402,Galaxy,12.48314,28.8619,15.2,1.2
IC3403,IC3403,Galaxy,12.48374,24.6327,15.9,0.4
IC3404,IC3404,Other,12.48631,7.1539,,
IC3405,IC3405,Galaxy,12.48323,37.7301,16.3,0.7
IC3406,IC3406,Galaxy,12.48406,27.6405,15.6,0.7
IC3407,IC3407,Galaxy,12.48441,27.7789,14.6,1.0
IC3408,IC3408,Star,12.48772,11.8759,10.9,
IC3409,IC3409,Galaxy,12.48923,14.7893,16.0,0.6
IC3410,IC3410,Galaxy,12.48505,19.0048,15.7,0.7
IC3411,IC3411,Galaxy,12.48677,24.5842,17.2,0.7
IC3412,IC3412,Galaxy,12.48962,9.9890,15.6,0.7
IC3413,IC3413,Galaxy,12.48959,11.4339,14.4,1.2
IC3414,IC3414,Galaxy,12.49133,6.7718,14.0,0.8
IC3415,IC3415,Star,12.48934,26.7662,,
IC3416,IC3416,Galaxy,12.49304,10.7931,15.4,0.9
IC3417,IC3417,Star,12.49423,7.8613,,
IC3418,IC3418,Galaxy,12.49553,11.4047,14.3,1.3
IC3419,IC3419,Galaxy,12.49572,15.0248,16.3,0.7
IC3420,IC3420,Star,12.49516,13.4464,,
IC3421,IC3421,Galaxy,12.49405,26.2306,15.5,0.7
IC3422,IC3422,Galaxy,12.49850,14.6884,16.1,0.6
IC3423,IC3423,Star,12.49626,13.6588,15.6,
IC3424,IC3424,Galaxy,12.49584,24.4087,17.5,0.4
IC3425,IC3425,Galaxy,12.49900,10.6153,14.6,0.6
IC3426,IC3426,Star,12.50041,13.5982,14.9,
IC3428,IC3428,Star,12.50209,23.6750,,
IC3429,IC3429,Galaxy,12.50221,23.5451,16.9,0.4
IC3430,IC3430,Galaxy,12.50469,9.0851,15.4,1.1
IC3431,IC3431,Galaxy,12.50672,11.6145,16.9,0.5
IC3432,IC3432,Galaxy,12.50773,14.1602,14.8,0.7
IC3433,IC3433,Galaxy,12.50784,17.3097,16.2,0.8
IC3434,IC3434,Galaxy,12.50757,18.8097,15.5,0.8
IC3435,IC3435,Galaxy,12.51108,15.1297,15.2,1.4
IC3436,IC3436,Galaxy,12.50831,19.6730,14.9,0.8
IC3437,IC3437,Galaxy,12.51275,11.3432,15.0,0.6
IC3439,IC3439,Galaxy,12.51652,25.5618,16.3,0.7
IC3440,IC3440,Galaxy,12.51810,12.0299,16.8,0.6
IC3441,IC3441,Galaxy,12.51789,28.8527,15.1,0.6
IC3442,IC3442,Galaxy,12.52228,14.1152,13.8,0.9
IC3443,IC3443,Galaxy,12.52104,12.3318,15.0,0.6
IC3444,IC3444,Double Star,12.52053,27.5496,,
IC3445,IC3445,Galaxy,12.52206,12.7380,15.9,0.5
IC3446,IC3446,Galaxy,12.52304,11.4924,15.5,0.6
IC3447,IC3447,Galaxy,12.52164,10.6802,16.7,0.4
IC3448,IC3448,Galaxy,12.52311,17.2064,15.5,1.0
IC3449,IC3449,Galaxy,12.52304,25.9140,17.0,0.3
IC3450,IC3450,Galaxy,12.52356,26.7961,16.4,0.5
IC3451,IC3451,Galaxy,12.52335,28.8552,14.7,0.7
IC3453,IC3453,Galaxy,12.52715,14.8598,14.8,0.9
IC3454,IC3454,Galaxy,12.52740,27.4957,15.6,1.1
IC3455,IC3455,Galaxy,12.52904,25.7861,16.7,0.6
IC3456,IC3456,Other,12.52882,28.3572,,
IC3457,IC3457,Galaxy,12.53093,12.6570,14.6,1.0
IC3458,IC3458,Galaxy,12.52889,28.1474,15.7,0.7
IC3459,IC3459,Galaxy,12.53220,12.1740,14.9,1.1
IC3460,IC3460,Galaxy,12.53066,27.3869,16.2,0.6
IC3461,IC3461,Galaxy,12.53409,11.8901,14.5,0.7
IC3462,IC3462,Galaxy,12.53599,15.3009,16.1,0.7
IC3463,IC3463,Other,12.53461,12.3194,,
IC3464,IC3464,Star,12.53339,26.0048,,
IC3465,IC3465,Galaxy,12.53673,12.0616,16.2,0.4
IC3466,IC3466,Galaxy,12.53491,11.8179,15.8,0.7
IC3467,IC3467,Galaxy,12.54016,11.7876,15.4,1.0
IC3468,IC3468,Galaxy,12.53728,10.2515,13.9,1.3
IC3469,IC3469,Galaxy,12.53638,25.8028,17.6,0.3
IC3470,IC3470,Galaxy,12.53983,11.2630,13.8,0.9
IC3471,IC3471,Galaxy,12.53967,16.0188,15.5,1.0
IC3472,IC3472,Galaxy,12.53855,24.7282,17.1,0.5
IC3473,IC3473,Galaxy,12.53864,18.2441,14.4,1.1
IC3474,IC3474,Galaxy,12.54347,2.6615,14.6,2.3
IC3475,IC3475,Galaxy,12.54474,12.7710,13.4,1.6
IC3476,IC3476,Galaxy,12.54497,14.0504,12.8,1.7
IC3477,IC3477,Star,12.54395,26.0384,,
IC3478,IC3478,Galaxy,12.54561,14.1962,14.4,0.9
IC3479,IC3479,Galaxy,12.54470,25.4061,17.1,0.3
IC3480,IC3480,Double Star,12.54486,26.8286,,
IC3481,IC3481,Galaxy,12.54785,11.4044,13.7,0.9
IC3482,IC3482,Galaxy,12.55028,27.8303,16.6,0.4
IC3483,IC3483,Galaxy,12.55279,11.3473,14.2,0.9
IC3484,IC3484,Galaxy,12.55147,17.4030,15.0,0.8
IC3485,IC3485,Star,12.55313,9.2173,,
IC3486,IC3486,Galaxy,12.55389,12.8578,15.2,0.8
IC3487,IC3487,Galaxy,12.55373,9.3974,15.0,0.9
IC3488,IC3488,Galaxy,12.55235,26.3494,15.6,0.6
IC3489,IC3489,Galaxy,12.55381,12.2470,14.8,0.7
IC3490,IC3490,Galaxy,12.55386,10.9285,15.5,0.6
IC3491,IC3491,Galaxy,12.55250,27.0944,16.1,0.8
IC3492,IC3492,Galaxy,12.55549,12.8534,15.3,0.7
IC3493,IC3493,Star,12.55524,9.3932,,
IC3494,IC3494,Galaxy,12.55381,27.5841,17.1,0.3
IC3495,IC3495,Double Star,12.55452,26.8088,,
IC3496,IC3496,Star,12.55536,26.7554,,
IC3497,IC3497,Star,12.55793,25.4887,,
IC3498,IC3498,Galaxy,12.55805,26.7381,16.2,0.7
IC3499,IC3499,Galaxy,12.56250,10.9957,13.3,1.6
IC3500,IC3500,Galaxy,12.56380,13.9628,15.1,0.6
IC3501,IC3501,Galaxy,12.56434,13.3224,14.7,0.9
IC3502,IC3502,Galaxy,12.56176,26.6174,17.4,0.8
IC3503,IC3503,Star,12.56341,37.7893,,
IC3504,IC3504,Star,12.56885,6.8864,,
IC3505,IC3505,Galaxy,12.56953,15.9682,15.1,0.8
IC3506,IC3506,Galaxy,12.56854,12.7416,15.9,0.7
IC3507,IC3507,Galaxy,12.56790,25.3628,17.3,0.4
IC3508,IC3508,Galaxy,12.56860,26.6708,15.4,1.0
IC3509,IC3509,Galaxy,12.56987,12.0490,14.2,1.0
IC3510,IC3510,Galaxy,12.57078,11.0715,14.9,0.8
IC3511,IC3511,Star,12.56930,27.3486,,
IC3512,IC3512,Star,12.56935,27.3611,,
IC3513,IC3513,Star,12.56989,27.3306,,
IC3514,IC3514,Double Star,12.57105,26.7006,,
IC3515,IC3515,Galaxy,12.57114,27.8623,15.6,0.7
IC3516,IC3516,Galaxy,12.57143,27.4523,16.1,0.9
IC3517,IC3517,Galaxy,12.57521,9.1547,15.3,1.2
IC3518,IC3518,Galaxy,12.57536,9.6234,14.8,1.3
IC3519,IC3519,Galaxy,12.57733,15.6027,15.9,0.7
IC3520,IC3520,Galaxy,12.57550,13.5037,15.8,0.8
IC3521,IC3521,Galaxy,12.57764,7.1602,13.7,1.4
IC3522,IC3522,Galaxy,12.57933,15.2208,15.4,1.1
IC3523,IC3523,Galaxy,12.57761,14.0168,17.1,0.4
IC3524,IC3524,Star,12.57864,14.2443,,
IC3525,IC3525,Galaxy,12.57957,10.1767,16.5,0.4
IC3526,IC3526,Double Star,12.57795,25.6841,,
IC3527,IC3527,Double Star,12.57841,26.1551,,
IC3528,IC3528,Galaxy,12.58219,15.5656,15.2,0.3
IC3529,IC3529,Star,12.58049,25.6988,,
IC3530,IC3530,Galaxy,12.58037,17.8143,14.5,1.8
IC3531,IC3531,Galaxy,12.58237,26.6266,16.6,0.4
IC3532,IC3532,Star,12.58264,25.8806,,
IC3533,IC3533,Galaxy,12.58369,25.7797,16.0,0.4
IC3534,IC3534,Galaxy,12.58115,14.9782,16.1,0.5
IC3535,IC3535,Star,12.58636,25.7320,,
IC3536,IC3536,Galaxy,12.58680,26.5334,16.1,0.9
IC3537,IC3537,Star,12.58957,7.6530,,
IC3538,IC3538,Star,12.58766,26.2355,,
IC3539,IC3539,Star,12.58891,23.9831,,
IC3540,IC3540,Galaxy,12.59090,12.7502,14.6,0.9
IC3541,IC3541,Star,12.58937,23.9752,,
IC3542,IC3542,Galaxy,12.59478,11.6672,15.7,0.7
IC3544,IC3544,Double Star,12.59650,14.3006,,
IC3547,IC3547,Star,12.59691,26.3291,,
IC3548,IC3548,Galaxy,12.59906,10.9363,16.1,0.7
IC3549,IC3549,Star,12.59746,26.3952,,
IC3551,IC3551,HII Region,12.59825,27.9642,,
IC3552,IC3552,HII Region,12.59831,27.9939,,
IC3553,IC3553,Star,12.59887,26.1931,,
IC3554,IC3554,Star,12.59866,27.9273,,
IC3555,IC3555,HII Region,12.59888,27.9889,,
IC3556,IC3556,Galaxy,12.59957,26.9661,15.5,0.6
IC3557,IC3557,Galaxy Pair,12.60227,16.6409,,0.4
IC3558,IC3558,Galaxy,12.60078,11.8498,17.4,0.3
IC3559,IC3559,Galaxy,12.60093,26.9874,16.5,0.5
IC3560,IC3560,Galaxy,12.60109,27.0782,16.4,0.8
IC3561,IC3561,Galaxy,12.60133,26.8996,15.7,0.6
IC3562,IC3562,Galaxy,12.60293,9.9226,16.2,0.9
IC3563,IC3563,HII Region,12.60201,27.9274,,
IC3564,IC3564,Star Association,12.60225,27.9284,,
IC3565,IC3565,Galaxy,12.60341,26.7561,17.0,0.3
IC3566,IC3566,Other,12.60603,11.1649,,
IC3567,IC3567,Galaxy,12.60631,13.6029,15.2,0.7
IC3568,IC3568,Planetary Nebula,12.55188,82.5639,10.6,0.4
IC3570,IC3570,Star,12.60508,24.0785,,
IC3571,IC3571,Galaxy,12.60555,26.0838,17.5,0.6
IC3572,IC3572,Double Star,12.60776,11.6185,,
IC3573,IC3573,Galaxy,12.60756,11.7591,16.6,0.5
IC3574,IC3574,Galaxy,12.60773,12.4052,15.3,0.7
IC3575,IC3575,Galaxy,12.60899,13.7484,16.3,0.7
IC3576,IC3576,Galaxy,12.61047,6.6209,15.0,2.3
IC3577,IC3577,Other,12.61008,11.8971,,
IC3578,IC3578,Galaxy,12.61095,11.1019,15.2,0.8
IC3579,IC3579,Star,12.60909,26.1041,,
IC3580,IC3580,Galaxy,12.60812,18.3005,15.7,0.9
IC3581,IC3581,Galaxy,12.61059,24.4290,14.1,0.8
IC3582,IC3582,Galaxy,12.61025,26.2347,16.7,0.3
IC3583,IC3583,Galaxy,12.61208,13.2593,13.0,1.1
IC3584,IC3584,Star,12.61253,12.2331,,
IC3585,IC3585,Galaxy,12.61108,26.8299,15.0,0.8
IC3586,IC3586,Galaxy,12.61524,12.5201,14.5,1.2
IC3587,IC3587,Galaxy,12.61342,27.5485,15.9,1.4
IC3589,IC3589,Star,12.61700,6.9370,15.6,
IC3590,IC3590,Galaxy,12.61409,27.2781,15.6,0.9
IC3591,IC3591,Galaxy,12.61751,6.9266,14.4,0.8
IC3594,IC3594,Star,12.61566,26.1155,,
IC3595,IC3595,Galaxy,12.61844,23.7869,16.8,0.4
IC3596,IC3596,Other,12.62192,26.5209,,
IC3597,IC3597,Galaxy,12.62351,23.8641,16.6,0.8
IC3598,IC3598,Galaxy,12.62252,28.2082,15.0,1.4
IC3599,IC3599,Galaxy,12.62811,26.7077,15.6,0.5
IC3600,IC3600,Galaxy,12.62810,27.1296,15.7,0.7
IC3601,IC3601,Galaxy,12.63157,15.2247,15.7,0.8
IC3602,IC3602,Galaxy,12.63842,10.0728,16.4,0.8
IC3603,IC3603,Galaxy,12.63782,15.5698,16.1,0.4
IC3604,IC3604,Galaxy,12.63909,11.7307,16.0,0.5
IC3605,IC3605,Galaxy,12.63915,19.5413,15.8,0.7
IC3606,IC3606,Galaxy,12.64030,12.6106,16.5,0.6
IC3607,IC3607,Galaxy,12.64227,10.3765,16.6,0.4
IC3608,IC3608,Galaxy,12.64370,10.4759,14.7,3.4
IC3609,IC3609,Galaxy,12.64298,14.3524,15.0,0.4
IC3610,IC3610,Galaxy,12.64643,26.8729,17.4,0.3
IC3611,IC3611,Galaxy,12.65115,13.3635,14.3,1.4
IC3612,IC3612,Galaxy,12.65131,14.7311,15.0,1.1
IC3613,IC3613,Galaxy,12.65133,13.7590,17.0,0.5
IC3614,IC3614,Galaxy,12.65030,26.3028,17.7,0.3
IC3615,IC3615,Galaxy,12.65045,18.2007,15.2,1.1
IC3617,IC3617,Galaxy,12.65694,7.9658,14.3,0.7
IC3618,IC3618,Galaxy,12.65476,26.6778,15.6,0.5
IC3619,IC3619,Double Star,12.65522,24.1424,,
IC3620,IC3620,Galaxy,12.65501,27.9086,15.6,0.8
IC3621,IC3621,Galaxy,12.65933,15.5026,15.7,1.0
IC3622,IC3622,Galaxy,12.65902,15.4321,16.0,0.3
IC3623,IC3623,Galaxy,12.65767,27.1023,15.2,0.8
IC3624,IC3624,Galaxy,12.65958,11.9822,16.5,0.5
IC3625,IC3625,Galaxy,12.65921,10.9677,15.4,0.4
IC3626,IC3626,Galaxy,12.65879,25.6774,15.9,0.5
IC3627,IC3627,Galaxy,12.65889,27.4973,16.4,0.4
IC3628,IC3628,Star,12.66078,26.2389,,
IC3629,IC3629,Galaxy,12.66296,13.5333,15.3,1.0
IC3630,IC3630,Star,12.66294,25.4325,,
IC3631,IC3631,Galaxy,12.66334,12.9740,14.2,1.1
IC3632,IC3632,Galaxy,12.66667,26.6822,16.8,0.4
IC3633,IC3633,Galaxy,12.66979,9.8961,15.8,0.6
IC3634,IC3634,Galaxy,12.66982,9.8478,15.8,0.9
IC3635,IC3635,Galaxy,12.67038,12.8748,14.7,0.8
IC3636,IC3636,Double Star,12.67098,22.0746,,
IC3637,IC3637,Galaxy,12.67210,14.7150,14.8,1.2
IC3638,IC3638,Galaxy,12.67128,10.5185,14.4,0.7
IC3639,IC3639,Galaxy,12.68135,-36.7559,13.3,1.2
IC3640,IC3640,Galaxy,12.67367,26.5242,16.0,0.5
IC3641,IC3641,Galaxy,12.67413,26.5216,17.9,0.7
IC3642,IC3642,Galaxy,12.67381,26.7312,16.4,0.4
IC3643,IC3643,Galaxy,12.67802,12.4066,16.6,0.5
IC3644,IC3644,Galaxy,12.67673,26.5046,16.2,0.9
IC3645,IC3645,Star,12.67711,26.5414,,
IC3646,IC3646,Galaxy,12.67736,26.5262,15.4,0.7
IC3647,IC3647,Galaxy,12.68142,10.4754,15.1,1.3
IC3648,IC3648,Star,12.68116,12.9850,,
IC3649,IC3649,Galaxy,12.68047,21.1048,16.9,0.3
IC3650,IC3650,Double Star,12.68014,26.4727,,
IC3651,IC3651,Galaxy,12.68136,26.7281,14.5,1.1
IC3652,IC3652,Galaxy,12.68293,11.1845,14.3,1.0
IC3653,IC3653,Galaxy,12.68770,11.3872,13.7,0.6
IC3654,IC3654,Galaxy,12.68681,22.5894,17.0,0.4
IC3655,IC3655,Galaxy,12.68735,20.6662,16.8,0.3
IC3656,IC3656,Galaxy,12.68720,22.5950,16.9,0.4
IC3657,IC3657,Galaxy,12.68862,21.6725,17.8,0.2
IC3658,IC3658,Galaxy,12.68906,14.7006,15.2,1.3
IC3659,IC3659,Galaxy,12.69101,22.9308,16.1,0.5
IC3660,IC3660,Star,12.69357,21.0934,,
IC3661,IC3661,Galaxy,12.69326,22.4949,17.2,0.6
IC3662,IC3662,Galaxy,12.69341,23.4252,15.1,0.6
IC3663,IC3663,Galaxy,12.69428,12.2474,15.5,0.9
IC3664,IC3664,Star,12.69487,19.9441,,
IC3665,IC3665,Galaxy,12.69631,11.4882,15.1,0.8
IC3666,IC3666,Star,12.69816,7.8450,,
IC3668,IC3668,Other,12.69247,41.1242,13.1,0.8
IC3669,IC3669,Other,12.69331,41.1366,19.1,0.0
IC3670,IC3670,Galaxy,12.69862,11.7742,15.9,0.4
IC3671,IC3671,Galaxy,12.69761,23.5107,15.4,0.6
IC3673,IC3673,Star,12.70120,21.1383,,
IC3674,IC3674,Double Star,12.70142,22.5108,,
IC3676,IC3676,Star,12.70341,13.5598,,
IC3677,IC3677,Galaxy,12.70329,20.8849,16.8,0.4
IC3678,IC3678,Galaxy,12.70349,20.8805,16.9,0.3
IC3679,IC3679,Double Star,12.70312,22.8183,,
IC3680,IC3680,Star,12.70025,39.1043,,
IC3681,IC3681,Star,12.70049,39.0834,,
IC3682,IC3682,Star,12.70541,20.8644,,
IC3683,IC3683,Galaxy,12.70573,20.8713,16.5,0.4
IC3684,IC3684,Galaxy,12.70736,11.7403,16.0,0.9
IC3685,IC3685,Star,12.70896,6.8709,,
IC3686,IC3686,Galaxy,12.71000,10.5653,15.1,0.8
IC3687,IC3687,Galaxy,12.70419,38.5033,13.3,3.3
IC3689,IC3689,Galaxy,12.71027,20.8505,16.3,0.6
IC3690,IC3690,Galaxy,12.71366,10.3575,15.0,0.9
IC3691,IC3691,Galaxy,12.71376,22.7722,16.5,0.4
IC3692,IC3692,Galaxy,12.71500,20.9898,14.7,0.8
IC3693,IC3693,Galaxy,12.71612,10.6818,15.7,0.7
IC3694,IC3694,Galaxy,12.71869,11.2120,14.9,0.5
IC3695,IC3695,Star,12.71856,22.7419,,
IC3696,IC3696,Galaxy,12.71934,19.9280,17.6,0.4
IC3697,IC3697,Galaxy,12.71635,39.8457,15.9,0.8
IC3698,IC3698,Galaxy,12.72147,11.2115,15.0,0.5
IC3699,IC3699,Double Star,12.72142,19.0002,,
IC3700,IC3700,Star,12.72222,19.2659,,
IC3701,IC3701,Galaxy,12.72525,11.0471,16.6,0.5
IC3702,IC3702,Galaxy,12.72455,10.8739,15.0,0.5
IC3703,IC3703,Star,12.72278,37.9745,,
IC3704,IC3704,Galaxy,12.72934,10.7701,14.7,1.3
IC3705,IC3705,Galaxy Pair,12.72820,19.3253,,0.7
IC3706,IC3706,Double Star,12.73000,9.2311,,
IC3707,IC3707,Star,12.72463,37.9827,,
IC3708,IC3708,Other,12.73126,13.1375,,
IC3709,IC3709,Galaxy,12.73445,9.0633,15.0,0.7
IC3710,IC3710,Galaxy,12.73596,12.1165,15.7,1.2
IC3711,IC3711,Galaxy,12.73594,11.1766,15.7,0.8
IC3712,IC3712,Other,12.73796,10.3746,,
IC3713,IC3713,Galaxy,12.73421,41.1689,15.1,0.7
IC3714,IC3714,Galaxy,12.73974,10.1888,15.2,0.7
IC3715,IC3715,Galaxy,12.73928,20.0243,16.5,0.6
IC3716,IC3716,Other,12.74587,8.1022,,
IC3717,IC3717,Galaxy,12.73971,39.5223,16.0,0.8
IC3718,IC3718,Galaxy,12.74611,12.3514,14.0,2.2
IC3719,IC3719,Galaxy,12.74653,8.1069,16.0,0.5
IC3720,IC3720,Galaxy,12.74652,12.0643,15.0,2.3
IC3721,IC3721,Galaxy,12.74809,18.7553,13.7,1.0
IC3722,IC3722,Other,12.74741,11.7786,,
IC3723,IC3723,Galaxy,12.74182,40.7369,15.7,0.3
IC3724,IC3724,Galaxy,12.74827,10.2824,15.3,0.6
IC3726,IC3726,Galaxy,12.74516,40.6790,15.4,1.3
IC3727,IC3727,Galaxy,12.75157,10.9009,14.7,1.2
IC3728,IC3728,Galaxy,12.75087,20.9741,16.6,0.4
IC3729,IC3729,Galaxy,12.74809,39.3512,16.3,0.3
IC3730,IC3730,Galaxy,12.75182,21.1696,14.6,0.6
IC3731,IC3731,Galaxy,12.75146,12.4464,16.1,0.6
IC3732,IC3732,Galaxy,12.75332,10.3244,16.4,0.5
IC3733,IC3733,Star,12.75464,6.9569,,
IC3734,IC3734,Galaxy,12.75258,23.0391,17.7,0.4
IC3735,IC3735,Galaxy,12.75567,13.6927,13.9,1.2
IC3736,IC3736,Galaxy,12.75527,21.5358,15.8,0.5
IC3737,IC3737,Double Star,12.75552,21.9582,,
IC3738,IC3738,Galaxy,12.75715,19.2309,19.1,0.2
IC3739,IC3739,Other,12.75896,12.9974,,
IC3740,IC3740,Galaxy,12.75851,20.8159,15.6,0.6
IC3741,IC3741,Double Star,12.75924,19.2041,,
IC3742,IC3742,Galaxy,12.75889,13.3326,14.1,1.0
IC3743,IC3743,Other,12.76147,11.1021,,
IC3744,IC3744,Galaxy,12.76152,19.5003,16.3,0.7
IC3745,IC3745,Galaxy,12.76246,19.1773,14.9,1.0
IC3746,IC3746,Galaxy,12.75886,37.8236,16.1,0.5
IC3747,IC3747,Star,12.75956,37.9685,,
IC3748,IC3748,Star,12.76414,19.4303,,
IC3749,IC3749,Star,12.76427,19.5356,,
IC3750,IC3750,Star,12.76585,19.1039,,
IC3751,IC3751,Galaxy,12.76253,37.8231,16.6,0.2
IC3752,IC3752,Double Star,12.76780,19.0114,,
IC3753,IC3753,Star,12.76788,19.1212,,
IC3754,IC3754,Galaxy,12.77098,8.3484,14.5,1.3
IC3755,IC3755,Double Star,12.76928,19.1572,,
IC3756,IC3756,Galaxy,12.76947,11.9146,16.9,0.4
IC3757,IC3757,Other,12.76661,38.5153,,
IC3758,IC3758,Galaxy,12.76657,40.7749,15.2,0.6
IC3759,IC3759,Galaxy,12.77160,20.7830,16.3,0.6
IC3760,IC3760,Galaxy,12.77174,11.8736,16.5,0.4
IC3761,IC3761,Galaxy,12.77426,20.2891,17.4,0.3
IC3762,IC3762,Galaxy,12.77711,22.2464,17.8,0.4
IC3763,IC3763,Galaxy,12.77945,21.9851,16.7,0.4
IC3765,IC3765,Double Star,12.77643,38.5739,,
IC3766,IC3766,Galaxy,12.78153,19.1106,17.0,0.4
IC3767,IC3767,Galaxy,12.78208,10.1824,16.1,1.1
IC3768,IC3768,Star,12.77798,40.5977,,
IC3769,IC3769,Star,12.78002,40.4702,,
IC3770,IC3770,Star,12.78769,9.1991,,
IC3771,IC3771,Galaxy,12.78130,39.1731,16.8,0.3
IC3772,IC3772,Galaxy,12.78225,36.5309,15.6,0.8
IC3773,IC3773,Galaxy,12.78758,10.2036,14.1,1.9
IC3774,IC3774,Galaxy,12.78364,36.2883,15.7,1.0
IC3775,IC3775,Galaxy,12.78781,11.7602,16.2,0.8
IC3776,IC3776,Galaxy,12.78673,22.4846,16.5,0.5
IC3777,IC3777,Star,12.79037,9.1435,,
IC3778,IC3778,Galaxy,12.78388,40.5964,15.2,0.6
IC3779,IC3779,Galaxy,12.78907,12.1664,14.8,0.9
IC3780,IC3780,Star,12.78558,40.2360,,
IC3781,IC3781,Double Star,12.79016,22.5698,,
IC3782,IC3782,Star,12.78769,40.3678,,
IC3783,IC3783,Galaxy,12.79107,40.5666,15.5,0.7
IC3784,IC3784,Galaxy,12.79742,19.3841,16.8,0.6
IC3785,IC3785,Galaxy,12.79782,19.2752,17.5,0.2
IC3786,IC3786,Galaxy,12.79358,39.0460,16.7,0.3
IC3787,IC3787,Double Star,12.79496,40.6238,,
IC3788,IC3788,Galaxy,12.80202,18.8689,15.9,0.7
IC3789,IC3789,Galaxy,12.80197,20.1940,16.1,0.5
IC3790,IC3790,Star,12.80407,11.1076,,
IC3792,IC3792,Double Star,12.80393,11.0863,,
IC3793,IC3793,Galaxy,12.80330,19.1517,17.4,0.4
IC3794,IC3794,Star,12.80598,19.1703,,
IC3795,IC3795,Galaxy,12.80142,40.7196,15.6,0.9
IC3796,IC3796,Star,12.80750,20.0377,,
IC3797,IC3797,Other,12.80970,11.5978,,
IC3798,IC3798,Star,12.81192,9.2410,,
IC3799,IC3799,Galaxy,12.81657,-14.3992,14.5,2.8
IC3800,IC3800,Galaxy Pair,12.80734,36.5759,,0.6
IC3801,IC3801,Other,12.81685,10.9560,,
IC3802,IC3802,Star,12.81184,38.2464,,
IC3803,IC3803,Star,12.81789,10.6318,,
IC3805,IC3805,Double Star,12.81184,38.2531,,
IC3806,IC3806,Galaxy,12.81538,14.9079,14.2,1.3
IC3807,IC3807,Other,12.82494,-4.4023,,
IC3808,IC3808,Galaxy,12.81632,40.5959,17.2,0.9
IC3809,IC3809,Galaxy,12.81792,36.4891,16.3,0.6
IC3810,IC3810,Star,12.81755,40.6466,,
IC3811,IC3811,Star,12.82377,21.4621,,
IC3812,IC3812,Galaxy,12.83161,-6.7174,14.8,1.1
IC3813,IC3813,Galaxy,12.83398,-25.9207,13.8,1.3
IC3814,IC3814,Galaxy,12.82567,20.0505,16.5,0.6
IC3815,IC3815,Galaxy,12.82737,19.2750,16.7,0.6
IC3816,IC3816,Galaxy,12.82457,37.2303,15.7,0.8
IC3817,IC3817,Galaxy,12.82874,22.8314,17.3,0.3
IC3818,IC3818,Galaxy,12.82965,21.7522,16.9,0.4
IC3819,IC3819,Galaxy,12.83788,-14.3808,16.4,0.6
IC3820,IC3820,Galaxy,12.82749,37.1172,17.0,0.5
IC3821,IC3821,Double Star,12.83265,20.9690,,
IC3822,IC3822,Galaxy,12.83965,-14.3219,15.3,1.4
IC3823,IC3823,Star,12.82888,40.8834,16.7,
IC3824,IC3824,Galaxy,12.84182,-14.4259,15.3,1.1
IC3825,IC3825,Galaxy,12.84363,-14.4828,15.8,0.6
IC3826,IC3826,Galaxy,12.84442,-9.0311,14.3,1.8
IC3827,IC3827,Galaxy,12.84781,-14.4919,14.1,1.1
IC3828,IC3828,Galaxy,12.83908,37.9489,16.1,0.7
IC3829,IC3829,Galaxy,12.87036,-29.8407,11.7,3.4
IC3830,IC3830,Star,12.84760,19.8367,,
IC3831,IC3831,Galaxy,12.85516,-14.5736,14.2,1.5
IC3832,IC3832,Galaxy,12.84700,39.8105,16.2,0.5
IC3834,IC3834,Galaxy,12.85900,-14.2214,14.2,0.9
IC3835,IC3835,Galaxy,12.84884,40.1867,16.2,0.5
IC3836,IC3836,Galaxy,12.85103,40.1842,16.5,0.5
IC3837,IC3837,Galaxy,12.85917,19.7231,17.0,0.6
IC3839,IC3839,Star,12.86285,20.4210,,
IC3840,IC3840,Galaxy,12.86281,21.7352,16.0,0.8
IC3841,IC3841,Double Star,12.86403,22.3445,,
IC3842,IC3842,Galaxy,12.85997,40.3714,16.1,0.3
IC3843,IC3843,Galaxy,12.86089,39.0013,16.5,0.5
IC3844,IC3844,Galaxy,12.86847,39.8183,16.3,0.4
IC3845,IC3845,Star,12.86907,38.6190,,
IC3846,IC3846,Other,12.87756,13.6472,,
IC3847,IC3847,Galaxy,12.87604,22.0647,17.3,0.3
IC3848,IC3848,Galaxy Pair,12.87783,21.4161,,0.6
IC3849,IC3849,Other,12.87690,40.7722,,
IC3850,IC3850,Galaxy,12.87764,40.1031,15.3,0.7
IC3851,IC3851,Star,12.88465,21.9092,,
IC3852,IC3852,Galaxy,12.88425,35.7734,16.0,1.1
IC3853,IC3853,Galaxy,12.88619,38.8293,17.3,0.4
IC3854,IC3854,Galaxy,12.88737,40.8482,16.6,0.4
IC3855,IC3855,Galaxy,12.88964,36.7860,16.4,0.8
IC3856,IC3856,Galaxy,12.89609,20.0921,16.6,0.7
IC3857,IC3857,Galaxy,12.89891,19.6071,17.5,0.4
IC3858,IC3858,Star,12.89876,20.7890,,
IC3859,IC3859,Galaxy,12.90552,-9.1177,14.8,1.1
IC3860,IC3860,Galaxy,12.90186,19.3007,17.7,0.4
IC3861,IC3861,Galaxy,12.89745,38.2818,16.5,0.4
IC3862,IC3862,Galaxy,12.89804,36.0869,16.4,0.9
IC3863,IC3863,Galaxy,12.89829,38.4804,16.0,0.7
IC3864,IC3864,Galaxy,12.90343,18.9513,18.6,0.2
IC3865,IC3865,Galaxy,12.90393,18.8689,16.5,0.5
IC3866,IC3866,Galaxy Pair,12.90423,22.3618,,0.6
IC3867,IC3867,Galaxy,12.90544,18.9418,16.6,0.7
IC3868,IC3868,Galaxy,12.90583,18.9903,17.3,0.4
IC3869,IC3869,Galaxy,12.90591,18.9714,17.0,0.6
IC3870,IC3870,Galaxy,12.90599,22.3817,17.1,0.3
IC3871,IC3871,Galaxy,12.90713,18.9291,16.5,0.5
IC3872,IC3872,Galaxy,12.90849,18.9632,16.5,0.2
IC3873,IC3873,Galaxy,12.90878,18.8827,16.8,0.4
IC3874,IC3874,Galaxy,12.90956,18.9570,16.8,0.5
IC3875,IC3875,Galaxy,12.91033,22.0364,16.7,0.3
IC3876,IC3876,Galaxy,12.91343,19.0153,17.8,0.4
IC3877,IC3877,Galaxy,12.91352,19.1783,13.9,3.1
IC3878,IC3878,Star,12.90821,40.0697,,
IC3879,IC3879,Galaxy,12.90885,38.6286,16.0,0.6
IC3880,IC3880,Galaxy,12.91333,22.5022,17.0,0.4
IC3881,IC3881,Galaxy,12.91499,19.1181,17.4,0.4
IC3882,IC3882,Galaxy,12.91492,22.5756,16.7,0.5
IC3883,IC3883,Galaxy,12.92042,-8.1197,14.2,1.1
IC3884,IC3884,Galaxy,12.91604,19.6813,16.4,0.8
IC3885,IC3885,Galaxy,12.91187,37.1547,16.8,0.5
IC3886,IC3886,Galaxy,12.91675,19.0117,17.8,0.4
IC3887,IC3887,Double Star,12.91216,40.3046,,
IC3888,IC3888,Galaxy,12.91288,39.5713,15.2,0.9
IC3889,IC3889,Star,12.91414,36.0168,,
IC3890,IC3890,Galaxy,12.91396,37.1853,17.3,0.4
IC3891,IC3891,Galaxy,12.91618,36.0527,16.9,0.5
IC3892,IC3892,Galaxy,12.91834,39.2219,15.4,1.2
IC3893,IC3893,Galaxy,12.91874,38.6239,16.9,0.6
IC3894,IC3894,Double Star,12.92434,19.0691,,
IC3895,IC3895,Galaxy,12.91923,39.2033,15.8,0.7
IC3896,IC3896,Galaxy,12.94534,-50.3469,11.3,3.0
IC3897,IC3897,Galaxy,12.92197,39.6726,16.6,0.1
IC3898,IC3898,Galaxy,12.92329,37.5829,17.2,0.3
IC3899,IC3899,Galaxy,12.92796,20.6364,17.1,0.4
IC3900,IC3900,Galaxy,12.92814,27.2508,14.8,1.0
IC3901,IC3901,Star,12.93069,21.9390,,
IC3902,IC3902,Star,12.92738,35.9958,,
IC3903,IC3903,Star,12.92743,40.3997,,
IC3904,IC3904,Galaxy,12.92933,36.2934,15.7,0.6
IC3905,IC3905,Galaxy Triplet,12.93572,19.8521,,0.9
IC3906,IC3906,Star,12.93085,40.4639,,
IC3907,IC3907,Galaxy,12.93838,18.7840,17.5,0.5
IC3908,IC3908,Galaxy,12.94462,-7.5628,13.3,2.4
IC3909,IC3909,Galaxy,12.93412,40.3854,16.6,0.4
IC3910,IC3910,Double Star,12.93459,39.7199,,
IC3911,IC3911,Galaxy Pair,12.93595,35.6382,,0.5
IC3912,IC3912,Star,12.93543,39.9107,,
IC3913,IC3913,Galaxy,12.94127,27.2913,15.6,0.7
IC3914,IC3914,Galaxy,12.93966,36.3609,17.3,0.4
IC3915,IC3915,Star,12.94417,20.2917,,
IC3916,IC3916,Galaxy,12.94199,38.6134,15.4,0.9
IC3917,IC3917,Star,12.94768,22.0061,,
IC3918,IC3918,Galaxy,12.94821,22.3736,15.6,0.6
IC3919,IC3919,Galaxy,12.94686,38.5888,15.9,0.6
IC3920,IC3920,Galaxy,12.94724,39.9587,15.8,0.7
IC3921,IC3921,Galaxy,12.94907,38.6395,16.1,0.5
IC3922,IC3922,Galaxy,12.94931,38.4783,16.1,0.7
IC3923,IC3923,Double Star,12.95031,37.9557,,
IC3924,IC3924,Galaxy,12.95691,18.7815,18.1,0.4
IC3925,IC3925,Double Star,12.95420,36.4220,,
IC3926,IC3926,Star,12.95845,22.8119,,
IC3927,IC3927,Galaxy,12.96955,-22.8760,13.7,1.3
IC3928,IC3928,Galaxy,12.95508,40.4416,17.0,0.3
IC3929,IC3929,Galaxy,12.96141,20.3969,17.1,0.4
IC3930,IC3930,Galaxy,12.95622,38.7649,16.2,0.6
IC3931,IC3931,Galaxy,12.96589,19.6176,16.1,0.7
IC3932,IC3932,Star,12.96814,19.5834,,
IC3933,IC3933,Star,12.96589,36.6451,,
IC3934,IC3934,Galaxy,12.97154,18.8254,16.5,0.5
IC3936,IC3936,Other,12.97220,19.0583,,
IC3937,IC3937,Galaxy,12.97354,18.8187,16.6,0.5
IC3938,IC3938,Star,12.97371,18.7526,,
IC3939,IC3939,Star,12.97445,18.7519,,
IC3940,IC3940,Galaxy,12.97124,35.8389,15.7,0.6
IC3941,IC3941,Galaxy,12.97053,39.7728,16.4,0.7
IC3942,IC3942,Star,12.97219,36.1088,,
IC3943,IC3943,Galaxy,12.97676,28.1138,14.1,0.9
IC3944,IC3944,Galaxy,12.97910,23.7811,16.1,0.6
IC3945,IC3945,Galaxy,12.97490,39.9359,16.1,0.5
IC3946,IC3946,Galaxy,12.98020,27.8104,14.0,0.9
IC3947,IC3947,Galaxy,12.98114,27.7851,14.6,0.7
IC3948,IC3948,Galaxy,12.98282,24.0614,17.6,0.3
IC3949,IC3949,Galaxy,12.98222,27.8334,14.2,1.0
IC3950,IC3950,Galaxy,12.98503,18.7356,16.5,0.6
IC3951,IC3951,Galaxy,12.98617,18.7643,16.5,0.6
IC3952,IC3952,Galaxy,12.98115,38.8695,16.7,0.5
IC3953,IC3953,Galaxy,12.98587,23.0866,16.9,0.4
IC3954,IC3954,Galaxy,12.98685,19.2729,17.1,0.2
IC3955,IC3955,Galaxy,12.98501,27.9967,14.4,0.8
IC3956,IC3956,Galaxy,12.98233,37.3982,15.9,0.5
IC3957,IC3957,Galaxy,12.98541,27.7678,14.7,0.6
IC3958,IC3958,Galaxy,12.98650,24.0223,16.7,0.5
IC3959,IC3959,Galaxy,12.98561,27.7841,14.0,0.7
IC3960,IC3960,Galaxy,12.98554,27.8550,14.9,0.6
IC3962,IC3962,Star,12.98749,23.6680,,
IC3963,IC3963,Galaxy,12.98708,27.7746,14.7,0.7
IC3964,IC3964,Star,12.98715,27.8509,15.9,
IC3965,IC3965,Galaxy,12.98963,18.8429,17.1,0.3
IC3966,IC3966,Galaxy,12.98698,35.8553,15.4,0.7
IC3967,IC3967,Galaxy,12.98692,36.1293,15.6,0.8
IC3968,IC3968,Galaxy,12.99041,27.9732,15.3,0.4
IC3969,IC3969,Galaxy Triplet,12.99247,19.6520,,0.8
IC3970,IC3970,Star,12.98651,40.4019,,
IC3971,IC3971,Galaxy,12.99216,22.8448,16.7,0.4
IC3972,IC3972,Star,12.98810,37.2791,,
IC3973,IC3973,Galaxy,12.99189,27.8842,14.4,0.8
IC3975,IC3975,Galaxy,12.98769,38.8828,15.1,0.9
IC3976,IC3976,Galaxy,12.99150,27.8501,14.7,0.7
IC3977,IC3977,Star,12.98879,36.7981,,
IC3978,IC3978,Galaxy,12.99374,19.6222,18.6,0.2
IC3979,IC3979,Star,12.98910,36.3243,,
IC3980,IC3980,Galaxy,12.98850,39.1512,16.8,0.4
IC3981,IC3981,Star,12.98929,37.2278,,
IC3982,IC3982,Star,12.98850,40.0805,,
IC3983,IC3983,Double Star,12.98903,39.2466,,
IC3984,IC3984,Galaxy,12.99452,19.6231,17.7,0.3
IC3985,IC3985,Galaxy,12.99532,19.5911,16.4,0.4
IC3986,IC3986,Galaxy,13.02559,-32.2911,13.3,1.9
IC3987,IC3987,Galaxy,12.99029,38.7334,15.6,0.5
IC3988,IC3988,Star,12.99078,37.2450,,
IC3989,IC3989,Star,12.99132,36.7566,,
IC3990,IC3990,Galaxy,12.99420,28.8955,14.0,0.9
IC3991,IC3991,Galaxy,12.99439,28.9266,14.4,0.9
IC3992,IC3992,Star,12.99258,36.7718,,
IC3993,IC3993,Galaxy,12.99180,40.6018,15.9,0.5
IC3994,IC3994,Galaxy,12.99746,22.7167,17.2,0.3
IC3995,IC3995,Star,12.99276,39.0398,,
IC3996,IC3996,Double Star,12.99208,40.4676,,
IC3997,IC3997,Galaxy,12.99359,36.6957,16.9,0.4
IC3998,IC3998,Galaxy,12.99633,27.9739,14.6,0.6
IC4000,IC4000,Galaxy,12.99351,39.5877,17.1,0.4
IC4001,IC4001,Galaxy,12.99387,38.8702,15.7,0.6
IC4002,IC4002,Galaxy,12.99461,36.7635,17.1,0.4
IC4003,IC4003,Galaxy,12.99426,38.8156,15.1,1.1
IC4004,IC4004,Galaxy,12.99521,38.8113,15.4,0.9
IC4005,IC4005,Double Star,13.00071,22.6399,,
IC4006,IC4006,Star,12.99687,37.0111,,
IC4007,IC4007,Galaxy,13.00194,19.9647,16.3,0.3
IC4008,IC4008,Double Star,13.00159,22.3505,,
IC4009,IC4009,Star,12.99800,36.6608,,
IC4010,IC4010,Galaxy,12.99834,37.8591,16.3,0.5
IC4011,IC4011,Galaxy,13.00178,28.0041,15.1,0.4
IC4012,IC4012,Galaxy,13.00222,28.0786,14.9,0.5
IC4013,IC4013,Star,12.99940,37.1994,,
IC4014,IC4014,Galaxy,13.00386,22.4996,16.8,0.4
IC4017,IC4017,Galaxy,13.00442,22.5557,17.4,0.4
IC4018,IC4018,Galaxy,12.99929,40.4887,17.0,0.2
IC4019,IC4019,Double Star,13.00484,23.7208,,
IC4020,IC4020,Galaxy,13.00094,38.6099,16.6,0.9
IC4021,IC4021,Galaxy,13.00409,28.0413,14.7,0.4
IC4022,IC4022,Star,13.00137,38.4789,,
IC4023,IC4023,Galaxy,13.00737,19.0973,16.6,0.6
IC4024,IC4024,Star,13.00110,40.5091,,
IC4025,IC4025,Galaxy,13.00788,19.1050,16.6,0.6
IC4026,IC4026,Galaxy,13.00615,28.0470,14.6,0.6
IC4027,IC4027,Galaxy,13.00378,37.1414,16.3,0.5
IC4028,IC4028,Galaxy,13.00448,36.2541,15.4,0.8
IC4029,IC4029,Galaxy,13.00394,38.7597,16.6,0.4
IC4030,IC4030,Galaxy,13.00777,27.9560,15.4,0.5
IC4031,IC4031,Galaxy,13.00430,39.1449,16.4,0.2
IC4032,IC4032,Galaxy,13.00713,28.8678,14.7,0.6
IC4033,IC4033,Galaxy,13.00789,27.9724,15.2,0.5
IC4034,IC4034,Galaxy,13.00544,37.0462,16.3,0.4
IC4035,IC4035,Galaxy Pair,13.00482,40.3014,,0.8
IC4036,IC4036,Star,13.00576,36.9091,,
IC4037,IC4037,Galaxy,13.00539,39.0026,16.5,0.3
IC4038,IC4038,Galaxy,13.00605,37.0394,16.2,0.6
IC4039,IC4039,Galaxy,13.01094,21.6917,16.0,0.5
IC4040,IC4040,Galaxy,13.01054,28.0574,14.8,0.8
IC4041,IC4041,Galaxy,13.01135,27.9966,14.4,0.6
IC4042,IC4042,Galaxy,13.01188,27.9714,14.1,0.7
IC4043,IC4043,Galaxy,13.00963,37.0719,16.5,1.0
IC4044,IC4044,Galaxy,13.01317,27.9222,15.5,0.5
IC4045,IC4045,Galaxy,13.01351,28.0908,13.9,0.8
IC4046,IC4046,Star,13.01095,36.6859,,
IC4047,IC4047,Galaxy,13.01603,19.6870,15.6,0.9
IC4048,IC4048,Galaxy,13.01060,39.8310,16.8,0.5
IC4049,IC4049,Galaxy,13.01185,36.3456,15.0,1.1
IC4050,IC4050,Double Star,13.01217,36.7399,,
IC4051,IC4051,Galaxy,13.01432,28.0428,13.6,1.0
IC4052,IC4052,Double Star,13.01164,39.6676,,
IC4053,IC4053,Star,13.01703,22.9247,,
IC4054,IC4054,Star,13.01704,22.9050,,
IC4055,IC4055,Other,13.01740,22.9086,,
IC4056,IC4056,Galaxy,13.01230,39.7541,16.0,0.7
IC4057,IC4057,Star,13.01813,23.1577,,
IC4058,IC4058,Galaxy,13.01926,19.4942,16.3,0.6
IC4059,IC4059,Galaxy,13.02096,19.2736,17.0,0.4
IC4060,IC4060,Galaxy,13.01460,40.5846,15.1,0.8
IC4061,IC4061,Galaxy Pair,13.01601,39.5828,,0.5
IC4062,IC4062,Galaxy,13.01629,39.8589,14.9,0.4
IC4063,IC4063,Galaxy,13.01851,39.2452,16.9,0.3
IC4064,IC4064,Galaxy,13.01854,39.8415,14.4,1.4
IC4065,IC4065,Galaxy,13.01972,39.7445,15.3,0.7
IC4066,IC4066,Star,13.02782,19.2726,,
IC4067,IC4067,Galaxy,13.02225,39.9404,16.3,0.4
IC4068,IC4068,Galaxy,13.02227,39.8991,15.9,0.6
IC4069,IC4069,Galaxy,13.02355,36.1127,16.9,0.4
IC4070,IC4070,Galaxy,13.02869,19.3019,16.2,0.6
IC4071,IC4071,Galaxy,13.03447,-7.6032,14.7,1.0
IC4072,IC4072,Star,13.02384,37.3537,,
IC4073,IC4073,Galaxy,13.02381,39.9143,15.4,0.8
IC4074,IC4074,Galaxy,13.03027,19.0089,16.9,0.6
IC4075,IC4075,Galaxy,13.03016,19.9650,16.8,0.4
IC4076,IC4076,Galaxy,13.03016,23.3891,16.8,0.4
IC4077,IC4077,Galaxy,13.02613,37.3862,16.2,0.4
IC4078,IC4078,Double Star,13.02657,36.5932,,
IC4079,IC4079,Galaxy,13.03244,19.2488,17.4,0.4
IC4080,IC4080,Galaxy Pair,13.03272,19.2547,,0.4
IC4081,IC4081,Galaxy,13.03203,22.7710,16.6,0.4
IC4082,IC4082,Galaxy,13.02753,37.3416,16.6,0.4
IC4083,IC4083,Galaxy,13.02748,38.1424,16.3,0.4
IC4084,IC4084,Double Star,13.02806,36.9657,,
IC4085,IC4085,Galaxy,13.02728,39.7027,16.0,0.3
IC4086,IC4086,Galaxy,13.02857,36.6484,15.7,0.8
IC4087,IC4087,Galaxy,13.03345,19.9952,17.0,0.2
IC4089,IC4089,Galaxy,13.03385,19.5029,17.4,0.4
IC4090,IC4090,Star,13.02953,36.8379,,
IC4091,IC4091,Galaxy,13.03693,19.8930,16.9,0.5
IC4092,IC4092,Star,13.03712,19.1842,,
IC4093,IC4093,Other,13.03444,28.9947,,
IC4094,IC4094,Galaxy,13.03294,37.7950,16.3,0.4
IC4095,IC4095,Galaxy,13.03899,19.0997,16.2,0.8
IC4096,IC4096,Galaxy,13.03804,24.0108,16.7,0.7
IC4097,IC4097,Star,13.03471,36.6054,,
IC4098,IC4098,Galaxy,13.03440,37.9809,16.3,0.5
IC4099,IC4099,Galaxy,13.03979,24.0292,16.4,0.7
IC4100,IC4100,Galaxy,13.03470,40.4084,14.8,1.2
IC4101,IC4101,Star,13.03715,39.9404,,
IC4102,IC4102,Galaxy,13.03833,36.1524,17.0,0.3
IC4103,IC4103,Galaxy,13.03862,38.0175,15.9,0.8
IC4104,IC4104,Galaxy,13.03837,38.5924,15.9,0.5
IC4105,IC4105,Galaxy,13.03861,38.2713,16.5,0.5
IC4106,IC4106,Galaxy,13.04401,28.1146,15.4,0.7
IC4107,IC4107,Galaxy,13.04496,21.9974,16.6,0.9
IC4108,IC4108,Galaxy,13.04209,38.4785,15.4,0.7
IC4109,IC4109,Star,13.04944,19.0037,,
IC4110,IC4110,Galaxy,13.04952,19.2270,16.6,0.2
IC4111,IC4111,Galaxy,13.04905,28.0704,15.6,0.7
IC4112,IC4112,Star,13.04588,37.2122,,
IC4113,IC4113,Galaxy,13.05092,20.4734,16.7,0.4
IC4114,IC4114,Galaxy,13.04495,40.1045,16.6,0.5
IC4115,IC4115,Galaxy,13.04687,37.2232,15.9,0.6
IC4116,IC4116,Star,13.05281,19.0834,,
IC4117,IC4117,Star,13.04683,40.5249,,
IC4118,IC4118,Galaxy,13.04769,38.2929,15.4,0.6
IC4119,IC4119,Galaxy,13.05421,19.2328,17.4,0.4
IC4120,IC4120,Star,13.05043,37.0817,,
IC4121,IC4121,Star,13.05598,19.2823,,
IC4122,IC4122,Galaxy,13.05679,20.1969,14.2,0.8
IC4123,IC4123,Galaxy,13.05162,38.3145,15.6,0.6
IC4124,IC4124,Galaxy,13.05877,22.8468,16.8,0.4
IC4125,IC4125,Galaxy,13.05971,18.8034,15.8,1.0
IC4126,IC4126,Star,13.06013,19.3234,,
IC4127,IC4127,Galaxy,13.05483,38.0469,15.9,0.6
IC4128,IC4128,Galaxy,13.06146,20.2166,16.4,0.4
IC4129,IC4129,Galaxy,13.06221,18.8771,17.0,0.5
IC4130,IC4130,Galaxy,13.06294,19.2715,14.3,1.2
IC4131,IC4131,Galaxy,13.05711,38.9513,16.4,0.4
IC4132,IC4132,Star,13.05940,38.3776,,
IC4133,IC4133,Galaxy,13.06411,27.9884,15.3,0.6
IC4135,IC4135,Galaxy,13.06039,40.2490,16.1,0.7
IC4137,IC4137,Galaxy,13.06647,22.7400,16.5,0.4
IC4138,IC4138,Galaxy,13.06725,20.6655,16.6,0.4
IC4139,IC4139,Galaxy,13.06782,19.2950,15.4,0.6
IC4140,IC4140,Galaxy,13.06834,20.0964,17.5,0.3
IC4141,IC4141,Galaxy,13.06881,19.2106,15.3,0.7
IC4142,IC4142,Star,13.06311,38.1951,,
IC4143,IC4143,Star,13.06264,40.2071,,
IC4144,IC4144,Galaxy,13.06391,36.9434,15.9,1.0
IC4145,IC4145,Galaxy,13.06383,38.2866,16.8,0.7
IC4146,IC4146,Galaxy,13.06955,19.2782,15.9,0.5
IC4147,IC4147,Galaxy,13.06929,20.2509,17.4,0.3
IC4148,IC4148,Galaxy,13.06964,19.2592,16.7,0.4
IC4149,IC4149,Galaxy,13.06967,22.2897,15.5,0.7
IC4150,IC4150,Star,13.07029,21.9867,,
IC4151,IC4151,Galaxy Triplet,13.06637,36.8579,,0.4
IC4152,IC4152,Galaxy,13.06624,38.1986,15.9,0.8
IC4153,IC4153,Star,13.07405,19.0450,,
IC4154,IC4154,Galaxy,13.07452,23.5750,15.5,0.6
IC4155,IC4155,Star,13.06914,40.0154,,
IC4157,IC4157,Star,13.07183,38.6636,,
IC4158,IC4158,Galaxy,13.07351,36.4799,15.7,0.8
IC4159,IC4159,Galaxy,13.07944,22.2421,17.2,0.3
IC4160,IC4160,Galaxy,13.08002,22.8925,16.9,0.4
IC4161,IC4161,Galaxy,13.07648,39.9775,16.0,0.7
IC4162,IC4162,Galaxy,13.08416,20.5548,17.0,0.3
IC4163,IC4163,Galaxy,13.08556,20.7707,16.4,0.4
IC4164,IC4164,Galaxy,13.08736,20.5471,16.8,0.5
IC4165,IC4165,Galaxy,13.08249,39.9249,17.9,0.6
IC4166,IC4166,Galaxy,13.08850,31.4423,15.2,1.0
IC4167,IC4167,Galaxy,13.09187,21.9100,16.8,0.4
IC4168,IC4168,Galaxy,13.08631,40.0497,15.4,0.7
IC4169,IC4169,Galaxy Pair,13.08669,38.7725,,0.6
IC4170,IC4170,Galaxy Pair,13.09301,21.1350,,0.8
IC4171,IC4171,Galaxy,13.08856,36.1029,15.9,0.7
IC4172,IC4172,Galaxy,13.10927,22.8504,16.2,0.5
IC4174,IC4174,Star,13.09127,36.3964,,
IC4175,IC4175,Galaxy,13.09652,20.3747,16.8,0.4
IC4177,IC4177,Galaxy,13.10804,-13.5716,15.0,0.9
IC4178,IC4178,Galaxy,13.09486,36.0175,16.2,0.6
IC4179,IC4179,Star,13.09608,37.1978,,
IC4180,IC4180,Galaxy,13.11569,-23.9171,13.6,1.4
IC4181,IC4181,Galaxy,13.10178,21.4939,16.1,0.5
IC4182,IC4182,Galaxy,13.09709,37.6049,11.6,6.0
IC4183,IC4183,Galaxy,13.10321,21.5044,16.7,0.5
IC4184,IC4184,Galaxy,13.09771,38.8374,15.5,0.3
IC4185,IC4185,Galaxy Pair,13.10351,21.7730,,1.0
IC4186,IC4186,Double Star,13.09927,36.9861,,
IC4187,IC4187,Galaxy,13.09989,36.2985,15.5,0.6
IC4188,IC4188,Galaxy,13.10065,36.3282,16.4,0.5
IC4189,IC4189,Galaxy,13.10099,35.9803,14.4,1.2
IC4190,IC4190,Star,13.10177,37.6100,,
IC4191,IC4191,Planetary Nebula,13.14645,-67.6438,10.6,0.1
IC4192,IC4192,Other,13.10239,37.6056,,
IC4193,IC4193,Galaxy,13.10176,39.4236,15.5,0.5
IC4194,IC4194,Star,13.10216,38.8736,,
IC4195,IC4195,Star,13.10429,37.0398,,
IC4197,IC4197,Galaxy,13.13454,-23.7969,12.5,1.8
IC4199,IC4199,Star,13.12574,35.8598,,
IC4200,IC4200,Galaxy,13.15966,-51.9686,13.8,1.7
IC4201,IC4201,Galaxy,13.13089,35.8349,15.5,0.7
IC4202,IC4202,Galaxy,13.14211,24.7008,15.0,1.7
IC4203,IC4203,Star,13.13863,40.4279,,
IC4204,IC4204,Galaxy,13.13933,39.4612,15.9,0.9
IC4206,IC4206,Star,13.15609,39.0222,,
IC4207,IC4207,Galaxy,13.15742,37.8229,16.6,0.5
IC4208,IC4208,Star,13.16055,37.2556,,
IC4209,IC4209,Galaxy,13.17291,-7.1707,14.5,1.3
IC4211,IC4211,Star,13.18236,37.1762,,
IC4212,IC4212,Galaxy,13.20083,-6.9925,13.7,0.3
IC4213,IC4213,Galaxy,13.20312,35.6697,14.0,2.5
IC4214,IC4214,Galaxy,13.29519,-32.1017,11.4,3.0
IC4215,IC4215,Galaxy,13.27134,25.4052,13.9,1.6
IC4216,IC4216,Galaxy,13.28385,-10.7700,13.7,2.0
IC4217,IC4217,Galaxy,13.28702,-13.1541,15.3,0.7
IC4218,IC4218,Galaxy,13.28428,-2.2613,14.7,1.2
IC4219,IC4219,Galaxy,13.30826,-31.6309,13.0,1.1
IC4220,IC4220,Galaxy,13.29842,-13.6055,14.9,0.8
IC4221,IC4221,Galaxy,13.30843,-14.6089,13.6,1.5
IC4223,IC4223,Galaxy,13.31534,7.7955,15.4,0.7
IC4224,IC4224,Galaxy,13.31807,-2.5153,14.8,0.9
IC4225,IC4225,Galaxy,13.33360,31.9814,15.0,1.6
IC4226,IC4226,Galaxy,13.34178,32.0039,15.1,0.5
IC4227,IC4227,Galaxy,13.34819,32.1908,15.6,0.5
IC4228,IC4228,Galaxy,13.35947,25.5162,15.1,0.8
IC4229,IC4229,Galaxy,13.37392,-2.4183,14.3,0.8
IC4230,IC4230,Galaxy,13.36644,26.7339,15.1,1.2
IC4231,IC4231,Galaxy,13.38705,-26.3004,14.3,2.1
IC4232,IC4232,Galaxy,13.38957,-26.1095,14.6,1.2
IC4234,IC4234,Galaxy,13.38330,27.1164,14.8,0.8
IC4235,IC4235,Galaxy,13.39805,-12.7434,16.1,0.9
IC4237,IC4237,Galaxy,13.40910,-21.1368,13.2,2.1
IC4238,IC4238,Galaxy,13.39999,30.9324,15.9,0.9
IC4239,IC4239,Galaxy,13.40706,30.9593,15.2,0.9
IC4240,IC4240,Galaxy,13.40766,30.9779,15.9,0.5
IC4241,IC4241,Galaxy,13.41293,26.7384,15.4,0.6
IC4242,IC4242,Galaxy,13.41137,31.0265,16.0,0.6
IC4243,IC4243,Galaxy,13.43090,-27.6269,15.2,0.5
IC4244,IC4244,Galaxy,13.41563,26.4635,15.4,0.8
IC4245,IC4245,Galaxy,13.43307,-26.6777,15.2,0.7
IC4246,IC4246,Galaxy,13.43340,-26.6781,15.3,0.6
IC4247,IC4247,Galaxy,13.44567,-30.3624,14.3,1.4
IC4248,IC4248,Galaxy,13.44645,-29.8814,14.8,1.0
IC4249,IC4249,Galaxy,13.45182,-27.9564,13.9,1.4
IC4250,IC4250,Galaxy,13.43582,26.4772,15.6,0.6
IC4251,IC4251,Galaxy,13.45674,-29.4444,15.0,1.0
IC4252,IC4252,Galaxy,13.45778,-27.3248,13.1,2.0
IC4253,IC4253,Galaxy,13.45899,-27.8721,14.8,1.4
IC4254,IC4254,Galaxy,13.46260,-27.2225,15.6,0.8
IC4255,IC4255,Galaxy,13.46670,-27.3543,13.4,1.3
IC4256,IC4256,Galaxy,13.45089,30.9768,15.5,0.7
IC4257,IC4257,Other,13.45565,46.8670,,
IC4258,IC4258,Galaxy,13.46479,28.5082,15.1,0.8
IC4259,IC4259,Galaxy,13.49115,-30.1349,15.4,1.0
IC4260,IC4260,Galaxy,13.49456,-28.2661,15.7,1.2
IC4261,IC4261,Galaxy,13.49657,-28.0064,14.7,1.2
IC4262,IC4262,Galaxy,13.50642,-28.2706,15.6,1.2
IC4263,IC4263,Galaxy,13.47589,46.9272,15.2,1.7
IC4264,IC4264,Galaxy,13.50492,-27.9284,15.0,1.9
IC4265,IC4265,Galaxy,13.50638,-25.7656,15.5,0.8
IC4266,IC4266,Galaxy,13.48490,37.6118,16.2,0.6
IC4267,IC4267,Galaxy,13.51003,-26.2561,15.2,1.3
IC4268,IC4268,Galaxy,13.48676,37.6605,16.3,0.6
IC4269,IC4269,Galaxy,13.48918,37.6231,,0.5
IC4270,IC4270,Galaxy,13.51364,-25.3337,14.7,0.9
IC4271,IC4271,Galaxy Pair,13.48928,37.4117,,0.8
IC4272,IC4272,Galaxy,13.52127,-29.9574,15.7,1.0
IC4273,IC4273,Galaxy,13.52496,-28.8934,15.2,0.9
IC4275,IC4275,Galaxy,13.53092,-29.7324,16.6,0.9
IC4276,IC4276,Galaxy,13.53507,-28.1568,15.4,1.3
IC4277,IC4277,Galaxy,13.50464,47.3142,,0.7
IC4278,IC4278,Galaxy,13.50765,47.2469,17.8,0.4
IC4279,IC4279,Galaxy,13.54194,-27.1275,15.5,0.7
IC4280,IC4280,Galaxy,13.54817,-24.2071,12.8,1.1
IC4281,IC4281,Galaxy,13.54396,-27.1696,14.5,1.3
IC4282,IC4282,Galaxy,13.52216,47.1839,17.8,0.4
IC4283,IC4283,Galaxy,13.53630,28.3891,15.4,0.7
IC4284,IC4284,Galaxy,13.52554,46.7951,17.3,0.3
IC4285,IC4285,Galaxy,13.52932,46.8216,17.9,0.3
IC4286,IC4286,Galaxy,13.55990,-27.6312,16.0,0.4
IC4287,IC4287,Galaxy Pair,13.54417,25.4411,,1.0
IC4288,IC4288,Galaxy,13.57512,-27.3042,14.8,1.4
IC4289,IC4289,Galaxy,13.57995,-27.1271,14.3,1.4
IC4290,IC4290,Galaxy,13.58877,-28.0218,13.3,1.4
IC4291,IC4291,Open Cluster,13.61567,-62.0931,9.7,5.1
IC4292,IC4292,Galaxy,13.59628,-27.6739,15.2,0.6
IC4293,IC4293,Galaxy,13.60063,-25.8823,13.5,2.2
IC4294,IC4294,Galaxy,13.60867,-28.7811,15.6,0.9
IC4295,IC4295,Galaxy,13.60957,-29.0894,15.1,1.0
IC4296,IC4296,Galaxy,13.61084,-33.9658,10.5,4.6
IC4297,IC4297,Galaxy,13.58868,26.4248,15.6,0.9
IC4298,IC4298,Galaxy,13.60965,-26.5539,14.2,1.6
IC4299,IC4299,Galaxy,13.61319,-34.0658,12.7,1.9
IC4300,IC4300,Galaxy,13.59033,33.4198,15.7,0.2
IC4301,IC4301,Galaxy,13.59328,33.3745,15.8,1.3
IC4302,IC4302,Galaxy,13.59332,33.4796,16.1,1.4
IC4303,IC4303,Galaxy,13.62173,-28.6580,15.3,1.0
IC4304,IC4304,Galaxy,13.59941,33.4300,14.7,1.3
IC4305,IC4305,Galaxy,13.59955,33.4739,14.8,1.0
IC4306,IC4306,Galaxy,13.60546,33.4234,15.4,1.1
IC4307,IC4307,Galaxy,13.61005,27.2422,15.1,0.7
IC4308,IC4308,Other,13.61454,32.7334,,
IC4309,IC4309,Galaxy,13.64723,-29.6627,15.5,0.8
IC4310,IC4310,Galaxy,13.64921,-25.8457,13.3,2.4
IC4311,IC4311,Galaxy,13.66888,-51.0361,14.1,1.1
IC4312,IC4312,Galaxy,13.67525,-51.0709,13.4,1.2
IC4313,IC4313,Galaxy,13.63909,26.7598,16.0,0.6
IC4314,IC4314,Galaxy,13.64030,26.7425,14.9,0.9
IC4315,IC4315,Galaxy,13.66755,-25.4746,15.1,1.6
IC4316,IC4316,Galaxy,13.67178,-28.8922,14.0,1.4
IC4317,IC4317,Galaxy,13.69606,27.1064,16.2,0.5
IC4318,IC4318,Galaxy,13.72297,-28.9679,14.5,1.1
IC4319,IC4319,Galaxy,13.72405,-29.8035,14.3,1.6
IC4320,IC4320,Galaxy,13.73437,-27.2317,14.2,1.3
IC4321,IC4321,Galaxy,13.74201,-30.1396,15.2,1.0
IC4322,IC4322,Galaxy,13.72893,25.3921,15.5,0.7
IC4323,IC4323,Galaxy,13.75191,-28.6512,15.9,1.1
IC4324,IC4324,Galaxy,13.75759,-30.2272,14.8,0.9
IC4325,IC4325,Galaxy,13.79435,-29.4344,14.8,1.2
IC4326,IC4326,Galaxy,13.80597,-29.6264,14.4,1.0
IC4327,IC4327,Galaxy,13.81217,-30.2175,13.9,1.1
IC4328,IC4328,Galaxy,13.81747,-29.9370,14.9,1.1
IC4329,IC4329,Galaxy,13.81814,-30.2959,11.0,4.7
IC4330,IC4330,Galaxy,13.78746,-28.3318,14.7,1.3
IC4331,IC4331,Galaxy,13.82350,25.1547,15.7,0.6
IC4332,IC4332,Galaxy,13.83126,25.1909,15.3,0.8
IC4333,IC4333,Galaxy,14.08905,-84.2727,14.8,1.8
IC4334,IC4334,Galaxy,13.83007,29.6941,15.5,0.6
IC4335,IC4335,Star,13.82919,33.6736,,
IC4336,IC4336,Galaxy,13.84538,39.7068,14.0,1.4
IC4337,IC4337,Galaxy,13.87202,14.2719,15.2,0.8
IC4339,IC4339,Star,13.89134,37.5390,11.5,
IC4340,IC4340,Galaxy,13.89265,37.3870,14.6,1.3
IC4341,IC4341,Galaxy,13.89285,37.5222,14.8,0.9
IC4342,IC4342,Galaxy,13.90614,25.1531,15.3,1.1
IC4343,IC4343,Galaxy,13.91550,25.1226,15.1,1.1
IC4344,IC4344,Galaxy,13.92016,25.0214,15.0,1.1
IC4345,IC4345,Galaxy,13.92039,25.0518,14.2,1.2
IC4346,IC4346,Galaxy,13.92794,25.1531,15.0,0.7
IC4348,IC4348,Galaxy,13.92919,25.2031,15.6,1.1
IC4349,IC4349,Galaxy,13.92954,25.1519,15.1,1.0
IC4350,IC4350,Galaxy,13.95387,-25.2458,13.7,1.9
IC4351,IC4351,Galaxy,13.96507,-29.3157,11.6,6.5
IC4352,IC4352,Galaxy,13.97364,-34.5173,13.6,1.8
IC4353,IC4353,Other,13.95103,37.7291,,
IC4354,IC4354,Galaxy,13.97525,-12.6054,15.3,1.4
IC4355,IC4355,Galaxy,13.96837,28.4227,15.2,0.4
IC4356,IC4356,Galaxy,13.97919,37.4907,15.9,0.5
IC4357,IC4357,Galaxy,14.01214,31.8942,14.8,0.9
IC4358,IC4358,Galaxy,14.05949,-10.1513,14.9,1.4
IC4359,IC4359,Galaxy,14.08981,-45.2698,13.8,1.2
IC4360,IC4360,Galaxy,14.07259,-11.4248,15.9,0.8
IC4361,IC4361,Galaxy,14.06874,-9.7689,,0.7
IC4362,IC4362,Galaxy,14.08951,-41.8190,13.4,1.8
IC4363,IC4363,Galaxy,14.07008,-9.6416,15.1,0.5
IC4364,IC4364,Galaxy,14.07214,-9.9933,14.8,0.9
IC4366,IC4366,Galaxy,14.08652,-33.7601,12.7,1.6
IC4367,IC4367,Galaxy,14.09349,-39.2034,13.0,1.6
IC4368,IC4368,Galaxy,14.07957,-9.9622,14.9,0.6
IC4369,IC4369,Galaxy,14.06830,33.3207,16.2,0.4
IC4370,IC4370,Galaxy,14.06941,33.3460,15.9,0.4
IC4371,IC4371,Galaxy,14.06969,33.3078,15.1,0.8
IC4372,IC4372,Galaxy,14.09614,-10.9001,16.2,0.5
IC4373,IC4373,Galaxy,14.09533,25.2314,15.3,0.8
IC4374,IC4374,Galaxy,14.12493,-27.0179,13.7,1.8
IC4376,IC4376,Other,14.18069,-30.7928,,
IC4377,IC4377,Galaxy,14.28300,-75.6472,13.9,2.0
IC4378,IC4378,Galaxy,14.20266,-34.2653,14.6,1.5
IC4379,IC4379,Galaxy,14.20284,-34.2727,15.5,0.9
IC4380,IC4380,Galaxy,14.16726,37.5499,15.2,0.7
IC4382,IC4382,Galaxy,14.18404,25.5194,15.5,0.6
IC4384,IC4384,Galaxy,14.19889,27.1139,14.9,1.1
IC4385,IC4385,Other,14.24214,-42.3236,,
IC4386,IC4386,Galaxy,14.25066,-43.9613,12.8,2.6
IC4387,IC4387,Galaxy,14.25049,-43.9901,14.9,1.3
IC4388,IC4388,Galaxy,14.26763,-31.7526,14.3,1.1
IC4389,IC4389,Galaxy,14.27950,-40.5525,15.3,0.8
IC4390,IC4390,Galaxy,14.28311,-44.9773,13.8,1.9
IC4391,IC4391,Galaxy,14.27418,-31.6850,14.4,1.0
IC4392,IC4392,Other,14.26477,-13.0513,,
IC4393,IC4393,Galaxy,14.29693,-31.3491,13.7,2.3
IC4394,IC4394,Other,14.27288,39.6977,,
IC4395,IC4395,Galaxy,14.28919,26.8574,15.0,1.2
IC4396,IC4396,Galaxy,14.29173,28.8000,15.0,0.6
IC4397,IC4397,Galaxy,14.29964,26.4126,14.1,1.1
IC4398,IC4398,Galaxy,14.30096,28.8664,15.2,0.6
IC4399,IC4399,Galaxy,14.30666,26.3859,15.4,0.7
IC4400,IC4400,Other,14.37040,-60.5698,,
IC4401,IC4401,Galaxy,14.32363,-4.4891,14.4,1.5
IC4402,IC4402,Galaxy,14.35364,-46.2979,11.8,5.8
IC4403,IC4403,Galaxy,14.30469,31.6538,14.8,1.2
IC4404,IC4404,Star,14.18060,78.6283,,
IC4405,IC4405,Galaxy,14.32127,26.2986,14.7,1.4
IC4406,IC4406,Planetary Nebula,14.37402,-44.1502,10.2,0.6
IC4407,IC4407,Galaxy,14.39357,-5.9832,14.8,1.5
IC4408,IC4408,Galaxy,14.35364,29.9935,14.9,0.8
IC4409,IC4409,Galaxy,14.35925,31.5855,15.0,0.8
IC4410,IC4410,Galaxy,14.37054,17.3973,15.6,0.8
IC4411,IC4411,Other,14.41697,-35.0206,,
IC4413,IC4413,Galaxy,14.38259,37.5274,15.5,0.5
IC4415,IC4415,Galaxy,14.40742,16.6396,16.1,0.6
IC4416,IC4416,Galaxy,14.40484,29.6358,15.5,0.9
IC4417,IC4417,Galaxy,14.41491,17.0379,15.6,1.1
IC4418,IC4418,Galaxy,14.42423,25.5263,14.8,0.9
IC4419,IC4419,Galaxy,14.43185,16.6325,16.1,0.8
IC4420,IC4420,Galaxy,14.42761,25.3784,15.4,0.7
IC4421,IC4421,Galaxy,14.47536,-37.5838,12.4,1.4
IC4422,IC4422,Galaxy,14.43309,30.4737,15.2,0.7
IC4423,IC4423,Galaxy,14.43826,26.2461,15.4,1.0
IC4425,IC4425,Galaxy,14.44561,27.1895,15.2,0.6
IC4426,IC4426,Galaxy,14.45475,16.8310,15.6,0.7
IC4427,IC4427,Galaxy,14.44988,26.8640,15.3,0.9
IC4428,IC4428,Galaxy,14.45710,16.1908,15.7,0.8
IC4429,IC4429,Galaxy,14.46038,16.8999,15.5,1.0
IC4430,IC4430,Galaxy,14.48872,-33.4551,13.0,2.5
IC4432,IC4432,Galaxy,14.48049,-39.5522,16.4,0.8
IC4433,IC4433,Galaxy,14.46482,16.1956,16.3,0.5
IC4434,IC4434,Galaxy,14.46521,16.2072,15.5,0.6
IC4435,IC4435,Galaxy,14.45674,37.4714,15.1,0.9
IC4436,IC4436,Galaxy,14.46616,26.5045,14.8,1.2
IC4437,IC4437,Double Star,14.45879,41.5032,,
IC4438,IC4438,Galaxy,14.47624,17.3346,15.9,0.5
IC4439,IC4439,Galaxy,14.47779,17.0247,15.8,0.7
IC4440,IC4440,Galaxy,14.48312,17.3206,15.6,0.8
IC4441,IC4441,Galaxy,14.52739,-43.4184,11.8,1.9
IC4442,IC4442,Galaxy,14.47924,28.9642,15.1,0.8
IC4443,IC4443,Galaxy,14.48819,16.1816,16.2,0.6
IC4445,IC4445,Galaxy,14.53184,-46.0353,15.0,1.2
IC4446,IC4446,Galaxy,14.48370,37.4631,15.8,0.8
IC4447,IC4447,Galaxy,14.48833,30.8322,14.7,0.8
IC4448,IC4448,Galaxy,14.67443,-78.8092,13.5,1.1
IC4449,IC4449,Galaxy,14.52266,15.2409,15.7,0.7
IC4450,IC4450,Galaxy,14.53676,28.5568,15.3,1.0
IC4451,IC4451,Galaxy,14.57698,-36.2858,13.3,1.8
IC4452,IC4452,Galaxy,14.54095,27.4274,14.9,0.5
IC4453,IC4453,Galaxy,14.57462,-27.5186,12.2,2.1
IC4454,IC4454,Galaxy,14.55464,17.7118,16.7,0.5
IC4456,IC4456,Galaxy,14.56921,16.1840,16.1,0.6
IC4457,IC4457,Galaxy,14.57469,18.2247,16.0,0.5
IC4458,IC4458,Galaxy,14.63496,-39.5060,17.0,0.6
IC4459,IC4459,Galaxy,14.57561,30.9747,15.4,0.9
IC4460,IC4460,Galaxy,14.57681,30.2794,15.6,0.6
IC4461,IC4461,Galaxy,14.58344,26.5319,16.7,0.4
IC4462,IC4462,Galaxy,14.58386,26.5439,15.3,0.7
IC4463,IC4463,Galaxy,14.59694,16.0193,15.4,0.8
IC4464,IC4464,Galaxy,14.63028,-36.8780,13.7,1.7
IC4465,IC4465,Galaxy,14.59754,15.5729,16.5,0.6
IC4466,IC4466,Galaxy,14.61336,18.3438,15.6,1.0
IC4467,IC4467,Galaxy,14.61491,18.3706,16.0,0.5
IC4468,IC4468,Galaxy,14.64076,-22.3676,13.8,2.3
IC4469,IC4469,Galaxy,14.62236,18.2493,15.4,1.7
IC4470,IC4470,Galaxy,14.47302,78.8856,14.9,0.9
IC4472,IC4472,Galaxy,14.66968,-44.3146,14.0,2.7
IC4473,IC4473,Galaxy Triplet,14.63171,15.8617,,1.2
IC4474,IC4474,Galaxy,14.63953,23.4288,15.9,0.7
IC4475,IC4475,Galaxy,14.63979,23.3336,14.8,1.1
IC4476,IC4476,Galaxy,14.66440,-16.2447,15.3,0.8
IC4477,IC4477,Galaxy,14.64312,28.4594,15.6,0.6
IC4478,IC4478,Galaxy,14.65353,15.8774,15.3,0.6
IC4479,IC4479,Galaxy,14.64608,28.5054,14.8,1.2
IC4480,IC4480,Galaxy,14.66268,18.4924,15.4,0.6
IC4481,IC4481,Galaxy,14.66948,16.1414,16.6,0.5
IC4482,IC4482,Galaxy,14.67013,18.9433,15.6,0.6
IC4483,IC4483,Galaxy,14.67209,16.6852,14.9,1.3
IC4484,IC4484,Galaxy,14.79552,-73.3059,13.9,3.0
IC4485,IC4485,Galaxy,14.67541,28.6689,15.9,0.6
IC4486,IC4486,Galaxy,14.69466,18.5572,15.3,0.5
IC4487,IC4487,Galaxy,14.69783,18.5770,15.7,0.7
IC4488,IC4488,Galaxy,14.71461,18.6203,15.8,0.6
IC4489,IC4489,Galaxy,14.72110,18.5286,16.8,0.4
IC4490,IC4490,Double Star,14.75591,-36.1734,,
IC4492,IC4492,Galaxy,14.70941,37.4523,15.3,0.6
IC4494,IC4494,Galaxy,14.74043,15.5514,15.3,0.9
IC4495,IC4495,Galaxy,14.73738,23.5584,15.7,0.8
IC4496,IC4496,Galaxy,14.73183,33.4066,14.9,0.8
IC4497,IC4497,Galaxy,14.73913,28.5510,15.2,0.8
IC4498,IC4498,Galaxy,14.75022,26.3011,14.9,0.8
IC4499,IC4499,Globular Cluster,15.00535,-82.2135,8.6,5.1
IC4500,IC4500,Galaxy,14.74324,37.4825,15.6,0.6
IC4501,IC4501,Galaxy,14.79041,-22.4060,14.3,1.0
IC4502,IC4502,Galaxy,14.75440,37.3004,15.6,0.6
IC4503,IC4503,Galaxy,14.77764,16.1464,14.7,1.2
IC4504,IC4504,Galaxy,14.77694,31.6992,15.5,0.5
IC4505,IC4505,Galaxy,14.77594,33.4086,14.8,1.1
IC4506,IC4506,Galaxy,14.77776,33.4012,15.5,0.5
IC4507,IC4507,Galaxy,14.79504,18.4557,15.8,0.7
IC4508,IC4508,Galaxy,14.79761,31.7683,15.6,0.8
IC4509,IC4509,Galaxy,14.80752,31.7916,14.8,0.8
IC4510,IC4510,Other,14.84464,-20.7309,,
IC4511,IC4511,Other,14.86813,-40.4949,,
IC4512,IC4512,Galaxy,14.83175,27.7008,16.1,0.6
IC4513,IC4513,Other,14.87134,-20.7279,,
IC4514,IC4514,Galaxy,14.84873,27.5785,17.0,0.8
IC4515,IC4515,Galaxy,14.85185,37.4948,15.5,1.0
IC4516,IC4516,Galaxy,14.90651,16.3553,14.2,1.4
IC4517,IC4517,Galaxy,14.90975,23.6433,15.3,1.1
IC4518,IC4518,Galaxy Pair,14.96192,-43.1317,,2.0
IC4518A,IC4518A,Galaxy,14.96144,-43.1321,16.6,0.9
IC4518B,IC4518B,Galaxy,14.96235,-43.1314,16.5,1.3
IC4519,IC4519,Galaxy,14.91237,37.4127,15.2,0.9
IC4520,IC4520,Galaxy,14.91861,33.7244,15.1,0.5
IC4521,IC4521,Galaxy,14.99096,25.5841,15.4,0.7
IC4522,IC4522,Galaxy,15.19137,-75.8600,13.1,3.0
IC4523,IC4523,Galaxy,15.08626,-43.5095,13.4,1.6
IC4524,IC4524,Galaxy,15.03510,25.6015,15.5,0.6
IC4525,IC4525,Galaxy,15.04024,25.6385,15.7,0.6
IC4526,IC4526,Galaxy,15.04394,23.3504,16.7,0.5
IC4527,IC4527,Galaxy,15.09473,-42.4495,13.7,1.4
IC4528,IC4528,Galaxy,15.02594,49.1125,15.1,0.8
IC4529,IC4529,Galaxy,15.10722,-43.2326,14.8,0.8
IC4530,IC4530,Galaxy,15.06259,26.1009,15.3,0.9
IC4531,IC4531,Galaxy,15.07401,23.4149,15.6,0.9
IC4532,IC4532,Galaxy,15.08161,23.2566,15.5,0.9
IC4533,IC4533,Galaxy,15.07509,27.7929,15.1,1.0
IC4534,IC4534,Galaxy,15.11160,23.6419,14.5,1.4
IC4535,IC4535,Galaxy,15.14489,37.5703,16.0,0.5
IC4536,IC4536,Galaxy,15.22145,-18.1373,13.7,1.3
IC4537,IC4537,Galaxy,15.29234,2.0474,15.9,0.8
IC4538,IC4538,Galaxy,15.35323,-23.6584,12.4,2.5
IC4539,IC4539,Galaxy,15.30865,32.3929,15.8,0.6
IC4540,IC4540,Other,15.33420,1.7866,,
IC4541,IC4541,Galaxy,15.49877,-70.5849,13.9,1.7
IC4542,IC4542,Galaxy,15.36816,33.1486,15.1,1.1
IC4544,IC4544,Nova,15.48972,-50.5834,7.0,
IC4545,IC4545,Galaxy,15.69105,-81.6259,14.1,2.0
IC4546,IC4546,Galaxy,15.44956,28.8526,15.5,0.7
IC4547,IC4547,Galaxy,15.45419,28.7890,15.4,0.8
IC4548,IC4548,Galaxy,15.45667,28.8498,16.5,0.5
IC4549,IC4549,Galaxy,15.48738,32.8256,15.5,0.7
IC4552,IC4552,Galaxy,15.64858,4.5831,14.2,1.0
IC4553,IC4553,Galaxy,15.58257,23.5031,13.2,1.1
IC4554,IC4554,Galaxy,15.58468,23.4793,16.1,0.5
IC4555,IC4555,Galaxy,15.80411,-78.1789,13.6,2.1
IC4556,IC4556,Galaxy,15.58957,25.2971,14.6,1.2
IC4557,IC4557,Galaxy,15.57692,39.7289,15.7,0.5
IC4558,IC4558,Galaxy,15.59617,25.3459,15.8,0.5
IC4559,IC4559,Galaxy,15.59820,25.3411,15.1,0.6
IC4560,IC4560,Galaxy,15.59836,39.8141,16.4,0.6
IC4561,IC4561,Galaxy,15.61308,25.4168,15.1,0.8
IC4562,IC4562,Galaxy,15.59917,43.4933,13.8,1.2
IC4563,IC4563,Galaxy,15.60102,39.8315,14.9,1.1
IC4564,IC4564,Galaxy,15.60752,43.5188,14.3,1.2
IC4565,IC4565,Galaxy,15.60976,43.4249,14.8,0.8
IC4566,IC4566,Galaxy,15.61171,43.5393,13.3,1.4
IC4567,IC4567,Galaxy,15.62035,43.2983,13.6,1.3
IC4568,IC4568,Galaxy,15.66881,28.1523,15.2,0.5
IC4569,IC4569,Galaxy,15.68011,28.2921,14.9,0.9
IC4570,IC4570,Galaxy,15.68961,28.2297,15.1,0.8
IC4571,IC4571,Galaxy,15.81431,-67.3235,13.9,1.6
IC4572,IC4572,Galaxy,15.69839,28.1340,14.8,1.2
IC4573,IC4573,Galaxy,15.70343,23.8000,15.7,0.6
IC4574,IC4574,Galaxy,15.69979,28.2403,15.7,0.6
IC4575,IC4575,Galaxy,15.70546,23.8076,15.5,0.5
IC4576,IC4576,Galaxy,15.70986,23.6701,14.6,1.4
IC4577,IC4577,Galaxy,15.71266,23.7926,15.3,0.6
IC4578,IC4578,Galaxy,15.88629,-74.8253,13.9,1.6
IC4579,IC4579,Galaxy,15.71431,23.7732,15.5,0.6
IC4580,IC4580,Galaxy,15.72062,28.3568,15.3,1.0
IC4581,IC4581,Galaxy,15.73376,28.2770,15.2,0.8
IC4582,IC4582,Galaxy,15.76096,28.0887,14.8,1.2
IC4583,IC4583,Galaxy,15.77276,23.8090,14.8,1.2
IC4584,IC4584,Galaxy,16.00341,-66.3833,15.8,2.0
IC4585,IC4585,Galaxy,16.00490,-66.3223,12.3,1.6
IC4587,IC4587,Galaxy,15.99767,25.9406,15.8,0.8
IC4588,IC4588,Galaxy,16.08451,23.9171,16.1,0.5
IC4589,IC4589,Star,16.12350,-6.3853,,
IC4590,IC4590,Galaxy,16.13921,28.4787,14.9,0.7
IC4591,IC4591,HII Region,16.20504,-27.9277,,12.0
IC4592,IC4592,Reflection Nebula,16.19963,-19.4547,3.9,60.0
IC4593,IC4593,Planetary Nebula,16.19569,12.0714,10.7,0.7
IC4595,IC4595,Galaxy,16.34568,-70.1426,13.5,3.3
IC4596,IC4596,Galaxy,16.26767,-22.6254,15.0,1.7
IC4597,IC4597,Galaxy,16.29437,-34.3659,14.4,1.3
IC4598,IC4598,Galaxy,16.30370,-31.4429,14.9,1.5
IC4599,IC4599,Planetary Nebula,16.32310,-42.2601,12.4,0.2
IC4600,IC4600,Other,16.30241,-22.7855,,
IC4601,IC4601,Nebula,16.33828,-20.0873,,20.0
IC4603,IC4603,Nebula,16.42347,-24.4684,,20.0
IC4604,rho Oph Nebula,Nebula,16.42533,-23.4366,5.1,60.0
IC4605,IC4605,Nebula,16.50347,-25.1152,4.7,30.0
IC4606,IC4606,Other,16.52608,-26.0565,,
IC4607,IC4607,Galaxy,16.50441,24.5744,16.0,0.7
IC4608,IC4608,Galaxy,16.78166,-77.4887,13.7,0.9
IC4609,IC4609,Galaxy,16.55045,22.7974,15.2,0.9
IC4610,IC4610,Galaxy,16.56088,39.2576,16.3,1.0
IC4611,IC4611,Galaxy,16.56176,39.1851,15.8,0.5
IC4612,IC4612,Galaxy,16.56378,39.2632,15.2,1.0
IC4613,IC4613,Other,16.61949,36.1306,,
IC4614,IC4614,Galaxy,16.62977,36.1150,15.2,0.8
IC4617,IC4617,Galaxy,16.70224,36.6841,16.0,0.7
IC4618,IC4618,Galaxy,16.96389,-76.9930,12.6,1.7
IC4619,IC4619,Galaxy,16.73642,17.7592,15.2,0.7
IC4620,IC4620,Galaxy,16.80834,19.3054,15.8,0.7
IC4621,IC4621,Galaxy,16.84755,8.7837,15.1,0.8
IC4622,IC4622,Other,16.86897,-16.2363,,
IC4623,IC4623,Galaxy,16.85148,22.5274,15.4,0.7
IC4624,IC4624,Galaxy,16.85932,17.4491,15.7,0.5
IC4626,IC4626,Double Star,16.88929,2.3387,,
IC4627,IC4627,Galaxy,16.90243,-7.6353,16.1,0.7
IC4628,IC4628,Nebula,16.94956,-40.4510,,89.1
IC4629,IC4629,Other,16.93611,-16.7099,,
IC4630,IC4630,Galaxy,16.91933,26.6629,14.7,0.8
IC4631,IC4631,Other,17.18334,-77.6036,,
IC4632,IC4632,Other,16.97559,22.9156,,
IC4633,IC4633,Galaxy,17.22973,-77.5362,13.7,2.7
IC4634,IC4634,Planetary Nebula,17.02600,-21.8260,10.9,0.1
IC4635,IC4635,Galaxy,17.26089,-77.4895,14.9,1.6
IC4636,IC4636,Star,16.98523,47.1954,,
IC4637,IC4637,Planetary Nebula,17.08634,-40.8864,12.5,0.3
IC4638,IC4638,Galaxy,17.02047,33.5132,15.5,0.7
IC4639,IC4639,Galaxy,17.04854,22.9300,16.0,0.6
IC4640,IC4640,Galaxy,17.39954,-80.0641,14.8,1.3
IC4641,IC4641,Galaxy,17.40287,-80.1474,14.4,1.2
IC4642,IC4642,Planetary Nebula,17.19589,-55.3990,13.4,0.3
IC4644,IC4644,Galaxy,17.41025,-73.9401,15.5,1.8
IC4645,IC4645,Galaxy,17.24531,43.1041,15.8,0.6
IC4646,IC4646,Galaxy,17.39811,-59.9994,12.3,2.8
IC4647,IC4647,Galaxy,17.43437,-80.1951,14.5,1.6
IC4648,IC4648,Double Star,17.26945,43.8626,,
IC4650,IC4650,Galaxy,17.26317,57.3019,15.8,0.6
IC4651,IC4651,Open Cluster,17.41365,-49.9382,6.9,9.6
IC4652,IC4652,Galaxy,17.44074,-59.7283,14.2,1.1
IC4653,IC4653,Galaxy,17.45199,-60.8796,12.6,1.6
IC4654,IC4654,Galaxy,17.61886,-74.3814,13.2,2.0
IC4655,IC4655,Other,17.57656,-60.7213,,
IC4656,IC4656,Galaxy,17.62885,-63.7297,13.8,2.6
IC4657,IC4657,Other,17.54519,-17.5248,,
IC4658,IC4658,Other,17.60300,-59.5849,,
IC4659,IC4659,Other,17.57006,-17.9280,,
IC4660,IC4660,Galaxy,17.36255,75.8485,14.2,1.3
IC4661,IC4661,Galaxy,17.85077,-74.0324,13.5,1.6
IC4662,IC4662,Galaxy,17.78580,-64.6418,11.1,2.1
IC4663,IC4663,Planetary Nebula,17.75783,-44.9049,12.5,0.2
IC4664,IC4664,Galaxy,17.81628,-63.2545,12.9,1.7
IC4665,IC4665,Open Cluster,17.77422,5.6487,4.2,24.6
IC4666,IC4666,Star,17.76732,55.7756,,
IC4667,IC4667,Other,17.77193,55.8756,,
IC4668,IC4668,Star,17.78317,57.4007,,
IC4669,IC4669,Galaxy,17.78694,61.4342,15.1,0.6
IC4670,IC4670,Planetary Nebula,17.91861,-21.7443,13.3,0.1
IC4671,IC4671,Other,17.91886,-10.2859,,
IC4672,IC4672,Galaxy,18.03742,-62.8325,15.3,0.9
IC4673,IC4673,Planetary Nebula,18.05511,-27.1061,13.0,0.2
IC4674,IC4674,Galaxy,18.13697,-62.3955,14.9,1.6
IC4675,IC4675,Other,18.05297,-9.2595,,
IC4676,IC4676,Galaxy,18.04805,11.8231,15.6,0.6
IC4677,IC4677,Other,17.97105,66.6333,,
IC4678,IC4678,Nebula,18.10930,-23.9544,10.4,
IC4679,IC4679,Galaxy,18.19014,-56.2544,12.8,1.2
IC4680,IC4680,Galaxy,18.22490,-64.4767,13.9,1.6
IC4681,IC4681,Star,18.13889,-23.4320,9.1,
IC4682,IC4682,Galaxy,18.27381,-71.5813,13.2,2.2
IC4683,IC4683,Other,18.15026,-26.3909,,
IC4684,IC4684,Reflection Nebula,18.15234,-23.4354,,3.0
IC4685,IC4685,Nebula,18.15486,-23.9872,,15.0
IC4686,IC4686,Galaxy,18.22740,-57.7325,14.2,0.8
IC4687,IC4687,Galaxy,18.22767,-57.7254,14.3,1.1
IC4688,IC4688,Galaxy,18.13663,11.7122,14.6,1.3
IC4689,IC4689,Galaxy,18.22786,-57.7482,14.3,0.9
IC4691,IC4691,Galaxy,18.14603,11.8301,15.4,1.0
IC4692,IC4692,Galaxy,18.24721,-58.6938,14.2,1.7
IC4693,IC4693,Other,18.15301,17.3479,,
IC4694,IC4694,Galaxy,18.25735,-58.2089,13.8,2.8
IC4695,IC4695,Double Star,18.28985,-58.9255,,
IC4696,IC4696,Galaxy,18.33831,-64.7341,13.5,2.4
IC4697,IC4697,Galaxy,18.20747,25.4272,15.0,0.9
IC4698,IC4698,Galaxy,18.34998,-63.3479,15.3,1.8
IC4699,IC4699,Planetary Nebula,18.30911,-45.9831,13.0,0.1
IC4701,IC4701,Nebula,18.27659,-16.6483,,60.0
IC4702,IC4702,Galaxy,18.38439,-59.2389,14.0,1.7
IC4703,Eagle Nebula,Nebula,18.31562,-13.8454,6.0,5.0
IC4704,IC4704,Galaxy,18.46490,-71.6099,12.0,2.7
IC4705,IC4705,Galaxy,18.46953,-71.6939,12.8,1.7
IC4706,IC4706,Nebula,18.32693,-16.0313,,3.5
IC4707,IC4707,Nebula,18.33164,-16.0093,,3.5
IC4708,IC4708,Galaxy,18.22950,61.1573,15.5,0.5
IC4709,IC4709,Galaxy,18.40539,-56.3692,14.4,1.2
IC4710,IC4710,Galaxy,18.47721,-66.9823,12.0,3.5
IC4711,IC4711,Other,18.46856,-64.9445,,
IC4712,IC4712,Galaxy,18.51859,-71.6937,12.2,2.0
IC4713,IC4713,Galaxy,18.49982,-67.2244,13.5,0.9
IC4714,IC4714,Galaxy,18.51549,-66.6518,15.2,1.5
IC4716,IC4716,Galaxy,18.54584,-56.9620,16.0,0.7
IC4717,IC4717,Galaxy,18.55479,-57.9757,13.2,1.8
IC4718,IC4718,Galaxy,18.56393,-60.1291,12.9,1.7
IC4719,IC4719,Galaxy,18.55321,-56.7322,14.0,1.5
IC4720,IC4720,Galaxy,18.55903,-58.4054,13.4,2.8
IC4721,IC4721,Galaxy,18.57354,-58.4966,11.8,5.3
IC4722,IC4722,Galaxy,18.57542,-57.7928,13.6,1.6
IC4723,IC4723,Galaxy,18.59896,-63.3767,14.7,0.7
IC4724,IC4724,Galaxy,18.64452,-70.1257,15.1,0.8
IC4726,IC4726,Galaxy,18.61634,-62.8543,14.7,1.1
IC4727,IC4727,Galaxy,18.63224,-62.7007,14.1,1.2
IC4728,IC4728,Galaxy,18.63250,-62.5309,14.3,2.2
IC4729,IC4729,Galaxy,18.66568,-67.4257,12.2,1.3
IC4730,IC4730,Galaxy,18.64727,-63.3499,14.5,1.4
IC4731,IC4731,Galaxy,18.64527,-62.9430,12.7,1.6
IC4732,IC4732,Planetary Nebula,18.56517,-22.6447,12.1,0.1
IC4733,IC4733,Star,18.44394,64.9674,,
IC4734,IC4734,Galaxy,18.64047,-57.4904,14.2,1.3
IC4735,IC4735,Galaxy,18.66387,-62.9560,15.5,0.8
IC4736,IC4736,Galaxy,18.64439,-57.8933,14.6,1.3
IC4737,IC4737,Galaxy,18.66622,-62.5980,15.0,0.9
IC4738,IC4738,Galaxy,18.67414,-61.9024,15.3,1.2
IC4739,IC4739,Galaxy,18.68083,-61.9016,15.2,0.9
IC4740,IC4740,Galaxy,18.71683,-68.3599,15.3,1.0
IC4741,IC4741,Galaxy,18.69540,-63.9482,13.8,1.4
IC4742,IC4742,Galaxy,18.69794,-63.8621,12.1,2.1
IC4743,IC4743,Galaxy,18.69143,-61.7722,15.0,0.9
IC4744,IC4744,Galaxy,18.69858,-63.2239,15.3,0.7
IC4745,IC4745,Galaxy,18.70997,-64.9429,13.9,2.1
IC4746,IC4746,Galaxy,18.76514,-72.6682,,0.6
IC4747,IC4747,Galaxy,18.76593,-72.6300,15.1,1.1
IC4748,IC4748,Galaxy,18.71277,-64.0727,14.3,1.0
IC4749,IC4749,Galaxy,18.71375,-63.2084,14.3,1.2
IC4750,IC4750,Galaxy,18.71741,-62.9715,15.2,1.2
IC4751,IC4751,Galaxy,18.72204,-62.1123,14.1,1.1
IC4752,IC4752,Galaxy,18.72965,-64.0821,15.5,0.7
IC4753,IC4753,Galaxy,18.72573,-62.1079,12.9,0.9
IC4754,IC4754,Galaxy,18.73340,-61.9901,14.4,1.3
IC4755,IC4755,Galaxy,18.75032,-63.6922,15.2,1.4
IC4756,IC4756,Open Cluster,18.64764,5.4622,4.6,24.0
IC4757,IC4757,Galaxy,18.73215,-57.1676,14.6,1.5
IC4758,IC4758,Galaxy,18.77174,-65.7567,14.2,1.0
IC4759,IC4759,Galaxy Pair,18.76139,-63.0853,,0.8
IC4760,IC4760,Galaxy,18.76276,-62.9584,15.2,0.8
IC4761,IC4761,Galaxy,18.73211,-52.8530,13.9,1.5
IC4762,IC4762,Double Star,18.54126,67.8580,,
IC4764,IC4764,Galaxy,18.78544,-63.4846,13.8,1.4
IC4765,IC4765,Galaxy,18.78831,-63.3313,11.2,3.8
IC4766,IC4766,Galaxy,18.79327,-63.2922,13.5,1.2
IC4767,IC4767,Galaxy,18.79493,-63.4057,13.2,2.0
IC4768,IC4768,Open Cluster,18.69116,-5.5348,,
IC4769,IC4769,Galaxy,18.79557,-63.1570,14.1,1.8
IC4770,IC4770,Galaxy,18.80287,-63.3834,13.2,0.8
IC4771,IC4771,Galaxy,18.80662,-63.2477,15.2,1.1
IC4772,IC4772,Galaxy,18.66569,40.0264,14.9,0.6
IC4773,IC4773,Galaxy,18.85578,-69.9248,14.4,1.4
IC4774,IC4774,Galaxy,18.80296,-57.9357,14.5,1.1
IC4775,IC4775,Galaxy,18.80730,-57.1837,14.7,1.5
IC4776,IC4776,Planetary Nebula,18.76408,-33.3431,10.8,0.1
IC4777,IC4777,Galaxy,18.80314,-53.1476,14.6,0.9
IC4778,IC4778,Galaxy,18.83344,-61.7195,14.2,1.2
IC4779,IC4779,Galaxy,18.84179,-63.0129,14.9,0.9
IC4780,IC4780,Galaxy,18.83225,-59.2529,14.9,0.8
IC4781,IC4781,Galaxy,18.86046,-62.7926,15.2,1.0
IC4782,IC4782,Galaxy,18.84858,-55.4912,14.7,0.4
IC4783,IC4783,Galaxy,18.85927,-58.8132,14.6,1.1
IC4784,IC4784,Galaxy,18.88001,-63.2596,13.7,1.5
IC4785,IC4785,Galaxy,18.88201,-59.2554,13.1,3.1
IC4786,IC4786,Galaxy,18.87905,-56.6946,15.9,0.8
IC4787,IC4787,Galaxy,18.93463,-68.6824,14.6,1.1
IC4788,IC4788,Galaxy,18.91139,-63.4524,16.1,1.3
IC4789,IC4789,Galaxy,18.93847,-68.5671,14.0,1.6
IC4790,IC4790,Galaxy,18.94228,-64.9289,14.0,1.2
IC4791,IC4791,Galaxy,18.81699,19.3311,14.0,1.4
IC4792,IC4792,Galaxy,18.92827,-56.4038,15.1,1.4
IC4793,IC4793,Galaxy,18.94878,-61.3998,14.6,1.2
IC4794,IC4794,Galaxy,18.95267,-62.0909,14.2,1.5
IC4795,IC4795,Galaxy,18.95454,-61.6091,15.8,1.1
IC4796,IC4796,Galaxy,18.94107,-54.2139,12.3,1.9
IC4797,IC4797,Galaxy,18.94158,-54.3058,11.3,2.6
IC4798,IC4798,Galaxy,18.97247,-62.1184,13.2,2.0
IC4799,IC4799,Galaxy,18.98239,-63.9310,14.1,1.6
IC4800,IC4800,Galaxy,18.97876,-63.1392,13.8,1.9
IC4801,IC4801,Galaxy,18.99400,-64.6751,13.6,1.9
IC4802,IC4802,Other,18.91864,-22.6983,,
IC4803,IC4803,Galaxy,19.01108,-62.0651,15.7,0.8
IC4804,IC4804,Galaxy,19.01872,-61.8333,14.8,1.3
IC4805,IC4805,Galaxy,19.03373,-63.0476,14.9,0.8
IC4806,IC4806,Galaxy,19.02519,-57.5321,12.2,2.4
IC4807,IC4807,Galaxy,19.03824,-56.9312,14.2,1.0
IC4808,IC4808,Galaxy,19.01878,-45.3137,12.7,2.3
IC4809,IC4809,Galaxy,19.06816,-62.1941,15.1,1.0
IC4810,IC4810,Galaxy,19.04992,-56.1597,12.7,4.0
IC4811,IC4811,Galaxy,19.09574,-67.1338,15.8,0.6
IC4812,IC4812,Nebula,19.01768,-37.0603,,10.0
IC4813,IC4813,Galaxy,19.09492,-66.5221,12.6,1.3
IC4814,IC4814,Galaxy,19.08302,-58.5794,14.3,1.5
IC4815,IC4815,Galaxy,19.11406,-61.7014,14.4,1.1
IC4816,IC4816,Nova,19.03070,-13.1618,4.5,
IC4817,IC4817,Galaxy,19.10343,-56.1594,14.5,1.5
IC4818,IC4818,Galaxy,19.10084,-55.1368,15.4,0.9
IC4819,IC4819,Galaxy,19.11869,-59.4669,14.2,3.0
IC4820,IC4820,Galaxy,19.15375,-63.4655,14.6,1.4
IC4821,IC4821,Galaxy,19.15889,-55.0173,13.7,1.8
IC4822,IC4822,Galaxy,19.24597,-72.4411,15.5,0.7
IC4823,IC4823,Galaxy,19.20437,-63.9759,14.7,1.2
IC4824,IC4824,Galaxy,19.22057,-62.0883,16.5,0.7
IC4825,IC4825,Galaxy,19.28768,-72.7488,15.6,0.5
IC4826,IC4826,Galaxy,19.20589,-57.2023,14.5,1.3
IC4827,IC4827,Galaxy,19.22257,-60.8602,13.3,3.0
IC4828,IC4828,Galaxy,19.22797,-62.0826,14.8,1.1
IC4829,IC4829,Galaxy,19.20936,-56.5403,14.7,1.1
IC4830,IC4830,Galaxy,19.23016,-59.2944,13.2,1.9
IC4831,IC4831,Galaxy,19.24551,-62.2726,12.1,3.7
IC4832,IC4832,Galaxy,19.23441,-56.6107,12.7,2.5
IC4833,IC4833,Galaxy,19.26143,-62.3299,14.7,0.8
IC4834,IC4834,Galaxy,19.27537,-64.0062,14.8,1.1
IC4835,IC4835,Galaxy,19.25763,-58.2380,14.8,0.9
IC4836,IC4836,Galaxy,19.27165,-60.2003,12.6,1.6
IC4837,IC4837,Galaxy,19.25407,-54.6614,12.6,2.2
IC4837A,IC4837A,Galaxy,19.25449,-54.1325,11.7,4.5
IC4838,IC4838,Galaxy,19.27947,-61.6145,13.6,1.4
IC4839,IC4839,Galaxy,19.25948,-54.6267,13.7,2.2
IC4840,IC4840,Galaxy,19.26436,-56.2091,13.7,1.1
IC4841,IC4841,Galaxy,19.34523,-72.2268,14.9,0.9
IC4842,IC4842,Galaxy,19.32346,-60.6442,12.4,2.2
IC4843,IC4843,Galaxy,19.32269,-59.3089,15.1,1.1
IC4844,IC4844,Galaxy,19.31740,-56.0272,14.1,1.6
IC4845,IC4845,Galaxy,19.33958,-60.3892,12.0,1.9
IC4846,IC4846,Planetary Nebula,19.27453,-9.0436,11.9,0.0
IC4847,IC4847,Galaxy,19.39222,-65.5067,15.0,1.0
IC4848,IC4848,Galaxy,19.38182,-56.7808,14.9,0.7
IC4849,IC4849,Galaxy,19.42666,-62.9327,14.5,1.0
IC4850,IC4850,Nova,19.34002,-0.1336,20.4,
IC4851,IC4851,Galaxy,19.42484,-57.6704,14.2,1.7
IC4852,IC4852,Galaxy,19.44037,-60.3361,12.9,1.7
IC4853,IC4853,Galaxy,19.51314,-71.0700,14.9,1.2
IC4854,IC4854,Galaxy,19.45587,-59.3154,13.8,1.3
IC4856,IC4856,Galaxy,19.45848,-54.9085,14.5,1.2
IC4857,IC4857,Galaxy,19.47755,-58.7679,13.7,1.8
IC4859,IC4859,Galaxy,19.51296,-66.3147,14.8,1.2
IC4860,IC4860,Galaxy,19.52431,-67.3690,14.7,1.0
IC4861,IC4861,Galaxy,19.48798,-57.5750,15.5,1.2
IC4862,IC4862,Galaxy,19.52787,-67.3229,14.6,1.6
IC4863,IC4863,Double Star,19.46436,-36.2169,11.4,
IC4864,IC4864,Galaxy,19.66838,-77.5582,13.6,1.8
IC4865,IC4865,Double Star,19.51398,-46.6984,,
IC4866,IC4866,Galaxy,19.57632,-61.1458,13.0,1.6
IC4868,IC4868,Double Star,19.55928,-45.8927,10.6,
IC4869,IC4869,Galaxy,19.60065,-61.0279,13.6,1.8
IC4870,IC4870,Galaxy,19.62711,-65.8118,14.6,1.7
IC4871,IC4871,Galaxy,19.59506,-57.5192,14.1,3.8
IC4873,IC4873,Galaxy,19.58186,-46.1358,15.1,0.9
IC4874,IC4874,Galaxy,19.60598,-47.2659,14.7,1.4
IC4875,IC4875,Galaxy,19.62736,-52.0757,14.6,1.0
IC4876,IC4876,Galaxy,19.62855,-52.8428,14.3,1.3
IC4877,IC4877,Galaxy,19.63219,-51.9914,14.6,1.6
IC4878,IC4878,Galaxy,19.64724,-58.2264,15.2,1.5
IC4879,IC4879,Galaxy,19.66012,-52.3688,14.5,0.9
IC4880,IC4880,Galaxy,19.67525,-56.4102,14.3,2.0
IC4881,IC4881,Galaxy,19.67389,-55.8577,14.6,1.1
IC4882,IC4882,Galaxy,19.67314,-55.1969,14.6,1.0
IC4883,IC4883,Galaxy,19.70015,-55.5455,14.6,1.5
IC4884,IC4884,Galaxy,19.71142,-58.1285,14.7,1.6
IC4885,IC4885,Galaxy,19.73112,-60.6517,14.6,2.0
IC4886,IC4886,Galaxy,19.72071,-51.8075,14.2,1.5
IC4887,IC4887,Galaxy,19.80591,-69.5872,14.2,1.0
IC4888,IC4888,Galaxy,19.74784,-54.4566,14.7,1.1
IC4889,IC4889,Galaxy,19.75421,-54.3441,11.2,3.0
IC4890,IC4890,Galaxy,19.75985,-56.5454,14.7,1.0
IC4892,IC4892,Galaxy,19.82545,-70.2274,14.9,1.8
IC4893,IC4893,Galaxy,19.84260,-72.5100,15.7,0.6
IC4894,IC4894,Galaxy,19.78309,-51.8465,14.7,0.9
IC4896,IC4896,Galaxy,19.81803,-58.9814,15.4,0.9
IC4897,IC4897,Galaxy,19.82214,-51.8680,15.7,0.8
IC4898,IC4898,Other,19.79616,-33.3206,,
IC4899,IC4899,Galaxy,19.90743,-70.5897,14.5,1.0
IC4900,IC4900,Galaxy,19.83947,-51.3458,16.2,0.9
IC4901,IC4901,Galaxy,19.90654,-58.7136,11.7,3.7
IC4902,IC4902,Galaxy,19.90670,-56.3791,16.1,0.7
IC4903,IC4903,Galaxy,19.97039,-70.4534,15.2,1.2
IC4904,IC4904,Galaxy,19.97745,-70.1842,14.8,1.1
IC4905,IC4905,Galaxy,19.93496,-61.2211,15.9,1.0
IC4906,IC4906,Galaxy,19.94656,-60.4681,13.8,1.6
IC4907,IC4907,Galaxy,19.93696,-52.4540,16.1,0.5
IC4908,IC4908,Galaxy,19.94908,-55.7917,15.0,0.7
IC4909,IC4909,Galaxy,19.94600,-50.0557,14.6,1.2
IC4910,IC4910,Galaxy,19.96305,-56.8633,15.6,0.5
IC4911,IC4911,Galaxy,19.96162,-51.9865,16.1,0.6
IC4912,IC4912,Galaxy,20.11380,-77.3575,15.6,1.0
IC4913,IC4913,Galaxy,19.94657,-37.3284,14.0,1.6
IC4914,IC4914,Galaxy,19.96570,-50.1315,15.9,0.5
IC4915,IC4915,Galaxy,19.97554,-52.6422,14.9,1.4
IC4916,IC4916,Galaxy,19.97199,-50.2721,14.4,1.1
IC4917,IC4917,Galaxy,19.98188,-52.2732,15.3,0.8
IC4918,IC4918,Galaxy,19.98700,-52.2751,16.2,0.4
IC4919,IC4919,Galaxy,20.00251,-55.3734,15.0,1.4
IC4920,IC4920,Galaxy,20.00245,-53.3838,16.6,0.6
IC4921,IC4921,Galaxy,20.05544,-67.8269,15.3,0.8
IC4922,IC4922,Other,19.99149,-40.3631,,
IC4923,IC4923,Galaxy,20.01594,-52.6317,14.5,1.0
IC4924,IC4924,Other,19.99762,-41.5461,,
IC4925,IC4925,Galaxy,20.01941,-52.8658,16.4,0.9
IC4926,IC4926,Galaxy,20.00337,-38.5786,13.9,1.3
IC4927,IC4927,Galaxy,20.03041,-53.9177,15.1,1.2
IC4928,IC4928,Galaxy,20.17000,-77.3090,16.0,0.9
IC4929,IC4929,Galaxy,20.11158,-71.6836,14.4,1.3
IC4930,IC4930,Other,20.04068,-54.3086,,
IC4931,IC4931,Galaxy,20.01399,-38.5751,11.9,2.3
IC4932,IC4932,Galaxy,20.03763,-52.8462,15.5,0.8
IC4933,IC4933,Galaxy,20.05807,-54.9799,12.3,2.1
IC4934,IC4934,Galaxy,20.12079,-69.4792,14.9,1.6
IC4935,IC4935,Galaxy,20.07614,-57.5982,14.1,1.8
IC4936,IC4936,Galaxy,20.09783,-61.4285,14.6,1.4
IC4937,IC4937,Galaxy,20.08822,-56.2562,14.9,1.7
IC4938,IC4938,Galaxy,20.10325,-60.2116,12.7,0.5
IC4939,IC4939,Galaxy,20.11973,-60.7388,15.1,0.7
IC4940,IC4940,Other,20.09545,-44.6999,,
IC4941,IC4941,Galaxy,20.11628,-53.6523,15.6,0.9
IC4942,IC4942,Galaxy,20.11372,-52.6099,16.3,0.7
IC4943,IC4943,Galaxy,20.10785,-48.3756,12.7,1.3
IC4944,IC4944,Galaxy,20.11912,-54.4469,14.6,1.3
IC4946,IC4946,Galaxy,20.39946,-43.9953,11.9,2.5
IC4947,IC4947,Galaxy,20.12549,-53.1424,13.9,0.8
IC4950,IC4950,Galaxy,20.14093,-56.1618,15.2,1.4
IC4951,IC4951,Galaxy,20.15883,-61.8505,13.8,3.1
IC4952,IC4952,Galaxy,20.14379,-55.4537,14.0,0.9
IC4953,IC4953,Galaxy,20.16664,-62.7922,15.7,0.6
IC4954,IC4954,HII Region,20.07917,29.2528,,3.0
IC4955,IC4955,Nebula,20.08126,29.1926,13.0,2.1
IC4956,IC4956,Galaxy,20.19202,-45.5932,13.4,1.7
IC4957,IC4957,Galaxy,20.15990,-55.7093,15.3,0.9
IC4958,IC4958,Galaxy,20.25982,-72.7112,,0.5
IC4959,IC4959,Other,20.18256,-53.0897,,
IC4960,IC4960,Galaxy,20.25663,-70.5378,14.5,1.3
IC4961,IC4961,Galaxy,20.19128,-53.1251,15.1,1.6
IC4962,IC4962,Galaxy,20.27847,-71.1296,16.2,1.0
IC4963,IC4963,Galaxy,20.20153,-55.2459,14.3,1.4
IC4964,IC4964,Galaxy,20.28998,-73.8856,14.4,1.6
IC4965,IC4965,Galaxy,20.20759,-56.8268,13.7,1.2
IC4966,IC4966,Other,20.20456,-53.6192,,
IC4967,IC4967,Galaxy,20.27310,-70.5647,14.8,0.7
IC4968,IC4968,Galaxy,20.24729,-64.7984,15.1,0.8
IC4969,IC4969,Galaxy,20.21564,-53.9201,15.2,0.7
IC4970,IC4970,Galaxy,20.28260,-70.7498,13.8,1.7
IC4971,IC4971,Galaxy,20.28413,-70.6210,16.1,0.9
IC4972,IC4972,Galaxy,20.29520,-70.9151,13.4,1.0
IC4973,IC4973,Galaxy,20.24281,-58.3711,15.8,0.7
IC4974,IC4974,Galaxy Pair,20.25736,-61.8603,,1.0
IC4975,IC4975,Galaxy,20.23417,-52.7218,14.4,1.1
IC4976,IC4976,Galaxy,20.26141,-61.8751,15.6,0.4
IC4977,IC4977,Other,20.19811,-21.6366,,
IC4978,IC4978,Galaxy,20.24379,-54.4220,15.4,0.7
IC4979,IC4979,Galaxy,20.24496,-53.4587,15.0,1.1
IC4980,IC4980,Galaxy,20.25804,-57.9127,14.2,1.6
IC4981,IC4981,Galaxy,20.32756,-70.8485,12.5,1.1
IC4982,IC4982,Galaxy,20.33912,-71.0078,15.2,0.5
IC4983,IC4983,Galaxy,20.26832,-52.0865,14.3,1.0
IC4984,IC4984,Galaxy,20.27151,-52.7037,15.4,0.9
IC4985,IC4985,Galaxy,20.34556,-70.9870,14.9,0.8
IC4986,IC4986,Galaxy,20.28657,-55.0364,14.2,2.2
IC4987,IC4987,Galaxy,20.28872,-52.2796,15.2,1.0
IC4988,IC4988,Other,20.36285,-69.3876,,
IC4989,IC4989,Galaxy,20.32325,-58.5515,15.3,1.2
IC4990,IC4990,Galaxy,20.35711,-66.8909,16.2,0.8
IC4991,IC4991,Galaxy,20.30647,-41.0502,11.5,2.9
IC4992,IC4992,Galaxy,20.39107,-71.5649,14.5,1.7
IC4993,IC4993,Galaxy,20.36566,-66.9854,15.7,0.5
IC4994,IC4994,Galaxy,20.32903,-53.4474,14.0,1.4
IC4995,IC4995,Galaxy,20.33305,-52.6220,14.1,1.2
IC4996,IC4996,Open Cluster,20.27591,37.5553,7.3,6.0
IC4997,IC4997,Planetary Nebula,20.33578,16.7317,10.5,0.0
IC4998,IC4998,Galaxy,20.36961,-38.3083,14.0,1.6
IC4999,IC4999,Galaxy,20.39898,-26.0149,13.2,2.0
IC5001,IC5001,Galaxy,20.43890,-54.7747,15.2,1.0
IC5002,IC5002,Galaxy,20.44441,-54.7997,14.2,1.4
IC5003,IC5003,Galaxy,20.72065,-29.8534,12.9,2.4
IC5005,IC5005,Galaxy,20.42228,-25.8293,13.6,1.4
IC5006,IC5006,Double Star,20.39637,6.4492,,
IC5007,IC5007,Galaxy,20.72624,-29.7036,12.6,2.3
IC5008,IC5008,Galaxy,20.54584,-72.6947,15.6,1.2
IC5009,IC5009,Galaxy,20.54288,-72.1676,14.4,1.1
IC5010,IC5010,Galaxy,20.50741,-66.0974,15.9,0.8
IC5011,IC5011,Galaxy,20.47606,-36.0271,11.8,3.0
IC5012,IC5012,Galaxy,20.49222,-56.7431,15.3,1.1
IC5014,IC5014,Galaxy,20.58770,-73.4526,14.4,0.8
IC5016,IC5016,Galaxy,20.59359,-72.9111,15.9,0.6
IC5017,IC5017,Galaxy,20.53440,-57.5877,13.9,1.0
IC5019,IC5019,Galaxy,20.51308,-36.0769,15.5,1.5
IC5020,IC5020,Galaxy,20.51069,-33.4856,12.3,2.3
IC5021,IC5021,Galaxy,20.55946,-54.5208,15.0,0.8
IC5022,IC5022,Galaxy,20.68504,-76.4501,15.5,0.8
IC5023,IC5023,Galaxy,20.63631,-67.1846,14.2,1.4
IC5024,IC5024,Galaxy,20.66932,-71.1077,14.9,1.0
IC5025,IC5025,Galaxy,20.74974,-76.9847,15.4,1.6
IC5026,IC5026,Galaxy,20.80779,-78.0692,15.5,2.4
IC5027,IC5027,Galaxy,20.68581,-55.4721,15.3,0.5
IC5028,IC5028,Galaxy,20.72279,-65.6478,15.2,1.3
IC5031,IC5031,Galaxy,20.75563,-67.5393,13.6,0.6
IC5032,IC5032,Galaxy,20.75612,-67.5519,13.0,1.3
IC5033,IC5033,Galaxy,20.73197,-57.3343,15.7,0.9
IC5034,IC5034,Galaxy,20.72824,-57.0303,14.7,1.4
IC5035,IC5035,Galaxy,20.73735,-57.1275,15.9,0.6
IC5036,IC5036,Galaxy,20.74383,-57.6268,16.0,1.0
IC5037,IC5037,Galaxy,20.76090,-58.4498,15.8,1.3
IC5038,IC5038,Galaxy,20.78101,-65.0168,13.5,1.5
IC5040,IC5040,Galaxy,20.87211,-76.6866,15.2,0.8
IC5042,IC5042,Galaxy,20.79612,-65.0843,13.3,1.1
IC5043,IC5043,Galaxy,20.77729,-56.9837,16.4,0.8
IC5044,IC5044,Galaxy,20.84487,-71.8994,15.5,0.6
IC5045,IC5045,Galaxy,20.84725,-71.9098,15.3,0.8
IC5048,IC5048,Galaxy,20.86129,-71.8008,15.8,0.6
IC5049,IC5049,Galaxy Pair,20.78984,-38.4157,,1.2
IC5049A,IC5049A,Galaxy,20.78978,-38.4132,15.2,1.1
IC5049B,IC5049B,Galaxy,20.78995,-38.4183,13.6,1.8
IC5050,IC5050,Galaxy,20.75418,-5.6228,15.0,1.3
IC5051,IC5051,Galaxy,20.87296,-71.7899,15.6,0.7
IC5052,IC5052,Galaxy,20.86821,-69.2016,11.3,7.2
IC5053,IC5053,Galaxy,20.89339,-71.1412,13.2,2.1
IC5054,IC5054,Galaxy,20.89595,-71.0247,13.2,2.2
IC5055,IC5055,Galaxy,20.88255,-68.4457,15.2,0.8
IC5056,IC5056,Other,20.81653,-39.1809,,
IC5057,IC5057,Star,20.78708,0.3221,,
IC5059,IC5059,Galaxy,20.85374,-57.6887,15.6,0.9
IC5060,IC5060,Galaxy,20.91296,-71.6365,15.5,0.9
IC5061,IC5061,Other,20.79365,0.3357,,
IC5062,IC5062,Double Star,20.80283,-8.3598,,
IC5063,IC5063,Galaxy,20.86732,-57.0688,12.4,2.7
IC5064,IC5064,Galaxy,20.87730,-57.2324,14.3,1.3
IC5065,IC5065,Galaxy,20.86272,-29.8473,13.6,1.5
IC5066,IC5066,Galaxy,20.95084,-73.1472,15.2,0.7
IC5067,IC5067,Other,20.79727,44.3670,,
IC5068,IC5068,HII Region,20.84160,42.4777,,40.0
IC5069,IC5069,Galaxy,21.00357,-71.8117,14.2,1.1
IC5070,Pelican Nebula,HII Region,20.85020,44.4015,8.0,60.0
IC5071,IC5071,Galaxy,21.02215,-72.6427,13.3,3.2
IC5072,IC5072,Galaxy,21.03245,-72.9885,15.6,0.8
IC5073,IC5073,Galaxy,21.05552,-72.6879,14.9,1.2
IC5074,IC5074,Galaxy,21.01679,-63.1527,14.6,0.7
IC5075,IC5075,Galaxy,21.07725,-71.8679,14.6,1.1
IC5076,IC5076,Reflection Nebula,20.92595,47.3956,,7.0
IC5077,IC5077,Galaxy,21.14832,-73.6408,15.7,0.7
IC5078,IC5078,Galaxy,21.04202,-16.8183,12.7,3.2
IC5079,IC5079,Star,21.09556,-56.2303,,
IC5080,IC5080,Galaxy,21.04252,19.2136,15.3,0.5
IC5081,IC5081,Other,21.05034,19.1893,,
IC5083,IC5083,Galaxy,21.06431,11.7636,15.3,0.8
IC5084,IC5084,Galaxy,21.15413,-63.2900,13.6,1.7
IC5085,IC5085,Galaxy,21.22432,-74.1031,15.3,0.7
IC5086,IC5086,Galaxy,21.14222,-29.7691,12.8,1.8
IC5087,IC5087,Galaxy,21.23929,-73.7738,15.0,1.5
IC5088,IC5088,Galaxy,21.15743,-22.8786,14.5,1.4
IC5089,IC5089,Galaxy,21.18181,-3.8628,16.1,0.6
IC5090,IC5090,Galaxy,21.19180,-2.0326,14.5,0.8
IC5091,IC5091,Galaxy,21.29362,-70.6529,15.9,0.6
IC5092,IC5092,Galaxy,21.27069,-64.4647,13.0,2.8
IC5093,IC5093,Galaxy,21.31288,-70.6224,16.0,0.8
IC5094,IC5094,Galaxy,21.29708,-66.4277,14.6,1.2
IC5095,IC5095,Galaxy,21.28951,-59.9476,15.4,0.9
IC5096,IC5096,Galaxy,21.30598,-63.7607,13.3,3.5
IC5097,IC5097,Other,21.24947,4.4841,,
IC5098,IC5098,Other,21.25038,4.4936,,
IC5099,IC5099,Galaxy,21.36363,-70.9834,15.4,0.7
IC5100,IC5100,Galaxy,21.36207,-65.9334,14.6,1.1
IC5101,IC5101,Galaxy,21.36549,-65.8361,13.3,1.1
IC5102,IC5102,Galaxy,21.43707,-73.3101,14.8,1.1
IC5103,IC5103,Galaxy,21.48682,-74.0702,15.1,1.1
IC5104,IC5104,Galaxy,21.35813,21.2420,13.8,1.5
IC5105,IC5105,Galaxy,21.40611,-40.5377,11.6,3.0
IC5106,IC5106,Galaxy,21.47726,-70.8346,14.4,1.5
IC5107,IC5107,Galaxy,21.47080,-65.7355,15.2,1.0
IC5108,IC5108,Galaxy,21.54764,-72.6597,15.1,1.1
IC5109,IC5109,Galaxy,21.56186,-74.1120,14.7,0.9
IC5110,IC5110,Galaxy,21.51205,-60.0018,13.3,1.4
IC5111,IC5111,Galaxy,21.46966,2.4738,15.1,0.8
IC5113,IC5113,Double Star,21.49430,6.8180,,
IC5115,IC5115,Galaxy,21.51591,11.7635,15.8,0.7
IC5116,IC5116,Galaxy,21.61819,-70.9826,13.9,1.5
IC5117,IC5117,Planetary Nebula,21.54194,44.5966,11.5,0.0
IC5118,IC5118,Galaxy,21.70383,-71.3827,15.5,1.2
IC5119,IC5119,Galaxy,21.56551,21.8379,15.3,0.8
IC5122,IC5122,Galaxy,21.66274,-22.4065,16.4,0.7
IC5123,IC5123,Galaxy,21.74704,-72.4207,14.5,1.5
IC5124,IC5124,Galaxy,21.66533,-22.4269,16.6,0.5
IC5125,IC5125,Galaxy,21.69727,-52.7736,14.1,0.8
IC5126,IC5126,Galaxy,21.67460,-6.3457,15.7,0.4
IC5128,IC5128,Galaxy,21.71994,-38.9683,14.1,1.0
IC5129,IC5129,Galaxy,21.79627,-65.3878,15.3,0.6
IC5130,IC5130,Galaxy,21.84007,-73.9974,14.5,1.6
IC5131,IC5131,Galaxy,21.79036,-34.8837,12.3,1.6
IC5132,IC5132,Nebula,21.71117,66.1684,,
IC5133,IC5133,Nebula,21.71309,66.1811,,
IC5134,IC5134,Nebula,21.71630,66.1028,,7.6
IC5137,IC5137,Other,21.86041,-65.5837,,
IC5138,IC5138,Galaxy,21.88936,-68.9536,14.1,1.2
IC5139,IC5139,Galaxy,21.84046,-30.9947,13.4,2.2
IC5140,IC5140,Galaxy,21.90445,-67.3314,15.2,2.2
IC5141,IC5141,Galaxy,21.88807,-59.4936,13.5,1.5
IC5142,IC5142,Galaxy,21.92236,-65.5100,14.5,1.7
IC5144,IC5144,Galaxy,21.90265,15.0368,15.5,0.8
IC5145,IC5145,Galaxy,21.90641,15.1568,14.6,1.6
IC5146,Cocoon Nebula,Cluster + Nebula,21.89132,47.2669,7.2,10.0
IC5147,IC5147,Galaxy,21.99064,-65.4499,15.1,1.6
IC5148,IC5148,Planetary Nebula,21.99311,-39.3858,11.0,2.3
IC5149,IC5149,Galaxy,21.98307,-27.4139,14.4,1.4
IC5151,IC5151,Galaxy,21.98128,3.7615,15.3,0.3
IC5152,IC5152,Galaxy,22.04486,-51.2964,10.7,5.1
IC5153,IC5153,Galaxy,22.00654,17.8639,,0.2
IC5154,IC5154,Galaxy,22.07508,-66.1124,15.8,0.9
IC5155,IC5155,Double Star,22.03507,0.4883,,
IC5156,IC5156,Galaxy,22.05413,-33.8384,12.2,2.3
IC5157,IC5157,Galaxy,22.05750,-34.9418,13.4,2.0
IC5158,IC5158,Galaxy,22.10688,-67.5170,15.2,1.0
IC5159,IC5159,Star,22.04441,0.3190,,
IC5160,IC5160,Galaxy,22.05134,10.9249,15.5,0.9
IC5161,IC5161,Galaxy,22.09417,9.6402,15.7,0.7
IC5162,IC5162,Galaxy,22.13419,-52.7139,15.1,1.1
IC5163,IC5163,Other,22.09649,27.0855,,
IC5164,IC5164,Star,22.09950,27.0475,,
IC5165,IC5165,Galaxy,22.16863,-64.5780,14.8,1.5
IC5166,IC5166,Star,22.10190,27.0680,,
IC5167,IC5167,Star,22.12550,-8.1226,,
IC5168,IC5168,Galaxy,22.14598,-27.8565,15.6,1.3
IC5169,IC5169,Galaxy,22.16944,-36.0886,14.3,2.0
IC5170,IC5170,Galaxy,22.20823,-47.2219,13.3,1.9
IC5171,IC5171,Galaxy,22.18242,-46.0815,13.5,0.7
IC5172,IC5172,Galaxy,22.16542,12.8181,15.9,0.7
IC5173,IC5173,Galaxy Pair,22.24483,-69.3664,,2.8
IC5173A,IC5173A,Galaxy,22.24571,-69.3654,16.0,1.8
IC5173B,IC5173B,Galaxy,22.24408,-69.3677,16.1,0.7
IC5174,IC5174,Galaxy,22.21241,-38.1714,15.0,0.8
IC5175,IC5175,Galaxy,22.21340,-38.1274,14.6,1.6
IC5176,IC5176,Galaxy,22.24887,-66.8494,13.6,4.5
IC5177,IC5177,Galaxy,22.19285,11.7959,15.2,0.8
IC5178,IC5178,Galaxy,22.20926,-22.9541,14.7,1.0
IC5179,IC5179,Galaxy,22.26919,-36.8437,12.0,1.0
IC5180,IC5180,Galaxy,22.18667,38.9272,14.7,1.4
IC5181,IC5181,Galaxy,22.22269,-46.0176,11.5,2.6
IC5182,IC5182,Galaxy,22.26808,-65.4547,15.3,0.8
IC5185,IC5185,Galaxy,22.29546,-65.8575,14.9,0.6
IC5186,IC5186,Galaxy,22.31292,-36.8016,11.9,2.1
IC5187,IC5187,Galaxy,22.30494,-59.6070,14.7,0.6
IC5188,IC5188,Galaxy,22.30733,-59.6413,13.8,1.3
IC5189,IC5189,Star,22.27060,-5.0043,,
IC5190,IC5190,Galaxy,22.31686,-59.8827,14.9,0.9
IC5191,IC5191,Galaxy,22.25069,37.3004,14.9,1.1
IC5192,IC5192,Galaxy,22.25390,37.2710,16.4,0.5
IC5193,IC5193,Galaxy,22.26210,37.2428,15.5,0.8
IC5194,IC5194,Other,22.28559,-15.9457,,
IC5196,IC5196,Galaxy,22.33646,-65.4046,15.4,1.5
IC5197,IC5197,Galaxy,22.33039,-60.1364,15.0,1.1
IC5199,IC5199,Galaxy,22.32589,-37.5338,14.9,1.9
IC5200,IC5200,Galaxy,22.37093,-65.7663,16.0,0.7
IC5201,IC5201,Galaxy,22.34929,-46.0359,11.4,6.7
IC5202,IC5202,Galaxy,22.38213,-65.8029,14.7,1.6
IC5203,IC5203,Galaxy,22.37619,-59.7732,14.8,1.1
IC5205,IC5205,Galaxy,22.37988,-59.7871,16.0,0.6
IC5206,IC5206,Galaxy,22.40128,-66.8578,15.3,1.0
IC5207,IC5207,Galaxy,22.39151,-60.5650,15.2,1.2
IC5208,IC5208,Galaxy,22.40952,-65.2274,14.8,1.9
IC5209,IC5209,Galaxy,22.38586,-37.9933,15.6,0.7
IC5210,IC5210,Galaxy,22.37531,-18.8697,14.1,1.1
IC5211,IC5211,Galaxy,22.37863,-18.8802,14.7,0.8
IC5212,IC5212,Galaxy,22.39174,-38.0376,14.7,1.0
IC5213,IC5213,Galaxy,22.41800,-60.4767,15.8,0.7
IC5214,IC5214,Other,22.39506,-27.4698,,
IC5215,IC5215,Galaxy,22.44947,-65.9822,15.7,0.7
IC5216,IC5216,Other,22.41244,-18.0876,,
IC5217,IC5217,Planetary Nebula,22.39881,50.9667,11.3,0.1
IC5218,IC5218,Galaxy,22.46827,-60.3949,15.1,1.3
IC5219,IC5219,Galaxy,22.47882,-65.8937,16.0,0.9
IC5220,IC5220,Galaxy,22.46742,-59.7234,15.1,1.2
IC5221,IC5221,Galaxy,22.48270,-65.9046,15.9,0.5
IC5222,IC5222,Galaxy,22.49855,-65.6614,12.8,2.0
IC5223,IC5223,Galaxy,22.49577,7.9888,15.8,0.7
IC5224,IC5224,Galaxy,22.50838,-45.9962,14.3,1.6
IC5226,IC5226,Galaxy,22.54173,-25.6620,13.4,2.0
IC5227,IC5227,Galaxy,22.56770,-64.6977,14.0,1.2
IC5229,IC5229,Galaxy,22.58066,-61.3814,15.1,0.6
IC5230,IC5230,Galaxy,22.59449,-61.5477,15.2,1.1
IC5231,IC5231,Galaxy,22.56687,23.3387,15.1,0.7
IC5232,IC5232,Galaxy,22.62725,-68.8722,15.4,0.7
IC5233,IC5233,Galaxy,22.60913,25.7632,14.8,0.9
IC5234,IC5234,Galaxy,22.66985,-65.8252,15.3,1.2
IC5235,IC5235,Galaxy,22.69041,-66.5803,12.4,0.6
IC5236,IC5236,Galaxy,22.69171,-66.6180,15.4,0.8
IC5238,IC5238,Galaxy,22.69160,-60.7579,15.8,0.7
IC5239,IC5239,Galaxy,22.51866,-38.0265,15.3,1.3
IC5240,IC5240,Galaxy,22.69788,-44.7672,11.7,3.2
IC5241,IC5241,Galaxy,22.69404,2.6399,14.9,0.9
IC5242,IC5242,Galaxy,22.68756,23.4069,14.7,0.8
IC5243,IC5243,Galaxy,22.69016,23.3746,14.5,0.7
IC5244,IC5244,Galaxy,22.73715,-64.0434,13.7,2.9
IC5245,IC5245,Galaxy,22.74899,-65.3579,15.1,0.8
IC5246,IC5246,Galaxy,22.77764,-64.8980,14.7,1.0
IC5247,IC5247,Galaxy,22.78060,-65.2739,15.0,1.4
IC5248,IC5248,Other,22.74521,-0.3395,,
IC5249,IC5249,Galaxy,22.78508,-64.8320,14.4,4.4
IC5250,IC5250,Galaxy Pair,22.78901,-65.0587,,3.5
IC5250A,IC5250A,Galaxy,22.78819,-65.0597,11.1,1.5
IC5250B,IC5250B,Galaxy,22.78949,-65.0585,12.4,1.7
IC5251,IC5251,Other,22.75295,11.1585,,
IC5252,IC5252,Galaxy,22.80250,-68.9029,13.8,1.3
IC5253,IC5253,Galaxy,22.75803,21.8081,15.5,0.9
IC5254,IC5254,Galaxy,22.76681,21.1256,15.6,0.7
IC5255,IC5255,Other,22.76279,36.2268,,
IC5256,IC5256,Galaxy,22.82939,-68.6907,14.4,1.2
IC5257,IC5257,Galaxy,22.87118,-67.4196,15.2,0.7
IC5258,IC5258,Galaxy,22.85877,23.0806,14.1,1.0
IC5259,IC5259,Galaxy,22.92075,36.6718,14.7,1.1
IC5261,IC5261,Galaxy,22.90701,-20.3629,13.9,1.4
IC5262,IC5262,Galaxy,22.92235,-33.8879,13.2,1.4
IC5263,IC5263,Galaxy,22.97044,-69.0521,14.2,1.6
IC5264,IC5264,Galaxy,22.94807,-36.5542,13.3,2.4
IC5266,IC5266,Galaxy,22.97245,-65.1297,14.7,1.9
IC5267,IC5267,Galaxy,22.95377,-43.3961,10.4,5.6
IC5268,IC5268,Other,22.93694,36.5973,,
IC5269,IC5269,Galaxy,22.96213,-36.0262,12.2,1.8
IC5270,IC5270,Galaxy,22.96526,-35.8581,12.9,3.3
IC5271,IC5271,Galaxy,22.96717,-33.7422,11.5,3.0
IC5272,IC5272,Galaxy,22.99197,-65.1935,14.8,1.1
IC5273,IC5273,Galaxy,22.99075,-37.7029,11.4,3.1
IC5274,IC5274,Galaxy,22.97435,18.9188,15.2,0.9
IC5275,IC5275,Other,22.97763,18.8625,,
IC5276,IC5276,Galaxy,22.97771,18.8199,15.1,0.8
IC5277,IC5277,Galaxy,23.03312,-65.1979,15.3,0.6
IC5278,IC5278,Galaxy,23.00440,-8.1788,15.5,1.2
IC5279,IC5279,Galaxy,23.05073,-69.2097,14.3,0.8
IC5280,IC5280,Galaxy,23.06393,-65.2079,15.1,1.3
IC5281,IC5281,Star,23.03986,27.0064,,
IC5282,IC5282,Galaxy,23.04672,21.8744,15.1,1.1
IC5283,IC5283,Galaxy,23.05500,8.8936,13.9,1.1
IC5284,IC5284,Galaxy,23.11285,19.1221,14.8,1.1
IC5285,IC5285,Galaxy,23.11637,22.9365,13.0,1.3
IC5286,IC5286,Galaxy,23.16542,-68.2531,16.2,1.0
IC5287,IC5287,Galaxy,23.15563,0.7565,14.8,0.9
IC5288,IC5288,Galaxy,23.19562,-68.0941,14.8,0.9
IC5289,IC5289,Galaxy Pair,23.18804,-32.4543,,0.7
IC5290,IC5290,Galaxy,23.21479,-23.4692,13.6,1.1
IC5291,IC5291,Galaxy,23.22766,9.2415,15.7,0.3
IC5292,IC5292,Galaxy,23.22974,13.6876,15.3,0.7
IC5293,IC5293,Galaxy,23.24573,25.1406,15.8,0.7
IC5295,IC5295,Galaxy,23.25809,25.1205,16.0,0.6
IC5296,IC5296,Galaxy,23.26216,25.0945,15.5,0.8
IC5297,IC5297,Galaxy,23.26623,25.0252,15.9,0.6
IC5298,IC5298,Galaxy,23.26686,25.5567,14.9,0.8
IC5299,IC5299,Galaxy,23.27199,20.8558,,0.4
IC5300,IC5300,Galaxy,23.27614,20.8284,15.6,0.8
IC5301,IC5301,Galaxy,23.31651,-69.5621,15.4,1.1
IC5302,IC5302,Galaxy,23.32686,-64.5683,15.0,1.2
IC5303,IC5303,Double Star,23.29854,0.2645,,
IC5304,IC5304,Galaxy,23.31460,-10.2593,14.3,1.5
IC5305,IC5305,Galaxy,23.30173,10.2999,15.6,0.4
IC5306,IC5306,Galaxy,23.30315,10.2461,14.0,0.7
IC5307,IC5307,Galaxy,23.30612,10.2357,17.1,0.3
IC5309,IC5309,Galaxy,23.31990,8.1093,13.6,1.3
IC5310,IC5310,Galaxy,23.34657,-22.1494,15.4,0.5
IC5311,IC5311,Double Star,23.34382,17.2741,,
IC5312,IC5312,Galaxy,23.34953,19.3180,15.0,0.3
IC5314,IC5314,Galaxy,23.35237,19.3112,15.6,0.7
IC5315,IC5315,Galaxy,23.35507,25.3852,14.6,0.9
IC5316,IC5316,Galaxy,23.36503,21.2026,16.2,0.6
IC5317,IC5317,Galaxy,23.39130,21.1635,15.0,0.8
IC5319,IC5319,Galaxy,23.41360,13.9965,15.8,0.7
IC5320,IC5320,Galaxy,23.47277,-67.7603,15.2,0.6
IC5321,IC5321,Galaxy,23.43895,-17.9564,14.0,1.3
IC5322,IC5322,Galaxy,23.47522,-67.7613,15.3,0.8
IC5323,IC5323,Galaxy,23.46027,-67.8155,14.1,1.6
IC5324,IC5324,Galaxy,23.47160,-67.8214,14.0,1.3
IC5325,IC5325,Galaxy,23.47873,-41.3335,11.3,2.9
IC5326,IC5326,Galaxy,23.49310,-28.8312,15.1,1.0
IC5328,IC5328,Galaxy,23.55457,-45.0160,11.4,3.0
IC5329,IC5329,Galaxy,23.55266,21.2373,15.6,1.4
IC5330,IC5330,Star,23.55731,-2.8831,,
IC5331,IC5331,Galaxy,23.55689,21.1301,15.0,1.2
IC5332,IC5332,Galaxy,23.57430,-36.1011,10.0,6.1
IC5334,IC5334,Galaxy,23.57678,-4.5343,14.3,1.9
IC5335,IC5335,Galaxy,23.59649,-67.3970,15.1,1.1
IC5336,IC5336,Galaxy Pair,23.60547,21.0981,,0.9
IC5337,IC5337,Galaxy,23.60695,21.1506,14.7,1.0
IC5338,IC5338,Galaxy,23.60845,21.1460,13.7,1.3
IC5339,IC5339,Galaxy,23.63480,-68.4421,14.7,1.1
IC5340,IC5340,Other,23.64232,-4.8546,,
IC5341,IC5341,Galaxy,23.64078,26.9851,15.7,0.2
IC5342,IC5342,Galaxy,23.64411,27.0114,15.4,0.8
IC5343,IC5343,Galaxy,23.65621,-22.4972,14.2,0.9
IC5344,IC5344,Other,23.65440,-4.9668,,
IC5345,IC5345,Galaxy,23.65895,-22.4133,14.2,0.7
IC5346,IC5346,Galaxy,23.68509,24.9498,15.9,0.6
IC5347,IC5347,Galaxy,23.69353,24.8858,15.9,0.7
IC5349,IC5349,Galaxy Pair,23.77301,-28.0051,,1.1
IC5350,IC5350,Galaxy,23.78740,-27.9577,13.7,1.0
IC5351,IC5351,Galaxy,23.78859,-2.3135,14.6,1.7
IC5352,IC5352,Galaxy,23.78886,-2.2807,16.6,0.5
IC5353,IC5353,Galaxy,23.79128,-28.1095,13.1,1.8
IC5354,IC5354,Galaxy,23.79121,-28.1360,15.0,0.9
IC5355,IC5355,Galaxy,23.78758,32.7828,14.3,1.0
IC5356,IC5356,Galaxy,23.78994,-2.3513,15.0,1.0
IC5357,IC5357,Galaxy,23.78972,-2.3007,14.0,1.6
IC5358,IC5358,Galaxy,23.79584,-28.1408,12.6,1.5
IC5359,IC5359,Galaxy,23.79385,-2.3167,15.7,1.2
IC5360,IC5360,Other,23.79826,-37.0587,,
IC5362,IC5362,Galaxy,23.86020,-28.3651,12.8,1.6
IC5364,IC5364,Galaxy Pair,23.94028,-29.0233,,1.5
IC5365,IC5365,Other,23.95961,-37.0249,,
IC5366,IC5366,Other,23.96122,52.7916,,
IC5367,IC5367,Galaxy,23.97747,22.4491,16.8,0.6
IC5369,IC5369,Galaxy,23.99737,32.7024,15.2,0.9
IC5370,IC5370,Galaxy,0.00255,32.7384,14.8,0.8
IC5371,IC5371,Galaxy,0.00411,32.8320,15.7,0.5
IC5372,IC5372,Galaxy,0.00452,32.7926,15.6,0.4
IC5373,IC5373,Galaxy,0.00800,32.7824,15.1,0.7
IC5374,IC5374,Galaxy,0.01792,4.5002,15.4,0.7
IC5375,IC5375,Galaxy,0.01799,4.5406,15.2,0.9
IC5376,IC5376,Galaxy,0.02216,34.5257,14.6,1.6
IC5377,IC5377,Galaxy,0.03483,16.5903,15.6,0.9
IC5378,IC5378,Galaxy Pair,0.04383,16.6481,,1.5
IC5379,IC5379,Galaxy,0.04464,16.6003,15.7,0.6
IC5380,IC5380,Galaxy,0.04710,-66.1865,15.5,0.8
IC5381,IC5381,Galaxy,0.05313,15.9657,14.8,1.2
IC5382,IC5382,Galaxy,0.05728,-65.1967,15.3,0.8
IC5383,IC5383,Other,0.06356,16.0142,,
IC5385,IC5385,Other,0.10658,-0.0767,,
IC80 NED01,IC80 NED01,Galaxy,1.14742,-15.4089,14.8,1.5
IC80 NED02,IC80 NED02,Galaxy,1.14754,-15.4063,12.9,1.5
IC186 NED03,IC186 NED03,Galaxy,2.00706,-1.5508,,0.2
IC275 NED01,IC275 NED01,Galaxy,3.01552,44.3463,,0.3
IC275 NED02,IC275 NED02,Galaxy,3.01553,44.3504,14.4,1.4
IC275 NED03,IC275 NED03,Galaxy,3.01630,44.3502,16.6,0.3
IC316 NED01,IC316 NED01,Galaxy,3.35554,41.9289,15.2,0.5
IC316 NED02,IC316 NED02,Galaxy,3.35553,41.9319,15.0,1.1
IC388 NED01,IC388 NED01,Galaxy,4.69789,-7.3046,16.2,0.5
IC388 NED02,IC388 NED02,Galaxy,4.69842,-7.3065,15.9,0.9
IC510 NED01,IC510 NED01,Galaxy,8.53616,-2.1621,,0.3
IC510 NED02,IC510 NED02,Galaxy,8.53637,-2.1624,15.1,0.9
IC565 NED01,IC565 NED01,Galaxy,9.79713,15.8520,16.7,0.7
IC565 NED02,IC565 NED02,Galaxy,9.79737,15.8519,15.0,1.2
IC590 NED01,IC590 NED01,Galaxy,10.09718,0.6334,14.5,1.1
IC590 NED02,IC590 NED02,Galaxy,10.09741,0.6318,14.8,0.8
IC649 NED01,IC649 NED01,Galaxy,10.84780,1.1653,15.7,0.7
IC649 NED02,IC649 NED02,Galaxy,10.84783,1.1617,14.9,0.3
IC700 NED01,IC700 NED01,Galaxy,11.48727,20.5811,16.3,0.2
IC700 NED02,IC700 NED02,Galaxy,11.48758,20.5832,14.1,0.9
IC700 NED03,IC700 NED03,Galaxy,11.48788,20.5866,17.2,0.3
IC700 NED04,IC700 NED04,Galaxy,11.48797,20.5879,18.7,0.2
IC720 NED01,IC720 NED01,Galaxy,11.70619,8.7655,14.9,1.1
IC720 NED02,IC720 NED02,Galaxy,11.70621,8.7699,14.8,0.8
IC734 NED01,IC734 NED01,Galaxy,11.76771,-8.2710,15.8,0.9
IC734 NED02,IC734 NED02,Galaxy,11.76774,-8.2650,15.7,0.8
IC803 NED01,IC803 NED01,Galaxy,12.65996,16.5878,16.4,1.0
IC803 NED02,IC803 NED02,Galaxy,12.66042,16.5885,15.3,0.9
IC869 NED01,IC869 NED01,Galaxy,13.29166,20.6842,15.9,0.6
IC869 NED02,IC869 NED02,Galaxy,13.29212,20.6776,16.6,0.3
IC950 NED01,IC950 NED01,Galaxy,13.87379,14.4887,16.3,1.2
IC950 NED02,IC950 NED02,Galaxy,13.87409,14.4909,15.1,1.0
IC956 NED01,IC956 NED01,Galaxy,13.91119,20.7198,16.1,0.5
IC956 NED02,IC956 NED02,Galaxy,13.91127,20.7170,15.9,0.6
IC968 NED01,IC968 NED01,Galaxy,14.01017,-2.9091,15.3,0.7
IC968 NED02,IC968 NED02,Galaxy,14.01054,-2.9063,15.9,0.7
IC997 NED01,IC997 NED01,Galaxy,14.33312,-4.4512,14.3,1.4
IC997 NED02,IC997 NED02,Galaxy,14.33326,-4.4523,15.7,1.0
IC1008 NED01,IC1008 NED01,Galaxy,14.39507,28.3461,15.3,0.6
IC1008 NED02,IC1008 NED02,Galaxy,14.39532,28.3474,15.1,0.9
IC1015 NED01,IC1015 NED01,Galaxy,14.47191,15.4164,15.6,0.6
IC1015 NED02,IC1015 NED02,Galaxy,14.47214,15.4219,16.5,0.7
IC1015 NED03,IC1015 NED03,Galaxy,14.47202,15.4212,16.1,0.7
IC1094 NED01,IC1094 NED01,Galaxy,15.12828,14.6219,16.6,0.6
IC1094 NED02,IC1094 NED02,Galaxy,15.12839,14.6280,16.3,0.5
IC1094 NED03,IC1094 NED03,Galaxy,15.12850,14.6268,17.1,0.5
IC1119 NED01,IC1119 NED01,Galaxy,15.42893,-3.6539,16.5,0.5
IC1119 NED02,IC1119 NED02,Galaxy,15.42906,-3.6581,15.3,0.6
IC1165 NED01,IC1165 NED01,Galaxy,16.03556,15.6966,14.9,0.7
IC1165 NED02,IC1165 NED02,Galaxy,16.03573,15.6932,15.6,0.6
IC1166 NED01,IC1166 NED01,Galaxy,16.03581,26.3293,16.8,0.5
IC1166 NED02,IC1166 NED02,Galaxy,16.03579,26.3253,17.1,0.4
IC1191 NED01,IC1191 NED01,Galaxy,16.10805,18.2679,16.6,0.7
IC1191 NED02,IC1191 NED02,Galaxy,16.10825,18.2679,17.0,0.4
IC1259 NED01,IC1259 NED01,Galaxy,17.45686,58.5169,15.2,0.9
IC1259 NED02,IC1259 NED02,Galaxy,17.45744,58.5166,14.1,1.1
IC1261 NED01,IC1261 NED01,Galaxy,17.39059,71.2628,16.0,0.8
IC1261 NED02,IC1261 NED02,Galaxy,17.38913,71.2644,14.9,0.7
IC1281 NED01,IC1281 NED01,Galaxy,18.19389,35.9874,16.4,0.5
IC1281 NED02,IC1281 NED02,Galaxy,18.19393,35.9973,15.6,0.6
IC1365 NED01,IC1365 NED01,Galaxy,21.23220,2.5654,14.9,1.7
IC1365 NED02,IC1365 NED02,Galaxy,21.23185,2.5638,15.8,1.4
IC1420 NED01,IC1420 NED01,Galaxy,22.04203,19.7504,14.3,1.3
IC1420 NED02,IC1420 NED02,Galaxy,22.04230,19.7501,15.0,0.9
IC1433 NED01,IC1433 NED01,Galaxy,22.20296,-12.7656,15.6,0.8
IC1433 NED02,IC1433 NED02,Galaxy,22.20274,-12.7656,,0.2
IC1433 NED03,IC1433 NED03,Galaxy,22.20256,-12.7631,17.7,0.2
IC1510 NED01,IC1510 NED01,Galaxy,23.84236,2.0747,16.1,0.5
IC1510 NED02,IC1510 NED02,Galaxy,23.84251,2.0724,15.2,0.7
IC1817 NED01,IC1817 NED01,Galaxy,2.56378,11.2033,16.4,0.5
IC1817 NED02,IC1817 NED02,Galaxy,2.56411,11.2035,15.2,0.7
IC1821 NED01,IC1821 NED01,Galaxy,2.60706,13.7802,15.7,0.7
IC1821 NED02,IC1821 NED02,Galaxy,2.60742,13.7789,,0.3
IC1903 NED01,IC1903 NED01,Galaxy,3.21904,-50.5626,17.3,0.5
IC1903 NED02,IC1903 NED02,Galaxy,3.22015,-50.5778,16.6,0.7
IC1923 NED01,IC1923 NED01,Galaxy,3.41470,-50.5556,17.6,0.3
IC1923 NED02,IC1923 NED02,Star,3.41438,-50.5557,,
IC1942 NED01,IC1942 NED01,Galaxy,3.46465,-52.6775,17.3,0.4
IC1942 NED02,IC1942 NED02,Galaxy,3.46498,-52.6758,15.4,0.9
IC1987 NED01,IC1987 NED01,Galaxy,3.66936,-55.0549,16.5,0.6
IC1987 NED02,IC1987 NED02,Galaxy,3.66987,-55.0591,15.9,0.8
IC1987 NED03,IC1987 NED03,Galaxy,3.67001,-55.0534,16.4,0.8
IC1987 NED04,IC1987 NED04,Galaxy,3.67006,-55.0563,,0.2
IC2012 NED01,IC2012 NED01,Galaxy,3.88202,-58.6496,16.3,0.5
IC2082 NED01,IC2082 NED01,Galaxy,4.48561,-53.8279,12.8,1.2
IC2082 NED02,IC2082 NED02,Galaxy,4.48528,-53.8267,13.8,1.0
IC2153 NED01,IC2153 NED01,Galaxy,6.00117,-33.9201,14.3,1.1
IC2153 NED02,IC2153 NED02,Galaxy,6.00151,-33.9182,14.3,1.1
IC2184 NED01,IC2184 NED01,Galaxy,7.49004,72.1279,14.3,0.9
IC2184 NED02,IC2184 NED02,Galaxy,7.49084,72.1310,14.0,0.7
IC2308 NED01,IC2308 NED01,Galaxy,8.34579,19.3622,17.1,0.3
IC2312 NED01,IC2312 NED01,Galaxy,8.34813,18.5085,16.7,0.4
IC2312 NED02,IC2312 NED02,Galaxy,8.34821,18.5124,18.2,0.2
IC2431 NED01,IC2431 NED01,Galaxy,9.07627,14.5979,17.5,0.0
IC2431 NED02,Browning,Galaxy,9.07631,14.5958,14.0,0.6
IC2431 NED03,IC2431 NED03,Galaxy,9.07634,14.5934,,0.5
IC2431 NED04,IC2431 NED04,Galaxy,9.07651,14.5951,17.4,0.3
IC2441 NED01,IC2441 NED01,Galaxy,9.16717,22.8551,15.3,0.6
IC2441 NED02,IC2441 NED02,Galaxy,9.16747,22.8518,15.8,0.7
IC2543 NED01,IC2543 NED01,Galaxy,10.13988,37.8415,15.7,0.7
IC2543 NED02,IC2543 NED02,Galaxy,10.13999,37.8442,17.5,0.2
IC2722 NED01,IC2722 NED01,Galaxy,11.32887,13.9639,16.1,0.7
IC2722 NED03,IC2722 NED03,Galaxy,11.32899,13.9629,17.1,0.1
IC2793 NED01,IC2793 NED01,Galaxy,11.39647,9.4513,17.6,0.3
IC2793 NED02,IC2793 NED02,Galaxy,11.39654,9.4484,17.7,0.4
IC2796 NED01,IC2796 NED01,Galaxy,11.40233,9.3457,17.4,0.5
IC2796 NED02,IC2796 NED02,Galaxy,11.40234,9.3429,18.2,0.4
IC2873 NED01,IC2873 NED01,Galaxy,11.49096,13.2157,17.4,0.4
IC2873 NED02,IC2873 NED02,Galaxy,11.49101,13.2201,15.1,0.8
IC2893 NED01,IC2893 NED01,Galaxy,11.51478,13.3920,17.8,0.1
IC2893 NED02,IC2893 NED02,Galaxy,11.51485,13.3899,16.0,0.5
IC2945 NED01,IC2945 NED01,Galaxy,11.61786,12.9264,15.2,1.0
IC3055 NED01,IC3055 NED01,Galaxy,12.23941,12.0906,17.5,0.5
IC3055 NED02,IC3055 NED02,Galaxy,12.23947,12.0919,,0.1
IC3055 NED03,IC3055 NED03,Galaxy,12.23961,12.0916,16.5,0.4
IC3121 NED01,IC3121 NED01,Galaxy,12.30491,13.2564,17.3,0.5
IC3121 NED02,IC3121 NED02,Galaxy,12.30482,13.2583,17.5,0.5
IC3138 NED01,IC3138 NED01,Galaxy,12.31560,12.4453,16.5,0.4
IC3138 NED02,IC3138 NED02,Galaxy,12.31561,12.4421,,0.2
IC3142 NED01,IC3142 NED01,Galaxy,12.31722,13.9824,15.4,0.7
IC3142 NED02,IC3142 NED02,Galaxy,12.31810,13.9805,15.2,0.9
IC3147 NED01,IC3147 NED01,Galaxy,12.32144,12.0162,16.1,0.7
IC3147 NED02,IC3147 NED02,Galaxy,12.32185,12.0182,16.2,0.5
IC3278 NED01,IC3278 NED01,Galaxy,12.40399,27.4235,17.7,0.4
IC3278 NED02,IC3278 NED02,Galaxy,12.40418,27.4232,16.7,0.5
IC3278 NED03,IC3278 NED03,Galaxy,12.40429,27.4185,16.8,0.4
IC3367 NED01,IC3367 NED01,Galaxy,12.45280,26.9574,15.9,0.7
IC3557 NED01,IC3557 NED01,Galaxy,12.60226,16.6415,16.0,0.9
IC3557 NED02,IC3557 NED02,Galaxy,12.60234,16.6406,17.6,0.1
IC3705 NED01,IC3705 NED01,Galaxy,12.72820,19.3270,17.3,0.4
IC3705 NED02,IC3705 NED02,Galaxy,12.72820,19.3231,17.6,0.4
IC3800 NED01,IC3800 NED01,Galaxy,12.80734,36.5759,18.3,0.3
IC3800 NED02,IC3800 NED02,Galaxy,12.80757,36.5754,16.6,0.5
IC3848 NED01,IC3848 NED01,Galaxy,12.87778,21.4167,17.6,0.6
IC3848 NED02,IC3848 NED02,Galaxy,12.87794,21.4146,16.6,0.7
IC3866 NED01,IC3866 NED01,Galaxy,12.90416,22.3596,17.7,0.3
IC3866 NED02,IC3866 NED02,Galaxy,12.90431,22.3643,16.9,0.3
IC3905 NED01,IC3905 NED01,Galaxy,12.93555,19.8559,19.1,0.2
IC3905 NED02,IC3905 NED02,Galaxy,12.93572,19.8532,17.0,0.5
IC3905 NED03,IC3905 NED03,Galaxy,12.93591,19.8467,,0.1
IC3911 NED01,IC3911 NED01,Galaxy,12.93589,35.6367,16.2,0.6
IC3911 NED02,IC3911 NED02,Galaxy,12.93600,35.6397,18.4,0.5
IC3969 NED01,IC3969 NED01,Galaxy,12.99242,19.6531,17.2,0.7
IC3969 NED02,IC3969 NED02,Galaxy,12.99240,19.6476,18.6,0.3
IC3969 NED03,IC3969 NED03,Galaxy,12.99270,19.6547,19.5,0.2
IC4035 NED01,IC4035 NED01,Galaxy,13.00464,40.2996,16.9,0.5
IC4035 NED02,IC4035 NED02,Galaxy,13.00500,40.3024,18.8,0.6
IC4061 NED01,IC4061 NED01,Galaxy,13.01594,39.5831,16.0,0.4
IC4061 NED02,IC4061 NED02,Galaxy,13.01614,39.5839,17.0,0.5
IC4080 NED01,IC4080 NED01,Galaxy,13.03270,19.2533,17.3,0.8
IC4080 NED02,IC4080 NED02,Galaxy,13.03285,19.2559,18.7,0.2
IC4151 NED01,IC4151 NED01,Galaxy,13.06641,36.8580,17.6,0.5
IC4151 NED02,IC4151 NED02,Galaxy,13.06648,36.8584,18.0,0.3
IC4169 NED01,IC4169 NED01,Galaxy,13.08667,38.7707,19.1,0.1
IC4169 NED02,IC4169 NED02,Galaxy,13.08681,38.7736,16.4,0.5
IC4170 NED01,IC4170 NED01,Galaxy,13.09305,21.1349,12.7,0.5
IC4170 NED02,IC4170 NED02,Galaxy,13.09313,21.1297,18.9,0.3
IC4185 NED01,IC4185 NED01,Galaxy,13.10349,21.7692,16.6,0.6
IC4185 NED02,IC4185 NED02,Galaxy,13.10355,21.7759,18.0,0.3
IC4271 NED01,IC4271 NED01,Galaxy,13.48929,37.4140,15.3,0.9
IC4271 NED02,IC4271 NED02,Galaxy,13.48925,37.4097,15.0,0.3
IC4287 NED01,IC4287 NED01,Galaxy,13.54416,25.4411,15.3,1.0
IC4287 NED02,IC4287 NED02,Galaxy,13.54435,25.4402,,0.2
IC4473 NED01,IC4473 NED01,Galaxy,14.63178,15.8607,16.0,0.7
IC4473 NED02,IC4473 NED02,Galaxy,14.63168,15.8637,15.4,0.9
IC4473 NED03,IC4473 NED03,Galaxy,14.63173,15.8702,,0.1
IC4759 NED01,IC4759 NED01,Galaxy,18.76131,-63.0848,17.3,0.6
IC4759 NED02,IC4759 NED02,Galaxy,18.76147,-63.0870,15.4,0.9
IC4974 NED01,IC4974 NED01,Galaxy,20.25726,-61.8577,14.4,0.8
IC4974 NED02,IC4974 NED02,Galaxy,20.25749,-61.8631,,0.7
IC5289 NED01,IC5289 NED01,Galaxy,23.18811,-32.4560,,0.4
IC5289 NED02,IC5289 NED02,Galaxy,23.18814,-32.4519,15.4,1.1
IC5336 NED01,IC5336 NED01,Galaxy,23.60520,21.0995,16.0,0.5
IC5336 NED02,IC5336 NED02,Galaxy,23.60568,21.0967,15.6,0.6
IC5349 NED01,IC5349 NED01,Galaxy,23.77297,-28.0060,15.3,1.0
IC5349 NED02,IC5349 NED02,Galaxy,23.77308,-28.0033,15.0,1.0
IC5364 NED01,IC5364 NED01,Galaxy,23.93998,-29.0237,14.3,1.1
IC5364 NED02,IC5364 NED02,Galaxy,23.94034,-29.0234,14.4,1.0
IC5378 NED01,IC5378 NED01,Galaxy,0.04386,16.6438,15.1,0.6
IC5378 NED02,IC5378 NED02,Galaxy,0.04381,16.6522,16.8,0.6
